#
# A fatal error has been detected by the Java Runtime Environment:
#
#  EXCEPTION_ACCESS_VIOLATION (0xc0000005) at pc=0x00007ff86986a0e0, pid=21004, tid=18124
#
# JRE version: OpenJDK Runtime Environment (21.0.8) (build 21.0.8+-14196175-b1038.72)
# Java VM: OpenJDK 64-Bit Server VM (21.0.8+-14196175-b1038.72, mixed mode, tiered, compressed oops, compressed class ptrs, g1 gc, windows-amd64)
# Problematic frame:
# V  [jvm.dll+0xa0e0]
#
# No core dump will be written. Minidumps are not enabled by default on client versions of Windows
#
# If you would like to submit a bug report, please visit:
#   https://youtrack.jetbrains.com/issues/JBR
#

---------------  S U M M A R Y ------------

Command Line: --add-opens=java.base/java.lang=ALL-UNNAMED --add-opens=java.base/java.lang.invoke=ALL-UNNAMED --add-opens=java.base/java.util=ALL-UNNAMED --add-opens=java.prefs/java.util.prefs=ALL-UNNAMED --add-exports=jdk.compiler/com.sun.tools.javac.api=ALL-UNNAMED --add-exports=jdk.compiler/com.sun.tools.javac.util=ALL-UNNAMED --add-opens=java.base/java.util=ALL-UNNAMED --add-opens=java.prefs/java.util.prefs=ALL-UNNAMED --add-opens=java.base/java.nio.charset=ALL-UNNAMED --add-opens=java.base/java.net=ALL-UNNAMED --add-opens=java.base/java.util.concurrent.atomic=ALL-UNNAMED --add-opens=java.xml/javax.xml.namespace=ALL-UNNAMED -Xmx4096m -Dfile.encoding=UTF-8 -Duser.country=CN -Duser.language=zh -Duser.variant -javaagent:C:\Users\dkzwyly\.gradle\wrapper\dists\gradle-8.13-bin\1kt5c3xenhkoz43mf8y2z09rz\gradle-8.13\lib\agents\gradle-instrumentation-agent-8.13.jar org.gradle.launcher.daemon.bootstrap.GradleDaemon 8.13

Host: AMD Ryzen 9 9950X 16-Core Processor            , 32 cores, 61G,  Windows 11 , 64 bit Build 26100 (10.0.26100.8521)
Time: Thu Jun 25 03:36:48 2026 elapsed time: 8749.124177 seconds (0d 2h 25m 49s)

---------------  T H R E A D  ---------------

Current thread (0x00000203c7416970):  JavaThread "Daemon worker Thread 25"        [_thread_in_vm, id=18124, stack(0x0000001db6400000,0x0000001db6500000) (1024K)]

Stack: [0x0000001db6400000,0x0000001db6500000],  sp=0x0000001db64f8f78,  free space=995k
Native frames: (J=compiled Java code, j=interpreted, Vv=VM code, C=native code)
V  [jvm.dll+0xa0e0]

Java frames: (J=compiled Java code, j=interpreted, Vv=VM code)
J 2759  java.lang.Class.getDeclaredMethods0(Z)[Ljava/lang/reflect/Method; java.base@21.0.8 (0 bytes) @ 0x000002038adb9213 [0x000002038adb91c0+0x0000000000000053]
J 88980 c2 java.lang.Class.privateGetDeclaredMethods(Z)[Ljava/lang/reflect/Method; java.base@21.0.8 (64 bytes) @ 0x000002038c6fd878 [0x000002038c6fd780+0x00000000000000f8]
J 53473 c1 java.lang.Class.getDeclaredMethods()[Ljava/lang/reflect/Method; java.base@21.0.8 (27 bytes) @ 0x000002038439812c [0x00000203843980c0+0x000000000000006c]
J 53471 c1 org.gradle.internal.reflect.ClassInspector.inspectClass(Ljava/lang/Class;Lorg/gradle/internal/reflect/MutableClassDetails;)V (179 bytes) @ 0x0000020384242d84 [0x0000020384242d20+0x0000000000000064]
J 79691 c1 org.gradle.internal.reflect.ClassInspector.visitGraph(Ljava/lang/Class;Lorg/gradle/internal/reflect/MutableClassDetails;)V (98 bytes) @ 0x00000203833da04c [0x00000203833d8f60+0x00000000000010ec]
J 91487 c1 org.gradle.internal.reflect.ClassInspector.inspect(Ljava/lang/Class;)Lorg/gradle/internal/reflect/ClassDetails; (16 bytes) @ 0x0000020383162fbc [0x0000020383162ec0+0x00000000000000fc]
j  org.gradle.internal.instantiation.generator.AbstractClassGenerator.inspectType(Ljava/lang/Class;Ljava/util/List;Ljava/util/List;Lorg/gradle/internal/instantiation/generator/AbstractClassGenerator$UnclaimedPropertyHandler;)V+1
j  org.gradle.internal.instantiation.generator.AbstractClassGenerator.generateUnderLock(Ljava/lang/Class;)Lorg/gradle/internal/instantiation/generator/AbstractClassGenerator$GeneratedClassImpl;+363
j  org.gradle.internal.instantiation.generator.AbstractClassGenerator$$Lambda+0x00000008002b43e8.apply(Ljava/lang/Object;)Ljava/lang/Object;+8
J 21010 c2 org.gradle.cache.internal.DefaultCrossBuildInMemoryCacheFactory$AbstractCrossBuildInMemoryCache.get(Ljava/lang/Object;Ljava/util/function/Function;)Ljava/lang/Object; (65 bytes) @ 0x000002038b9a230c [0x000002038b9a2080+0x000000000000028c]
j  org.gradle.internal.instantiation.generator.AbstractClassGenerator.generate(Ljava/lang/Class;)Lorg/gradle/internal/instantiation/generator/ClassGenerator$GeneratedClass;+12
j  org.gradle.internal.instantiation.generator.AsmBackedClassGenerator.generate(Ljava/lang/Class;)Lorg/gradle/internal/instantiation/generator/ClassGenerator$GeneratedClass;+2
j  org.gradle.internal.instantiation.generator.Jsr330ConstructorSelector.lambda$forType$0(Ljava/lang/Class;)Lorg/gradle/internal/instantiation/generator/Jsr330ConstructorSelector$CachedConstructor;+9
j  org.gradle.internal.instantiation.generator.Jsr330ConstructorSelector$$Lambda+0x00000008002ce5f8.get()Ljava/lang/Object;+8
J 10646 c1 org.gradle.cache.Cache$$Lambda+0x000000080020cc10.apply(Ljava/lang/Object;)Ljava/lang/Object; (9 bytes) @ 0x00000203843e3f0c [0x00000203843e3dc0+0x000000000000014c]
J 21010 c2 org.gradle.cache.internal.DefaultCrossBuildInMemoryCacheFactory$AbstractCrossBuildInMemoryCache.get(Ljava/lang/Object;Ljava/util/function/Function;)Ljava/lang/Object; (65 bytes) @ 0x000002038b9a230c [0x000002038b9a2080+0x000000000000028c]
J 52098 c2 org.gradle.internal.instantiation.generator.DependencyInjectingInstantiator.newInstance(Ljava/lang/Class;[Ljava/lang/Object;)Ljava/lang/Object; (8 bytes) @ 0x000002038c40ee0c [0x000002038c40ecc0+0x000000000000014c]
J 56759 c1 com.android.build.gradle.internal.services.BaseServicesImpl.newInstance(Ljava/lang/Class;[Ljava/lang/Object;)Ljava/lang/Object; (32 bytes) @ 0x00000203851ae454 [0x00000203851adce0+0x0000000000000774]
j  com.android.build.gradle.internal.lint.VariantInputs.initialize(Lorg/gradle/api/Task;Lcom/android/build/gradle/internal/component/VariantCreationConfig;Lcom/android/build/gradle/internal/component/HostTestCreationConfig;Lcom/android/build/gradle/internal/component/DeviceTestCreationConfig;Lcom/android/build/gradle/internal/component/TestFixturesCreationConfig;Lcom/android/build/gradle/internal/services/TaskCreationServices;Ljava/lang/String;ZZLcom/android/build/gradle/internal/lint/LintMode;ZZZZ)V+75
j  com.android.build.gradle.internal.lint.AndroidLintAnalysisTask$PerComponentCreationAction.configure(Lcom/android/build/gradle/internal/lint/AndroidLintAnalysisTask;)V+388
j  com.android.build.gradle.internal.lint.AndroidLintAnalysisTask$PerComponentCreationAction.configure(Lorg/gradle/api/Task;)V+5
J 71975 c1 com.android.build.gradle.internal.tasks.factory.TaskConfigurationActions.execute(Lorg/gradle/api/Task;)V (56 bytes) @ 0x0000020385f74d7c [0x0000020385f74980+0x00000000000003fc]
J 71974 c1 com.android.build.gradle.internal.tasks.factory.TaskConfigurationActions.execute(Ljava/lang/Object;)V (9 bytes) @ 0x0000020385f75844 [0x0000020385f756c0+0x0000000000000184]
J 64490 c2 org.gradle.api.internal.DefaultMutationGuard$1.execute(Ljava/lang/Object;)V (67 bytes) @ 0x000002038c8feb40 [0x000002038c8fe9a0+0x00000000000001a0]
J 64490 c2 org.gradle.api.internal.DefaultMutationGuard$1.execute(Ljava/lang/Object;)V (67 bytes) @ 0x000002038c8feb40 [0x000002038c8fe9a0+0x00000000000001a0]
J 66116 c2 org.gradle.api.internal.DefaultCollectionCallbackActionDecorator$BuildOperationEmittingAction$1.run(Lorg/gradle/internal/operations/BuildOperationContext;)V (26 bytes) @ 0x000002038af44d04 [0x000002038af44b60+0x00000000000001a4]
J 21720 c2 org.gradle.internal.operations.DefaultBuildOperationRunner$1.execute(Lorg/gradle/internal/operations/BuildOperation;Lorg/gradle/internal/operations/BuildOperationContext;)V (10 bytes) @ 0x000002038ba6f094 [0x000002038ba6f020+0x0000000000000074]
J 33028 c2 org.gradle.internal.operations.DefaultBuildOperationRunner$2.execute(Lorg/gradle/internal/operations/BuildOperationDescriptor;Lorg/gradle/internal/operations/BuildOperationState;Lorg/gradle/internal/operations/BuildOperationState;Lorg/gradle/internal/operations/DefaultBuildOperationRunner$ReadableBuildOperationContext;Lorg/gradle/internal/operations/DefaultBuildOperationRunner$BuildOperationExecutionListener;)Lorg/gradle/internal/operations/BuildOperation; (110 bytes) @ 0x000002038c0cd6e8 [0x000002038c0cd420+0x00000000000002c8]
J 38211 c2 org.gradle.internal.operations.DefaultBuildOperationRunner.execute(Lorg/gradle/internal/operations/BuildOperationDescriptor$Builder;Lorg/gradle/internal/operations/BuildOperationState;Lorg/gradle/internal/operations/DefaultBuildOperationRunner$BuildOperationExecution;)Ljava/lang/Object; (147 bytes) @ 0x000002038c3acde4 [0x000002038c3ac5e0+0x0000000000000804]
J 66117 c2 org.gradle.api.internal.DefaultCollectionCallbackActionDecorator$BuildOperationEmittingAction.execute(Ljava/lang/Object;)V (26 bytes) @ 0x000002038b751924 [0x000002038b751620+0x0000000000000304]
J 71967 c2 org.gradle.internal.ImmutableActionSet$SetWithManyActions.execute(Ljava/lang/Object;)V (38 bytes) @ 0x000002038ced8430 [0x000002038ced82e0+0x0000000000000150]
J 89466 c2 org.gradle.api.internal.DefaultNamedDomainObjectCollection.doAdd(Ljava/lang/Object;Lorg/gradle/api/Action;)Z (63 bytes) @ 0x000002038b062d6c [0x000002038b062840+0x000000000000052c]
J 65559 c1 org.gradle.api.internal.DefaultNamedDomainObjectCollection$AbstractDomainObjectCreatingProvider.tryCreate()V (181 bytes) @ 0x00000203866db874 [0x00000203866db040+0x0000000000000834]
J 65698 c1 org.gradle.api.internal.tasks.DefaultTaskContainer$TaskCreatingProvider$1.run(Lorg/gradle/internal/operations/BuildOperationContext;)V (41 bytes) @ 0x0000020383108ccc [0x0000020383108c00+0x00000000000000cc]
J 21720 c2 org.gradle.internal.operations.DefaultBuildOperationRunner$1.execute(Lorg/gradle/internal/operations/BuildOperation;Lorg/gradle/internal/operations/BuildOperationContext;)V (10 bytes) @ 0x000002038ba6f094 [0x000002038ba6f020+0x0000000000000074]
J 33028 c2 org.gradle.internal.operations.DefaultBuildOperationRunner$2.execute(Lorg/gradle/internal/operations/BuildOperationDescriptor;Lorg/gradle/internal/operations/BuildOperationState;Lorg/gradle/internal/operations/BuildOperationState;Lorg/gradle/internal/operations/DefaultBuildOperationRunner$ReadableBuildOperationContext;Lorg/gradle/internal/operations/DefaultBuildOperationRunner$BuildOperationExecutionListener;)Lorg/gradle/internal/operations/BuildOperation; (110 bytes) @ 0x000002038c0cd6e8 [0x000002038c0cd420+0x00000000000002c8]
J 38211 c2 org.gradle.internal.operations.DefaultBuildOperationRunner.execute(Lorg/gradle/internal/operations/BuildOperationDescriptor$Builder;Lorg/gradle/internal/operations/BuildOperationState;Lorg/gradle/internal/operations/DefaultBuildOperationRunner$BuildOperationExecution;)Ljava/lang/Object; (147 bytes) @ 0x000002038c3acde4 [0x000002038c3ac5e0+0x0000000000000804]
J 93275 c2 org.gradle.api.internal.DefaultNamedDomainObjectCollection$AbstractDomainObjectCreatingProvider.calculateOwnValue(Lorg/gradle/api/internal/provider/ValueSupplier$ValueConsumer;)Lorg/gradle/api/internal/provider/ValueSupplier$Value; (71 bytes) @ 0x000002038cf4d944 [0x000002038cf4c200+0x0000000000001744]
J 21840 c2 org.gradle.api.internal.provider.AbstractMinimalProvider.calculateValue(Lorg/gradle/api/internal/provider/ValueSupplier$ValueConsumer;)Lorg/gradle/api/internal/provider/ValueSupplier$Value; (15 bytes) @ 0x000002038ba81a6c [0x000002038ba81a20+0x000000000000004c]
J 80364 c1 org.gradle.api.internal.provider.FlatMapProvider.getProducer()Lorg/gradle/api/internal/provider/ValueSupplier$ValueProducer; (53 bytes) @ 0x0000020384eb911c [0x0000020384eb8c20+0x00000000000004fc]
J 66134 c1 org.gradle.api.internal.provider.TransformBackedProvider.getProducer()Lorg/gradle/api/internal/provider/ValueSupplier$ValueProducer; (49 bytes) @ 0x0000020383a87474 [0x0000020383a86fc0+0x00000000000004b4]
J 88807 c2 org.gradle.api.internal.provider.AbstractProperty.getProducer()Lorg/gradle/api/internal/provider/ValueSupplier$ValueProducer; (66 bytes) @ 0x000002038c4db790 [0x000002038c4db4c0+0x00000000000002d0]
J 88807 c2 org.gradle.api.internal.provider.AbstractProperty.getProducer()Lorg/gradle/api/internal/provider/ValueSupplier$ValueProducer; (66 bytes) @ 0x000002038c4db790 [0x000002038c4db4c0+0x00000000000002d0]
J 88807 c2 org.gradle.api.internal.provider.AbstractProperty.getProducer()Lorg/gradle/api/internal/provider/ValueSupplier$ValueProducer; (66 bytes) @ 0x000002038c4db790 [0x000002038c4db4c0+0x00000000000002d0]
J 68672 c1 org.gradle.api.internal.file.collections.ProviderBackedFileCollection.visitDependencies(Lorg/gradle/api/internal/tasks/TaskDependencyResolveContext;)V (76 bytes) @ 0x0000020383fcdccc [0x0000020383fcdba0+0x000000000000012c]
J 71981 c2 org.gradle.internal.graph.CachingDirectedGraphWalker.doSearch()Ljava/util/Set; (662 bytes) @ 0x000002038cf3db80 [0x000002038cf3bf00+0x0000000000001c80]
J 93200 c2 org.gradle.api.internal.tasks.CachingTaskDependencyResolveContext.getDependencies(Lorg/gradle/api/Task;Ljava/lang/Object;)Ljava/util/Set; (111 bytes) @ 0x000002038b000e88 [0x000002038b000cc0+0x00000000000001c8]
J 86870 c1 org.gradle.execution.plan.LocalTaskNode.resolveDependencies(Lorg/gradle/execution/plan/TaskDependencyResolver;)V (229 bytes) @ 0x000002038390bdbc [0x000002038390b5e0+0x00000000000007dc]
j  org.gradle.execution.plan.DefaultExecutionPlan.discoverNodeRelationships(Ljava/util/LinkedList;)V+115
j  org.gradle.execution.plan.DefaultExecutionPlan.doAddEntryNodes(Ljava/util/SortedSet;I)V+91
j  org.gradle.execution.plan.DefaultExecutionPlan.addEntryTasks(Ljava/util/Collection;I)V+63
j  org.gradle.execution.plan.DefaultExecutionPlan.addEntryTasks(Ljava/util/Collection;)V+13
j  org.gradle.execution.TaskNameResolvingBuildTaskScheduler.scheduleRequestedTasks(Lorg/gradle/api/internal/GradleInternal;Lorg/gradle/execution/EntryTaskSelector;Lorg/gradle/execution/plan/ExecutionPlan;)V+130
j  org.gradle.execution.DefaultTasksBuildTaskScheduler.scheduleRequestedTasks(Lorg/gradle/api/internal/GradleInternal;Lorg/gradle/execution/EntryTaskSelector;Lorg/gradle/execution/plan/ExecutionPlan;)V+184
j  org.gradle.initialization.DefaultTaskExecutionPreparer.lambda$scheduleRequestedTasks$0(Lorg/gradle/api/internal/GradleInternal;Lorg/gradle/execution/EntryTaskSelector;Lorg/gradle/execution/plan/ExecutionPlan;)V+7
j  org.gradle.initialization.DefaultTaskExecutionPreparer$$Lambda+0x0000000801171cf0.run()V+16
J 71668 c1 org.gradle.internal.Factories$1.create()Ljava/lang/Object; (11 bytes) @ 0x000002038601d8d4 [0x000002038601d7c0+0x0000000000000114]
J 67182 c1 org.gradle.internal.work.DefaultWorkerLeaseService.withReplacedLocks(Ljava/util/Collection;Lorg/gradle/internal/resources/ResourceLock;Lorg/gradle/internal/Factory;)Ljava/lang/Object; (77 bytes) @ 0x0000020384326744 [0x00000203843263e0+0x0000000000000364]
j  org.gradle.api.internal.project.DefaultProjectStateRegistry$DefaultBuildProjectRegistry.withMutableStateOfAllProjects(Lorg/gradle/internal/Factory;)Ljava/lang/Object;+36
j  org.gradle.api.internal.project.DefaultProjectStateRegistry$DefaultBuildProjectRegistry.withMutableStateOfAllProjects(Ljava/lang/Runnable;)V+5
j  org.gradle.initialization.DefaultTaskExecutionPreparer.scheduleRequestedTasks(Lorg/gradle/api/internal/GradleInternal;Lorg/gradle/execution/EntryTaskSelector;Lorg/gradle/execution/plan/ExecutionPlan;)V+20
j  org.gradle.initialization.VintageBuildModelController.lambda$scheduleRequestedTasks$0(Lorg/gradle/execution/EntryTaskSelector;Lorg/gradle/execution/plan/ExecutionPlan;)V+10
j  org.gradle.initialization.VintageBuildModelController$$Lambda+0x0000000801171a98.run()V+12
j  org.gradle.internal.model.StateTransitionController.lambda$inState$1(Ljava/lang/Runnable;)Ljava/lang/Object;+1
j  org.gradle.internal.model.StateTransitionController$$Lambda+0x0000000800545910.get()Ljava/lang/Object;+4
j  org.gradle.internal.model.StateTransitionController.lambda$inState$2(Lorg/gradle/internal/model/StateTransitionController$State;Ljava/util/function/Supplier;)Ljava/lang/Object;+11
j  org.gradle.internal.model.StateTransitionController$$Lambda+0x0000000800545b68.create()Ljava/lang/Object;+12
J 22519 c1 org.gradle.internal.work.DefaultSynchronizer.withLock(Lorg/gradle/internal/Factory;)Ljava/lang/Object; (29 bytes) @ 0x00000203858c0cec [0x00000203858c0ba0+0x000000000000014c]
j  org.gradle.internal.model.StateTransitionController.inState(Lorg/gradle/internal/model/StateTransitionController$State;Ljava/util/function/Supplier;)Ljava/lang/Object;+12
j  org.gradle.internal.model.StateTransitionController.inState(Lorg/gradle/internal/model/StateTransitionController$State;Ljava/lang/Runnable;)V+8
j  org.gradle.initialization.VintageBuildModelController.scheduleRequestedTasks(Lorg/gradle/execution/EntryTaskSelector;Lorg/gradle/execution/plan/ExecutionPlan;)V+15
j  org.gradle.internal.build.DefaultBuildLifecycleController$DefaultWorkGraphBuilder.addRequestedTasks(Lorg/gradle/execution/EntryTaskSelector;)V+12
j  org.gradle.internal.buildtree.DefaultBuildTreeWorkPreparer.lambda$scheduleRequestedTasks$0(Lorg/gradle/execution/EntryTaskSelector;Lorg/gradle/internal/build/BuildLifecycleController$WorkGraphBuilder;)V+2
j  org.gradle.internal.buildtree.DefaultBuildTreeWorkPreparer$$Lambda+0x000000080116b000.accept(Ljava/lang/Object;)V+8
j  org.gradle.internal.build.DefaultBuildLifecycleController.lambda$populateWorkGraph$7(Ljava/util/function/Consumer;Lorg/gradle/execution/plan/ExecutionPlan;)V+10
j  org.gradle.internal.build.DefaultBuildLifecycleController$$Lambda+0x0000000801170e98.accept(Ljava/lang/Object;)V+12
j  org.gradle.internal.build.DefaultBuildWorkPreparer.populateWorkGraph(Lorg/gradle/api/internal/GradleInternal;Lorg/gradle/execution/plan/ExecutionPlan;Ljava/util/function/Consumer;)V+2
j  org.gradle.internal.build.BuildOperationFiringBuildWorkPreparer$PopulateWorkGraph.populateTaskGraph()V+16
j  org.gradle.internal.build.BuildOperationFiringBuildWorkPreparer$PopulateWorkGraph.run(Lorg/gradle/internal/operations/BuildOperationContext;)V+1
J 21720 c2 org.gradle.internal.operations.DefaultBuildOperationRunner$1.execute(Lorg/gradle/internal/operations/BuildOperation;Lorg/gradle/internal/operations/BuildOperationContext;)V (10 bytes) @ 0x000002038ba6f094 [0x000002038ba6f020+0x0000000000000074]
J 33028 c2 org.gradle.internal.operations.DefaultBuildOperationRunner$2.execute(Lorg/gradle/internal/operations/BuildOperationDescriptor;Lorg/gradle/internal/operations/BuildOperationState;Lorg/gradle/internal/operations/BuildOperationState;Lorg/gradle/internal/operations/DefaultBuildOperationRunner$ReadableBuildOperationContext;Lorg/gradle/internal/operations/DefaultBuildOperationRunner$BuildOperationExecutionListener;)Lorg/gradle/internal/operations/BuildOperation; (110 bytes) @ 0x000002038c0cd6e8 [0x000002038c0cd420+0x00000000000002c8]
J 38211 c2 org.gradle.internal.operations.DefaultBuildOperationRunner.execute(Lorg/gradle/internal/operations/BuildOperationDescriptor$Builder;Lorg/gradle/internal/operations/BuildOperationState;Lorg/gradle/internal/operations/DefaultBuildOperationRunner$BuildOperationExecution;)Ljava/lang/Object; (147 bytes) @ 0x000002038c3acde4 [0x000002038c3ac5e0+0x0000000000000804]
J 70795 c2 org.gradle.internal.operations.DefaultBuildOperationRunner.run(Lorg/gradle/internal/operations/RunnableBuildOperation;)V (13 bytes) @ 0x000002038cd6940c [0x000002038cd69280+0x000000000000018c]
j  org.gradle.internal.build.BuildOperationFiringBuildWorkPreparer.populateWorkGraph(Lorg/gradle/api/internal/GradleInternal;Lorg/gradle/execution/plan/ExecutionPlan;Ljava/util/function/Consumer;)V+22
j  org.gradle.internal.build.DefaultBuildLifecycleController.lambda$populateWorkGraph$8(Lorg/gradle/internal/build/DefaultBuildLifecycleController$DefaultBuildWorkPlan;Ljava/util/function/Consumer;)V+19
j  org.gradle.internal.build.DefaultBuildLifecycleController$$Lambda+0x0000000801170c40.run()V+12
j  org.gradle.internal.model.StateTransitionController.lambda$inState$1(Ljava/lang/Runnable;)Ljava/lang/Object;+1
j  org.gradle.internal.model.StateTransitionController$$Lambda+0x0000000800545910.get()Ljava/lang/Object;+4
j  org.gradle.internal.model.StateTransitionController.lambda$inState$2(Lorg/gradle/internal/model/StateTransitionController$State;Ljava/util/function/Supplier;)Ljava/lang/Object;+11
j  org.gradle.internal.model.StateTransitionController$$Lambda+0x0000000800545b68.create()Ljava/lang/Object;+12
J 22519 c1 org.gradle.internal.work.DefaultSynchronizer.withLock(Lorg/gradle/internal/Factory;)Ljava/lang/Object; (29 bytes) @ 0x00000203858c0cec [0x00000203858c0ba0+0x000000000000014c]
j  org.gradle.internal.model.StateTransitionController.inState(Lorg/gradle/internal/model/StateTransitionController$State;Ljava/util/function/Supplier;)Ljava/lang/Object;+12
j  org.gradle.internal.model.StateTransitionController.inState(Lorg/gradle/internal/model/StateTransitionController$State;Ljava/lang/Runnable;)V+8
j  org.gradle.internal.build.DefaultBuildLifecycleController.populateWorkGraph(Lorg/gradle/execution/plan/BuildWorkPlan;Ljava/util/function/Consumer;)V+27
j  org.gradle.internal.build.DefaultBuildWorkGraphController$DefaultBuildWorkGraph.populateWorkGraph(Ljava/util/function/Consumer;)V+26
j  org.gradle.composite.internal.DefaultBuildController.populateWorkGraph(Ljava/util/function/Consumer;)V+12
j  org.gradle.composite.internal.DefaultIncludedBuildTaskGraph$DefaultBuildTreeWorkGraphBuilder.withWorkGraph(Lorg/gradle/internal/build/BuildState;Ljava/util/function/Consumer;)V+6
j  org.gradle.internal.buildtree.DefaultBuildTreeWorkPreparer.lambda$scheduleRequestedTasks$1(Lorg/gradle/execution/EntryTaskSelector;Lorg/gradle/internal/buildtree/BuildTreeWorkGraph$Builder;)V+36
j  org.gradle.internal.buildtree.DefaultBuildTreeWorkPreparer$$Lambda+0x0000000801153540.accept(Ljava/lang/Object;)V+12
j  org.gradle.composite.internal.DefaultIncludedBuildTaskGraph$DefaultBuildTreeWorkGraph$1.run(Lorg/gradle/internal/operations/BuildOperationContext;)V+40
J 21720 c2 org.gradle.internal.operations.DefaultBuildOperationRunner$1.execute(Lorg/gradle/internal/operations/BuildOperation;Lorg/gradle/internal/operations/BuildOperationContext;)V (10 bytes) @ 0x000002038ba6f094 [0x000002038ba6f020+0x0000000000000074]
J 33028 c2 org.gradle.internal.operations.DefaultBuildOperationRunner$2.execute(Lorg/gradle/internal/operations/BuildOperationDescriptor;Lorg/gradle/internal/operations/BuildOperationState;Lorg/gradle/internal/operations/BuildOperationState;Lorg/gradle/internal/operations/DefaultBuildOperationRunner$ReadableBuildOperationContext;Lorg/gradle/internal/operations/DefaultBuildOperationRunner$BuildOperationExecutionListener;)Lorg/gradle/internal/operations/BuildOperation; (110 bytes) @ 0x000002038c0cd6e8 [0x000002038c0cd420+0x00000000000002c8]
J 38211 c2 org.gradle.internal.operations.DefaultBuildOperationRunner.execute(Lorg/gradle/internal/operations/BuildOperationDescriptor$Builder;Lorg/gradle/internal/operations/BuildOperationState;Lorg/gradle/internal/operations/DefaultBuildOperationRunner$BuildOperationExecution;)Ljava/lang/Object; (147 bytes) @ 0x000002038c3acde4 [0x000002038c3ac5e0+0x0000000000000804]
J 70795 c2 org.gradle.internal.operations.DefaultBuildOperationRunner.run(Lorg/gradle/internal/operations/RunnableBuildOperation;)V (13 bytes) @ 0x000002038cd6940c [0x000002038cd69280+0x000000000000018c]
j  org.gradle.composite.internal.DefaultIncludedBuildTaskGraph$DefaultBuildTreeWorkGraph.scheduleWork(Ljava/util/function/Consumer;)Lorg/gradle/internal/buildtree/BuildTreeWorkGraph$FinalizedGraph;+34
j  org.gradle.internal.buildtree.DefaultBuildTreeWorkPreparer.scheduleRequestedTasks(Lorg/gradle/internal/buildtree/BuildTreeWorkGraph;Lorg/gradle/execution/EntryTaskSelector;)Lorg/gradle/internal/buildtree/BuildTreeWorkGraph$FinalizedGraph;+17
j  org.gradle.internal.cc.impl.VintageBuildTreeWorkController$scheduleAndRunRequestedTasks$1.apply(Lorg/gradle/internal/buildtree/BuildTreeWorkGraph;)Lorg/gradle/internal/build/ExecutionResult;+18
j  org.gradle.internal.cc.impl.VintageBuildTreeWorkController$scheduleAndRunRequestedTasks$1.apply(Ljava/lang/Object;)Ljava/lang/Object;+5
j  org.gradle.composite.internal.DefaultIncludedBuildTaskGraph.withNewWorkGraph(Ljava/util/function/Function;)Ljava/lang/Object;+30
j  org.gradle.internal.cc.impl.VintageBuildTreeWorkController.scheduleAndRunRequestedTasks(Lorg/gradle/execution/EntryTaskSelector;)Lorg/gradle/internal/build/ExecutionResult;+16
j  org.gradle.internal.buildtree.DefaultBuildTreeLifecycleController.lambda$scheduleAndRunTasks$1(Lorg/gradle/execution/EntryTaskSelector;)Lorg/gradle/internal/build/ExecutionResult;+5
j  org.gradle.internal.buildtree.DefaultBuildTreeLifecycleController$$Lambda+0x00000008015f5af8.get()Ljava/lang/Object;+8
j  org.gradle.internal.buildtree.DefaultBuildTreeLifecycleController.lambda$runBuild$4(Ljava/util/function/Supplier;)Ljava/lang/Object;+1
j  org.gradle.internal.buildtree.DefaultBuildTreeLifecycleController$$Lambda+0x00000008005844d0.get()Ljava/lang/Object;+8
j  org.gradle.internal.model.StateTransitionController.lambda$transition$6(Ljava/util/function/Supplier;)Lorg/gradle/internal/build/ExecutionResult;+1
j  org.gradle.internal.model.StateTransitionController$$Lambda+0x0000000800584980.get()Ljava/lang/Object;+4
J 93028 c1 org.gradle.internal.model.StateTransitionController.doTransition(Lorg/gradle/internal/model/StateTransitionController$State;Lorg/gradle/internal/model/StateTransitionController$State;Ljava/util/function/Supplier;)Lorg/gradle/internal/build/ExecutionResult; (90 bytes) @ 0x0000020384207284 [0x0000020384206d00+0x0000000000000584]
j  org.gradle.internal.model.StateTransitionController.lambda$transition$7(Lorg/gradle/internal/model/StateTransitionController$State;Lorg/gradle/internal/model/StateTransitionController$State;Ljava/util/function/Supplier;)Ljava/lang/Object;+9
j  org.gradle.internal.model.StateTransitionController$$Lambda+0x0000000800584728.create()Ljava/lang/Object;+16
J 22519 c1 org.gradle.internal.work.DefaultSynchronizer.withLock(Lorg/gradle/internal/Factory;)Ljava/lang/Object; (29 bytes) @ 0x00000203858c0cec [0x00000203858c0ba0+0x000000000000014c]
j  org.gradle.internal.model.StateTransitionController.transition(Lorg/gradle/internal/model/StateTransitionController$State;Lorg/gradle/internal/model/StateTransitionController$State;Ljava/util/function/Supplier;)Ljava/lang/Object;+13
j  org.gradle.internal.buildtree.DefaultBuildTreeLifecycleController.runBuild(Ljava/util/function/Supplier;)Ljava/lang/Object;+17
j  org.gradle.internal.buildtree.DefaultBuildTreeLifecycleController.scheduleAndRunTasks(Lorg/gradle/execution/EntryTaskSelector;)V+8
j  org.gradle.internal.buildtree.DefaultBuildTreeLifecycleController.scheduleAndRunTasks()V+2
j  org.gradle.tooling.internal.provider.runner.BuildModelActionRunner.run(Lorg/gradle/internal/invocation/BuildAction;Lorg/gradle/internal/buildtree/BuildTreeLifecycleController;)Lorg/gradle/internal/buildtree/BuildActionRunner$Result;+65
j  org.gradle.launcher.exec.ChainingBuildActionRunner.run(Lorg/gradle/internal/invocation/BuildAction;Lorg/gradle/internal/buildtree/BuildTreeLifecycleController;)Lorg/gradle/internal/buildtree/BuildActionRunner$Result;+34
j  org.gradle.internal.buildtree.ProblemReportingBuildActionRunner.run(Lorg/gradle/internal/invocation/BuildAction;Lorg/gradle/internal/buildtree/BuildTreeLifecycleController;)Lorg/gradle/internal/buildtree/BuildActionRunner$Result;+12
j  org.gradle.launcher.exec.BuildOutcomeReportingBuildActionRunner.run(Lorg/gradle/internal/invocation/BuildAction;Lorg/gradle/internal/buildtree/BuildTreeLifecycleController;)Lorg/gradle/internal/buildtree/BuildActionRunner$Result;+69
j  org.gradle.tooling.internal.provider.FileSystemWatchingBuildActionRunner.run(Lorg/gradle/internal/invocation/BuildAction;Lorg/gradle/internal/buildtree/BuildTreeLifecycleController;)Lorg/gradle/internal/buildtree/BuildActionRunner$Result;+317
j  org.gradle.launcher.exec.BuildCompletionNotifyingBuildActionRunner.run(Lorg/gradle/internal/invocation/BuildAction;Lorg/gradle/internal/buildtree/BuildTreeLifecycleController;)Lorg/gradle/internal/buildtree/BuildActionRunner$Result;+6
j  org.gradle.launcher.exec.RootBuildLifecycleBuildActionExecutor.lambda$execute$0(Lorg/gradle/internal/invocation/BuildAction;Lorg/gradle/internal/buildtree/BuildTreeLifecycleController;)Lorg/gradle/internal/buildtree/BuildActionRunner$Result;+6
j  org.gradle.launcher.exec.RootBuildLifecycleBuildActionExecutor$$Lambda+0x000000080052f768.apply(Ljava/lang/Object;)Ljava/lang/Object;+12
j  org.gradle.composite.internal.DefaultRootBuildState.run(Ljava/util/function/Function;)Ljava/lang/Object;+87
j  org.gradle.launcher.exec.RootBuildLifecycleBuildActionExecutor.execute(Lorg/gradle/internal/invocation/BuildAction;Lorg/gradle/internal/buildtree/BuildTreeContext;)Lorg/gradle/internal/buildtree/BuildActionRunner$Result;+75
j  org.gradle.internal.buildtree.InitDeprecationLoggingActionExecutor.execute(Lorg/gradle/internal/invocation/BuildAction;Lorg/gradle/internal/buildtree/BuildTreeContext;)Lorg/gradle/internal/buildtree/BuildActionRunner$Result;+83
j  org.gradle.internal.buildtree.InitProblems.execute(Lorg/gradle/internal/invocation/BuildAction;Lorg/gradle/internal/buildtree/BuildTreeContext;)Lorg/gradle/internal/buildtree/BuildActionRunner$Result;+13
j  org.gradle.internal.buildtree.DefaultBuildTreeContext.execute(Lorg/gradle/internal/invocation/BuildAction;)Lorg/gradle/internal/buildtree/BuildActionRunner$Result;+64
j  org.gradle.launcher.exec.BuildTreeLifecycleBuildActionExecutor.lambda$execute$0(Lorg/gradle/internal/invocation/BuildAction;Lorg/gradle/internal/buildtree/BuildTreeContext;)Lorg/gradle/internal/buildtree/BuildActionRunner$Result;+2
j  org.gradle.launcher.exec.BuildTreeLifecycleBuildActionExecutor$$Lambda+0x000000080041e5e0.apply(Ljava/lang/Object;)Ljava/lang/Object;+8
j  org.gradle.internal.buildtree.BuildTreeState.run(Ljava/util/function/Function;)Ljava/lang/Object;+47
j  org.gradle.launcher.exec.BuildTreeLifecycleBuildActionExecutor.execute(Lorg/gradle/internal/invocation/BuildAction;Lorg/gradle/internal/session/BuildSessionContext;)Lorg/gradle/internal/buildtree/BuildActionRunner$Result;+74
j  org.gradle.launcher.exec.RunAsBuildOperationBuildActionExecutor$2.call(Lorg/gradle/internal/operations/BuildOperationContext;)Lorg/gradle/internal/buildtree/BuildActionRunner$Result;+25
j  org.gradle.launcher.exec.RunAsBuildOperationBuildActionExecutor$2.call(Lorg/gradle/internal/operations/BuildOperationContext;)Ljava/lang/Object;+2
J 20910 c2 org.gradle.internal.operations.DefaultBuildOperationRunner$CallableBuildOperationWorker.execute(Lorg/gradle/internal/operations/BuildOperation;Lorg/gradle/internal/operations/BuildOperationContext;)V (10 bytes) @ 0x000002038b989a9c [0x000002038b989a20+0x000000000000007c]
J 33028 c2 org.gradle.internal.operations.DefaultBuildOperationRunner$2.execute(Lorg/gradle/internal/operations/BuildOperationDescriptor;Lorg/gradle/internal/operations/BuildOperationState;Lorg/gradle/internal/operations/BuildOperationState;Lorg/gradle/internal/operations/DefaultBuildOperationRunner$ReadableBuildOperationContext;Lorg/gradle/internal/operations/DefaultBuildOperationRunner$BuildOperationExecutionListener;)Lorg/gradle/internal/operations/BuildOperation; (110 bytes) @ 0x000002038c0cd6e8 [0x000002038c0cd420+0x00000000000002c8]
J 38211 c2 org.gradle.internal.operations.DefaultBuildOperationRunner.execute(Lorg/gradle/internal/operations/BuildOperationDescriptor$Builder;Lorg/gradle/internal/operations/BuildOperationState;Lorg/gradle/internal/operations/DefaultBuildOperationRunner$BuildOperationExecution;)Ljava/lang/Object; (147 bytes) @ 0x000002038c3acde4 [0x000002038c3ac5e0+0x0000000000000804]
J 38243 c2 org.gradle.internal.operations.DefaultBuildOperationRunner.call(Lorg/gradle/internal/operations/CallableBuildOperation;)Ljava/lang/Object; (24 bytes) @ 0x000002038c3b2964 [0x000002038c3b2780+0x00000000000001e4]
j  org.gradle.launcher.exec.RunAsBuildOperationBuildActionExecutor.execute(Lorg/gradle/internal/invocation/BuildAction;Lorg/gradle/internal/session/BuildSessionContext;)Lorg/gradle/internal/buildtree/BuildActionRunner$Result;+23
j  org.gradle.launcher.exec.RunAsWorkerThreadBuildActionExecutor.lambda$execute$0(Lorg/gradle/internal/invocation/BuildAction;Lorg/gradle/internal/session/BuildSessionContext;)Lorg/gradle/internal/buildtree/BuildActionRunner$Result;+6
j  org.gradle.launcher.exec.RunAsWorkerThreadBuildActionExecutor$$Lambda+0x00000008003e8bc0.create()Ljava/lang/Object;+12
J 17947 c1 org.gradle.internal.work.DefaultWorkerLeaseService.withLocks(Ljava/util/Collection;Lorg/gradle/internal/Factory;)Ljava/lang/Object; (53 bytes) @ 0x00000203846b375c [0x00000203846b32e0+0x000000000000047c]
J 16919 c1 org.gradle.internal.work.DefaultWorkerLeaseService.runAsWorkerThread(Lorg/gradle/internal/Factory;)Ljava/lang/Object; (37 bytes) @ 0x000002038512572c [0x0000020385125160+0x00000000000005cc]
j  org.gradle.launcher.exec.RunAsWorkerThreadBuildActionExecutor.execute(Lorg/gradle/internal/invocation/BuildAction;Lorg/gradle/internal/session/BuildSessionContext;)Lorg/gradle/internal/buildtree/BuildActionRunner$Result;+12
j  org.gradle.tooling.internal.provider.continuous.ContinuousBuildActionExecutor.execute(Lorg/gradle/internal/invocation/BuildAction;Lorg/gradle/internal/session/BuildSessionContext;)Lorg/gradle/internal/buildtree/BuildActionRunner$Result;+58
j  org.gradle.tooling.internal.provider.SubscribableBuildActionExecutor.execute(Lorg/gradle/internal/invocation/BuildAction;Lorg/gradle/internal/session/BuildSessionContext;)Lorg/gradle/internal/buildtree/BuildActionRunner$Result;+30
j  org.gradle.internal.session.DefaultBuildSessionContext.execute(Lorg/gradle/internal/invocation/BuildAction;)Lorg/gradle/internal/buildtree/BuildActionRunner$Result;+64
j  org.gradle.internal.buildprocess.execution.BuildSessionLifecycleBuildActionExecutor$ActionImpl.apply(Lorg/gradle/internal/session/BuildSessionContext;)Lorg/gradle/launcher/exec/BuildActionResult;+6
j  org.gradle.internal.buildprocess.execution.BuildSessionLifecycleBuildActionExecutor$ActionImpl.apply(Ljava/lang/Object;)Ljava/lang/Object;+5
j  org.gradle.internal.session.BuildSessionState.run(Ljava/util/function/Function;)Ljava/lang/Object;+5
j  org.gradle.internal.buildprocess.execution.BuildSessionLifecycleBuildActionExecutor.execute(Lorg/gradle/internal/invocation/BuildAction;Lorg/gradle/launcher/exec/BuildActionParameters;Lorg/gradle/initialization/BuildRequestContext;)Lorg/gradle/launcher/exec/BuildActionResult;+95
j  org.gradle.internal.buildprocess.execution.BuildSessionLifecycleBuildActionExecutor.execute(Lorg/gradle/internal/invocation/BuildAction;Ljava/lang/Object;Ljava/lang/Object;)Lorg/gradle/launcher/exec/BuildActionResult;+10
j  org.gradle.internal.buildprocess.execution.StartParamsValidatingActionExecutor.execute(Lorg/gradle/internal/invocation/BuildAction;Lorg/gradle/launcher/exec/BuildActionParameters;Lorg/gradle/initialization/BuildRequestContext;)Lorg/gradle/launcher/exec/BuildActionResult;+203
j  org.gradle.internal.buildprocess.execution.StartParamsValidatingActionExecutor.execute(Lorg/gradle/internal/invocation/BuildAction;Ljava/lang/Object;Ljava/lang/Object;)Lorg/gradle/launcher/exec/BuildActionResult;+10
j  org.gradle.internal.buildprocess.execution.SessionFailureReportingActionExecutor.execute(Lorg/gradle/internal/invocation/BuildAction;Lorg/gradle/launcher/exec/BuildActionParameters;Lorg/gradle/initialization/BuildRequestContext;)Lorg/gradle/launcher/exec/BuildActionResult;+7
j  org.gradle.internal.buildprocess.execution.SessionFailureReportingActionExecutor.execute(Lorg/gradle/internal/invocation/BuildAction;Ljava/lang/Object;Ljava/lang/Object;)Lorg/gradle/launcher/exec/BuildActionResult;+10
j  org.gradle.internal.buildprocess.execution.SetupLoggingActionExecutor.execute(Lorg/gradle/internal/invocation/BuildAction;Lorg/gradle/launcher/exec/BuildActionParameters;Lorg/gradle/initialization/BuildRequestContext;)Lorg/gradle/launcher/exec/BuildActionResult;+50
j  org.gradle.internal.buildprocess.execution.SetupLoggingActionExecutor.execute(Lorg/gradle/internal/invocation/BuildAction;Ljava/lang/Object;Ljava/lang/Object;)Lorg/gradle/launcher/exec/BuildActionResult;+10
j  org.gradle.launcher.daemon.server.exec.ExecuteBuild.doBuild(Lorg/gradle/launcher/daemon/server/api/DaemonCommandExecution;Lorg/gradle/launcher/daemon/protocol/Build;)V+147
j  org.gradle.launcher.daemon.server.exec.BuildCommandOnly.execute(Lorg/gradle/launcher/daemon/server/api/DaemonCommandExecution;)V+49
J 87248 c1 org.gradle.launcher.daemon.server.api.DaemonCommandExecution.proceed()Z (30 bytes) @ 0x0000020383c5d444 [0x0000020383c5d020+0x0000000000000424]
j  org.gradle.launcher.daemon.server.exec.WatchForDisconnection.execute(Lorg/gradle/launcher/daemon/server/api/DaemonCommandExecution;)V+19
J 87248 c1 org.gradle.launcher.daemon.server.api.DaemonCommandExecution.proceed()Z (30 bytes) @ 0x0000020383c5d444 [0x0000020383c5d020+0x0000000000000424]
j  org.gradle.launcher.daemon.server.exec.ResetDeprecationLogger.execute(Lorg/gradle/launcher/daemon/server/api/DaemonCommandExecution;)V+7
J 87248 c1 org.gradle.launcher.daemon.server.api.DaemonCommandExecution.proceed()Z (30 bytes) @ 0x0000020383c5d444 [0x0000020383c5d020+0x0000000000000424]
j  org.gradle.launcher.daemon.server.exec.RequestStopIfSingleUsedDaemon.execute(Lorg/gradle/launcher/daemon/server/api/DaemonCommandExecution;)V+33
J 87248 c1 org.gradle.launcher.daemon.server.api.DaemonCommandExecution.proceed()Z (30 bytes) @ 0x0000020383c5d444 [0x0000020383c5d020+0x0000000000000424]
j  org.gradle.launcher.daemon.server.exec.ForwardClientInput.lambda$execute$0(Lorg/gradle/launcher/daemon/server/api/DaemonCommandExecution;Lorg/gradle/internal/daemon/clientinput/StdinHandler;)Ljava/lang/Object;+11
j  org.gradle.launcher.daemon.server.exec.ForwardClientInput$$Lambda+0x0000000800290000.apply(Ljava/lang/Object;)Ljava/lang/Object;+8
j  org.gradle.internal.daemon.clientinput.ClientInputForwarder.forwardInput(Ljava/util/function/Function;)Ljava/lang/Object;+46
j  org.gradle.launcher.daemon.server.exec.ForwardClientInput.execute(Lorg/gradle/launcher/daemon/server/api/DaemonCommandExecution;)V+10
J 87248 c1 org.gradle.launcher.daemon.server.api.DaemonCommandExecution.proceed()Z (30 bytes) @ 0x0000020383c5d444 [0x0000020383c5d020+0x0000000000000424]
j  org.gradle.launcher.daemon.server.exec.LogAndCheckHealth.execute(Lorg/gradle/launcher/daemon/server/api/DaemonCommandExecution;)V+51
J 87248 c1 org.gradle.launcher.daemon.server.api.DaemonCommandExecution.proceed()Z (30 bytes) @ 0x0000020383c5d444 [0x0000020383c5d020+0x0000000000000424]
j  org.gradle.launcher.daemon.server.exec.LogToClient.doBuild(Lorg/gradle/launcher/daemon/server/api/DaemonCommandExecution;Lorg/gradle/launcher/daemon/protocol/Build;)V+87
j  org.gradle.launcher.daemon.server.exec.BuildCommandOnly.execute(Lorg/gradle/launcher/daemon/server/api/DaemonCommandExecution;)V+49
J 87248 c1 org.gradle.launcher.daemon.server.api.DaemonCommandExecution.proceed()Z (30 bytes) @ 0x0000020383c5d444 [0x0000020383c5d020+0x0000000000000424]
j  org.gradle.launcher.daemon.server.exec.EstablishBuildEnvironment.doBuild(Lorg/gradle/launcher/daemon/server/api/DaemonCommandExecution;Lorg/gradle/launcher/daemon/protocol/Build;)V+356
j  org.gradle.launcher.daemon.server.exec.BuildCommandOnly.execute(Lorg/gradle/launcher/daemon/server/api/DaemonCommandExecution;)V+49
J 87248 c1 org.gradle.launcher.daemon.server.api.DaemonCommandExecution.proceed()Z (30 bytes) @ 0x0000020383c5d444 [0x0000020383c5d020+0x0000000000000424]
j  org.gradle.launcher.daemon.server.exec.StartBuildOrRespondWithBusy$1.run()V+44
j  org.gradle.launcher.daemon.server.DaemonStateCoordinator.lambda$runCommand$0(Ljava/lang/Runnable;)V+1
j  org.gradle.launcher.daemon.server.DaemonStateCoordinator$$Lambda+0x000000080028ef28.run()V+8
J 32842 c2 org.gradle.internal.concurrent.AbstractManagedExecutor$1.run()V (57 bytes) @ 0x000002038c06f3a8 [0x000002038c06f2e0+0x00000000000000c8]
J 91502 c1 java.util.concurrent.ThreadPoolExecutor.runWorker(Ljava/util/concurrent/ThreadPoolExecutor$Worker;)V java.base@21.0.8 (187 bytes) @ 0x0000020383769854 [0x0000020383768ec0+0x0000000000000994]
J 91049 c2 java.lang.Thread.run()V java.base@21.0.8 (23 bytes) @ 0x000002038ba3765c [0x000002038ba375c0+0x000000000000009c]
v  ~StubRoutines::call_stub 0x000002038a4a10e7

siginfo: EXCEPTION_ACCESS_VIOLATION (0xc0000005), reading address 0x00000243aa618a08


Registers:
RAX=0x00000203aa54a328, RBX=0x00000203aa54a350, RCX=0x00000243aa618a08, RDX=0x000000005cc36576
RSP=0x0000001db64f8f78, RBP=0x000002039b0ea610, RSI=0x0000000000000001, RDI=0x000000005cc36500
R8 =0x0000001db64f9010, R9 =0x0000001db64f9000, R10=0x0000000000000000, R11=0x00000203a8f43860
R12=0x0000000000000000, R13=0x0000001db64f9000, R14=0x0000001db64f9010, R15=0x00000203c7416970
RIP=0x00007ff86986a0e0, EFLAGS=0x0000000000010202

XMM[0]=0x0000000000000000 0x0000000000000000
XMM[1]=0x0000000000000000 0x0000000000000000
XMM[2]=0x0000000000000000 0x000000004e800000
XMM[3]=0xee830681e1ddc99f 0x59db6a41e191dddf
XMM[4]=0x000e178101b4d89f 0x34e63b4167e12cdf
XMM[5]=0x6176616a4c3c7974 0x7265706f72502f72
XMM[6]=0x765272efc891077a 0x459176a518be1646
XMM[7]=0x9f46be6c9509653f 0x19b58164ecad55d2
XMM[8]=0x0420e2cbb1780098 0xf852d9749b5b6777
XMM[9]=0x4f39d8924f39d892 0x4f39d892b6fbced9
XMM[10]=0x0000000000000000 0x0000000067c1f647
XMM[11]=0x497b5a70497b5a70 0x497b5a7000772949
XMM[12]=0x0000000000000000 0x00000000b6fbced9
XMM[13]=0x0000000000000000 0x00000000e81ab3b6
XMM[14]=0x0000000000000000 0x00000000e0a5891b
XMM[15]=0x0000000000000000 0x00000000e893b8a7
  MXCSR=0x00001fa5


Register to memory mapping:

RAX=0x00000203aa54a328 points into unknown readable memory: 0x9007bf00cc7c6bde | de 6b 7c cc 00 bf 07 90
RBX=0x00000203aa54a350 points into unknown readable memory: 0x0000000000000000 | 00 00 00 00 00 00 00 00
RCX=0x00000243aa618a08 is an unknown value
RDX=0x000000005cc36576 is an unknown value
RSP=0x0000001db64f8f78 is pointing into the stack for thread: 0x00000203c7416970
RBP=0x000002039b0ea610 points into unknown readable memory: 0x0000020399a2bba0 | a0 bb a2 99 03 02 00 00
RSI=0x0000000000000001 is an unknown value
RDI=0x000000005cc36500 is an unknown value
R8 =0x0000001db64f9010 is pointing into the stack for thread: 0x00000203c7416970
R9 =0x0000001db64f9000 is pointing into the stack for thread: 0x00000203c7416970
R10=0x0 is null
R11=0x00000203a8f43860 points into unknown readable memory: 0x6e616c2e6176616a | 6a 61 76 61 2e 6c 61 6e
R12=0x0 is null
R13=0x0000001db64f9000 is pointing into the stack for thread: 0x00000203c7416970
R14=0x0000001db64f9010 is pointing into the stack for thread: 0x00000203c7416970
R15=0x00000203c7416970 is a thread

Top of Stack: (sp=0x0000001db64f8f78)
0x0000001db64f8f78:   00007ff869fc6f90 0000001db64f9100
0x0000001db64f8f88:   0000001db64f9110 0000000000000010
0x0000001db64f8f98:   00007ff8f6321661 00000007015b2148
0x0000001db64f8fa8:   00000203c7416970 00000000000003d8
0x0000001db64f8fb8:   00000203a8f43b78 000000005cc36576
0x0000001db64f8fc8:   00007ff869fc8690 0000000000000000
0x0000001db64f8fd8:   00000203a8f43828 000000000000001c
0x0000001db64f8fe8:   0000000000000010 0000001db64f9058
0x0000001db64f8ff8:   00000203a557a900 00000203c7416970
0x0000001db64f9008:   0000000000000000 00000203c7416970
0x0000001db64f9018:   000000005cc36576 000002030000001c
0x0000001db64f9028:   00000203a8f43828 0000000000000000
0x0000001db64f9038:   00000203c7416970 000000000000001c
0x0000001db64f9048:   00007ff869fc94ef 0000000000000000
0x0000001db64f9058:   00007ff86a02ffe1 000000005cc36576
0x0000001db64f9068:   00000203a8f43828 0000000000000024
0x0000001db64f9078:   ffffffff0000000c 00000203c7416970
0x0000001db64f9088:   00007ff869fc96af 0000000000000000
0x0000001db64f9098:   00000203a8f43790 00000203a8f43828
0x0000001db64f90a8:   00000203cae64f60 00000007015b2148
0x0000001db64f90b8:   00000203c7416970 00000203a557a910
0x0000001db64f90c8:   0000000000000000 0000001db64f91b0
0x0000001db64f90d8:   00007ff869f7e967 000002030000001c
0x0000001db64f90e8:   00000203b1e55880 0000001db64f9150
0x0000001db64f90f8:   00000203c7416970 00000203c7416970
0x0000001db64f9108:   0000001db64f9240 00000203b1e55880
0x0000001db64f9118:   0000000800e6b2a0 00000203a557a918
0x0000001db64f9128:   00000203a1835728 000002010000000c
0x0000001db64f9138:   0000000000000000 0000000000000000
0x0000001db64f9148:   00007ff869c22223 0000000000000000
0x0000001db64f9158:   000000000000001b 00000203c7416970
0x0000001db64f9168:   0000000800e6b2a0 00000203a8f437a0 

Instructions: (pc=0x00007ff86986a0e0)
0x00007ff869869fe0:   00 00 00 00 eb 0e ff 15 34 90 b2 00 49 8b 4f 28
0x00007ff869869ff0:   48 89 41 e0 48 8b 5c 24 50 48 8b 6c 24 60 48 8b
0x00007ff86986a000:   74 24 68 48 83 c4 20 41 5f 41 5e 41 5d 41 5c 5f
0x00007ff86986a010:   c3 cc cc cc cc cc cc cc cc cc cc cc cc cc cc cc
0x00007ff86986a020:   48 83 ec 28 80 3d a5 58 b9 00 00 4c 8b c9 74 44
0x00007ff86986a030:   48 8b 15 99 67 b8 00 44 8b 42 10 41 83 e8 01 74
0x00007ff86986a040:   1b 41 83 f8 01 75 71 48 8d 05 92 00 00 00 48 89
0x00007ff86986a050:   05 cb 8f b2 00 48 83 c4 28 48 ff e0 48 8d 05 7d
0x00007ff86986a060:   00 00 00 49 8b c9 48 89 05 b3 8f b2 00 48 83 c4
0x00007ff86986a070:   28 48 ff e0 48 8b 0d 55 67 b8 00 8b 51 10 83 ea
0x00007ff86986a080:   01 74 1d 83 fa 01 75 30 48 8d 05 51 00 00 00 49
0x00007ff86986a090:   8b c9 48 89 05 87 8f b2 00 48 83 c4 28 48 ff e0
0x00007ff86986a0a0:   48 8d 05 39 00 00 00 49 8b c9 48 89 05 6f 8f b2
0x00007ff86986a0b0:   00 48 83 c4 28 48 ff e0 4c 8d 0d e1 09 89 00 41
0x00007ff86986a0c0:   b8 e2 00 00 00 48 8d 15 0c 0a 89 00 b9 00 00 00
0x00007ff86986a0d0:   e0 e8 0a 62 27 00 cc cc cc cc cc cc cc cc cc cc
0x00007ff86986a0e0:   48 8b 01 c3 cc cc cc cc cc cc cc cc cc cc cc cc
0x00007ff86986a0f0:   8b 44 24 30 45 03 c9 44 2b 4c 24 28 83 c0 0b 44
0x00007ff86986a100:   03 ca 45 03 c8 41 03 c1 c3 cc cc cc cc cc cc cc
0x00007ff86986a110:   48 8b 41 08 0f b7 48 2c 0f b7 40 2a 83 c0 48 03
0x00007ff86986a120:   c1 c3 cc cc cc cc cc cc cc cc cc cc cc cc cc cc
0x00007ff86986a130:   40 53 48 83 ec 20 41 b8 01 00 00 00 b2 10 b9 00
0x00007ff86986a140:   10 00 00 e8 78 0d 0b 00 48 8b d8 48 85 c0 75 06
0x00007ff86986a150:   48 83 c4 20 5b c3 41 b8 00 10 00 00 48 8d 15 9d
0x00007ff86986a160:   43 b8 00 48 8b cb ff 15 74 f7 88 00 48 8b c3 48
0x00007ff86986a170:   83 c4 20 5b c3 cc cc cc cc cc cc cc cc cc cc cc
0x00007ff86986a180:   40 53 48 83 ec 20 41 b8 01 00 00 00 b2 10 b9 00
0x00007ff86986a190:   01 00 00 e8 28 0d 0b 00 48 8b d8 48 85 c0 75 06
0x00007ff86986a1a0:   48 83 c4 20 5b c3 41 b8 00 01 00 00 48 8d 15 4d
0x00007ff86986a1b0:   42 b8 00 48 8b cb ff 15 24 f7 88 00 48 8b c3 48
0x00007ff86986a1c0:   83 c4 20 5b c3 cc cc cc cc cc cc cc cc cc cc cc
0x00007ff86986a1d0:   48 89 5c 24 08 48 89 6c 24 10 48 89 74 24 18 48 


Stack slot to memory mapping:

stack at sp + 0 slots: 0x00007ff869fc6f90 jvm.dll
stack at sp + 1 slots: 0x0000001db64f9100 is pointing into the stack for thread: 0x00000203c7416970
stack at sp + 2 slots: 0x0000001db64f9110 is pointing into the stack for thread: 0x00000203c7416970
stack at sp + 3 slots: 0x0000000000000010 is an unknown value
stack at sp + 4 slots: 0x00007ff8f6321661 KERNELBASE.dll
stack at sp + 5 slots: 0x00000007015b2148 is an oop: java.lang.Class 
{0x00000007015b2148} - klass: 'java/lang/Class'
 - ---- fields (total size 14 words):
 - private volatile transient 'classRedefinedCount' 'I' @12  0 (0x00000000)
 - injected 'klass' 'J' @16  34362562016 (0x00000008002b15e0)
 - injected 'array_klass' 'J' @24  0 (0x0000000000000000)
 - injected 'oop_size' 'I' @32  14 (0x0000000e)
 - injected 'static_oop_field_count' 'I' @36  0 (0x00000000)
 - private volatile transient 'cachedConstructor' 'Ljava/lang/reflect/Constructor;' @40  null (0x00000000)
 - private transient 'name' 'Ljava/lang/String;' @44  "org.gradle.api.provider.Property"{0x00000007015b21b8} (0xe02b6437)
 - private transient 'module' 'Ljava/lang/Module;' @48  a 'java/lang/Module'{0x00000007005a1828} (0xe00b4305)
 - private final 'classLoader' 'Ljava/lang/ClassLoader;' @52  a 'org/gradle/internal/classloader/VisitableURLClassLoader'{0x00000007005a2310} (0xe00b4462)
 - private transient 'classData' 'Ljava/lang/Object;' @56  null (0x00000000)
 - private transient 'packageName' 'Ljava/lang/String;' @60  "org.gradle.api.provider"{0x00000007015b2200} (0xe02b6440)
 - private final 'componentType' 'Ljava/lang/Class;' @64  null (0x00000000)
 - private volatile transient 'reflectionData' 'Ljava/lang/ref/SoftReference;' @68  a 'java/lang/ref/SoftReference'{0x0000000716752c40} (0xe2cea588)
 - private volatile transient 'genericInfo' 'Lsun/reflect/generics/repository/ClassRepository;' @72  a 'sun/reflect/generics/repository/ClassRepository'{0x00000007015b2240} (0xe02b6448)
 - private volatile transient 'enumConstants' '[Ljava/lang/Object;' @76  null (0x00000000)
 - private volatile transient 'enumConstantDirectory' 'Ljava/util/Map;' @80  null (0x00000000)
 - private volatile transient 'annotationData' 'Ljava/lang/Class$AnnotationData;' @84  null (0x00000000)
 - private volatile transient 'annotationType' 'Lsun/reflect/annotation/AnnotationType;' @88  null (0x00000000)
 - transient 'classValueMap' 'Ljava/lang/ClassValue$ClassValueMap;' @92  a 'java/lang/ClassValue$ClassValueMap'{0x0000000716752a70} (0xe2cea54e)
 - injected 'protection_domain' 'Ljava/lang/Object;' @96  a 'java/security/ProtectionDomain'{0x0000000700604c18} (0xe00c0983)
 - injected 'signers_name' 'Ljava/lang/Object;' @100  null (0x00000000)
 - injected 'source_file' 'Ljava/lang/Object;' @104  null (0x00000000)
 - injected '<init_lock>' 'Ljava/lang/Object;' @108  null (0x00000000)
 - signature: Lorg/gradle/api/provider/Property;
 - ---- static fields (0):
stack at sp + 6 slots: 0x00000203c7416970 is a thread
stack at sp + 7 slots: 0x00000000000003d8 is an unknown value


Compiled method (n/a) 8749145 2759     n 0       java.lang.Class::getDeclaredMethods0 (native)
 total in heap  [0x000002038adb9010,0x000002038adb96f0] = 1760
 relocation     [0x000002038adb9170,0x000002038adb91a8] = 56
 main code      [0x000002038adb91c0,0x000002038adb96ed] = 1325
 stub code      [0x000002038adb96ed,0x000002038adb96f0] = 3

[Constant Pool (empty)]

[MachCode]
[Entry Point]
  # {method} {0x000002039c01d858} 'getDeclaredMethods0' '(Z)[Ljava/lang/reflect/Method;' in 'java/lang/Class'
  # this:     rdx:rdx   = 'java/lang/Class'
  # parm0:    r8        = boolean
  #           [sp+0x70]  (sp of caller)
  0x000002038adb91c0: 448b 5208 | 49bb 0000 | 0000 0800 | 0000 4d03 | d349 3bc2 | 0f84 0600 

  0x000002038adb91d8: ;   {runtime_call ic_miss_stub}
  0x000002038adb91d8: 0000 e9a1 | 5773 ff90 
[Verified Entry Point]
  0x000002038adb91e0: 8984 2400 | 80ff ff55 | 488b ec48 | 83ec 6090 | 4181 7f20 | 3f00 0000 

  0x000002038adb91f8: ;   {runtime_call StubRoutines (final stubs)}
  0x000002038adb91f8: 7405 e8c1 | 1872 ff48 | 8954 2420 | 4883 fa00 | 488d 5424 | 2048 0f44 | 5424 20c5 

  0x000002038adb9214: ;   {internal_word}
  0x000002038adb9214: f877 49ba | 1392 db8a | 0302 0000 | 4d89 97a0 | 0300 0049 | 89a7 9803 

  0x000002038adb922c: ;   {external_word}
  0x000002038adb922c: 0000 49ba | 18fa 3f6a | f87f 0000 | 4180 3a00 | 0f84 4a00 | 0000 5241 

  0x000002038adb9244: ;   {metadata({method} {0x000002039c01d858} 'getDeclaredMethods0' '(Z)[Ljava/lang/reflect/Method;' in 'java/lang/Class')}
  0x000002038adb9244: 5048 ba50 | d801 9c03 | 0200 0049 | 8bcf 4883 | ec20 40f6 | c40f 0f84 | 1900 0000 | 4883 ec08 
  0x000002038adb9264: ;   {runtime_call}
  0x000002038adb9264: 48b8 90d7 | f969 f87f | 0000 ffd0 | 4883 c408 | e90c 0000 

  0x000002038adb9278: ;   {runtime_call}
  0x000002038adb9278: 0048 b890 | d7f9 69f8 | 7f00 00ff | d048 83c4 | 2041 585a | 498d 8fb8 | 0300 0041 | c787 4404 
  0x000002038adb9298: 0000 0400 

  0x000002038adb929c: ;   {runtime_call}
  0x000002038adb929c: 0000 48b8 | 71df 19c1 | f87f 0000 | ffd0 c5f8 | 7741 c787 | 4404 0000 | 0500 0000 | f083 4424 
  0x000002038adb92bc: c000 493b | af48 0400 | 000f 870e | 0000 0041 | 83bf 4004 | 0000 000f | 842b 0000 | 00c5 f877 
  0x000002038adb92dc: 4889 45f8 | 498b cf4c | 8be4 4883 | ec20 4883 

  0x000002038adb92ec: ;   {runtime_call}
  0x000002038adb92ec: e4f0 48b8 | 2014 c569 | f87f 0000 | ffd0 498b | e44d 33e4 | 488b 45f8 | 41c7 8744 | 0400 0008 
  0x000002038adb930c: 0000 0041 | 83bf c004 | 0000 020f | 84a3 0300 

  0x000002038adb931c: ;   {external_word}
  0x000002038adb931c: 0049 ba18 | fa3f 6af8 | 7f00 0041 | 803a 000f | 844c 0000 | 0048 8945 

  0x000002038adb9334: ;   {metadata({method} {0x000002039c01d858} 'getDeclaredMethods0' '(Z)[Ljava/lang/reflect/Method;' in 'java/lang/Class')}
  0x000002038adb9334: f848 ba50 | d801 9c03 | 0200 0049 | 8bcf 4883 | ec20 40f6 | c40f 0f84 | 1900 0000 | 4883 ec08 
  0x000002038adb9354: ;   {runtime_call}
  0x000002038adb9354: 48b8 90d7 | f969 f87f | 0000 ffd0 | 4883 c408 | e90c 0000 

  0x000002038adb9368: ;   {runtime_call}
  0x000002038adb9368: 0048 b890 | d7f9 69f8 | 7f00 00ff | d048 83c4 | 2048 8b45 | f849 c787 | 9803 0000 | 0000 0000 
  0x000002038adb9388: 49c7 87a0 | 0300 0000 | 0000 00c5 | f877 4885 | c00f 84fe | 0200 00a8 | 030f 8508 | 0000 0048 
  0x000002038adb93a8: 8b00 e9ee | 0200 00a8 | 010f 8509 | 0000 0048 | 8b40 fee9 | dd02 0000 | 488b 40ff | 4180 7f40 
  0x000002038adb93c8: 000f 84ce | 0200 0048 | 83f8 000f | 84c4 0200 | 0049 8b4f | 2848 83f9 | 000f 8414 | 0000 0048 
  0x000002038adb93e8: 83e9 0849 | 894f 2849 | 034f 3848 | 8901 e9a2 | 0200 0048 | 81ec 5001 | 0000 4889 | 0424 4889 
  0x000002038adb9408: 4c24 0848 | 8954 2410 | 4889 7424 | 1848 897c | 2420 4c89 | 4424 284c | 894c 2430 | 4c89 5424 
  0x000002038adb9428: 384c 895c | 2440 c5fb | 1144 2450 | c5fb 114c | 2458 c5fb | 1154 2460 | c5fb 115c | 2468 c5fb 
  0x000002038adb9448: 1164 2470 | c5fb 116c | 2478 c5fb | 11b4 2480 | 0000 00c5 | fb11 bc24 | 8800 0000 | c57b 1184 
  0x000002038adb9468: ;   {no_reloc}
  0x000002038adb9468: 2490 0000 | 00c5 7b11 | 8c24 9800 | 0000 c57b | 1194 24a0 | 0000 00c5 | 7b11 9c24 | a800 0000 
  0x000002038adb9488: c57b 11a4 | 24b0 0000 | 00c5 7b11 | ac24 b800 | 0000 c57b | 11b4 24c0 | 0000 00c5 | 7b11 bc24 
  0x000002038adb94a8: c800 0000 | 62e1 ff08 | 1144 241a | 62e1 ff08 | 114c 241b | 62e1 ff08 | 1154 241c | 62e1 ff08 
  0x000002038adb94c8: 115c 241d | 62e1 ff08 | 1164 241e | 62e1 ff08 | 116c 241f | 62e1 ff08 | 1174 2420 | 62e1 ff08 
  0x000002038adb94e8: 117c 2421 | 6261 ff08 | 1144 2422 | 6261 ff08 | 114c 2423 | 6261 ff08 | 1154 2424 | 6261 ff08 
  0x000002038adb9508: 115c 2425 | 6261 ff08 | 1164 2426 | 6261 ff08 | 116c 2427 | 6261 ff08 | 1174 2428 | 6261 ff08 
  0x000002038adb9528: 117c 2429 | 498b d748 | 8bc8 4883 | ec20 40f6 | c40f 0f84 | 1900 0000 | 4883 ec08 

  0x000002038adb9544: ;   {runtime_call}
  0x000002038adb9544: 48b8 1022 | b869 f87f | 0000 ffd0 | 4883 c408 | e90c 0000 

  0x000002038adb9558: ;   {runtime_call}
  0x000002038adb9558: 0048 b810 | 22b8 69f8 | 7f00 00ff | d048 83c4 | 2062 61ff | 0810 7c24 | 2962 61ff | 0810 7424 
  0x000002038adb9578: 2862 61ff | 0810 6c24 | 2762 61ff | 0810 6424 | 2662 61ff | 0810 5c24 | 2562 61ff | 0810 5424 
  0x000002038adb9598: 2462 61ff | 0810 4c24 | 2362 61ff | 0810 4424 | 2262 e1ff | 0810 7c24 | 2162 e1ff | 0810 7424 
  0x000002038adb95b8: 2062 e1ff | 0810 6c24 | 1f62 e1ff | 0810 6424 | 1e62 e1ff | 0810 5c24 | 1d62 e1ff | 0810 5424 
  0x000002038adb95d8: 1c62 e1ff | 0810 4c24 | 1b62 e1ff | 0810 4424 | 1ac5 7b10 | bc24 c800 | 0000 c57b | 10b4 24c0 
  0x000002038adb95f8: 0000 00c5 | 7b10 ac24 | b800 0000 | c57b 10a4 | 24b0 0000 | 00c5 7b10 | 9c24 a800 | 0000 c57b 
  0x000002038adb9618: 1094 24a0 | 0000 00c5 | 7b10 8c24 | 9800 0000 | c57b 1084 | 2490 0000 | 00c5 fb10 | bc24 8800 
  0x000002038adb9638: 0000 c5fb | 10b4 2480 | 0000 00c5 | fb10 6c24 | 78c5 fb10 | 6424 70c5 | fb10 5c24 | 68c5 fb10 
  0x000002038adb9658: ;   {no_reloc}
  0x000002038adb9658: 5424 60c5 | fb10 4c24 | 58c5 fb10 | 4424 504c | 8b5c 2440 | 4c8b 5424 | 384c 8b4c | 2430 4c8b 
  0x000002038adb9678: 4424 2848 | 8b7c 2420 | 488b 7424 | 1848 8b54 | 2410 488b | 4c24 0848 | 8b04 2448 | 81c4 5001 
  0x000002038adb9698: 0000 c5f8 | 7749 8b8f | 2804 0000 | c781 0001 | 0000 0000 | 0000 c949 | 837f 0800 | 0f85 0100 
  0x000002038adb96b8: ;   {runtime_call StubRoutines (initial stubs)}
  0x000002038adb96b8: 0000 c3e9 | 4078 6eff | c5f8 7748 | 8945 f84c | 8be4 4883 | ec20 4883 

  0x000002038adb96d0: ;   {runtime_call}
  0x000002038adb96d0: e4f0 48b8 | e00e fa69 | f87f 0000 | ffd0 498b | e44d 33e4 | 488b 45f8 | e930 fcff | fff4 f4f4 
[/MachCode]


Compiled method (c2) 8749149 88980       4       java.lang.Class::privateGetDeclaredMethods (64 bytes)
 total in heap  [0x000002038c6fd590,0x000002038c6fdf58] = 2504
 relocation     [0x000002038c6fd6f0,0x000002038c6fd768] = 120
 main code      [0x000002038c6fd780,0x000002038c6fdcd8] = 1368
 stub code      [0x000002038c6fdcd8,0x000002038c6fdd20] = 72
 metadata       [0x000002038c6fdd20,0x000002038c6fdd58] = 56
 scopes data    [0x000002038c6fdd58,0x000002038c6fde18] = 192
 scopes pcs     [0x000002038c6fde18,0x000002038c6fded8] = 192
 dependencies   [0x000002038c6fded8,0x000002038c6fdee8] = 16
 handler table  [0x000002038c6fdee8,0x000002038c6fdf48] = 96
 nul chk table  [0x000002038c6fdf48,0x000002038c6fdf58] = 16

[Constant Pool (empty)]

[MachCode]
[Entry Point]
  # {method} {0x000002039c01c9b8} 'privateGetDeclaredMethods' '(Z)[Ljava/lang/reflect/Method;' in 'java/lang/Class'
  # this:     rdx:rdx   = 'java/lang/Class'
  # parm0:    r8        = boolean
  #           [sp+0x60]  (sp of caller)
  0x000002038c6fd780: 448b 5208 | 49bb 0000 | 0000 0800 | 0000 4d03 | d349 3bc2 

  0x000002038c6fd794: ;   {runtime_call ic_miss_stub}
  0x000002038c6fd794: 0f85 e611 | dffd 6690 | 0f1f 4000 
[Verified Entry Point]
  0x000002038c6fd7a0: 8984 2400 | 80ff ff55 | 4883 ec50 | 4181 7f20 | 3f00 0000 | 0f85 1005 | 0000 4489 | 4424 2848 
  0x000002038c6fd7c0: 8954 2420 | 8b7a 448b | 5a0c 85ff | 0f84 f601 | 0000 418b | 6cfc 0c41 | 807f 4000 | 0f85 7c02 
  0x000002038c6fd7e0: 0000 85ed | 0f84 a602 | 0000 4d8b 

  0x000002038c6fd7ec: ;   {oop(a 'java/lang/Class'{0x000000070079d508} = 'java/lang/ref/SoftReference')}
  0x000002038c6fd7ec: 54fc 2049 | bb08 d579 | 0007 0000 | 004d 8b5b | 704d 3bd3 | 0f85 4e02 | 0000 458b 

  0x000002038c6fd808: ;   {metadata('java/lang/Class$ReflectionData')}
  0x000002038c6fd808: 54ec 0841 | 81fa e8b0 | 0600 0f85 | 5504 0000 | 4d8d 14ec | 4c89 5424 | 3041 8b6a | 0c3b eb0f 
  0x000002038c6fd828: 85ad 0300 | 008b 6c24 | 2885 ed75 | 0d4c 8b54 | 2430 458b | 5a18 33ed | eb09 4c8b | 5424 3045 
  0x000002038c6fd848: 8b5a 2c45 | 85db 741a | 4b8d 3cdc | 488b c748 | 83c4 505d 

  0x000002038c6fd85c: ;   {poll_return}
  0x000002038c6fd85c: 493b a748 | 0400 000f | 874b 0400 | 00c3 488b | 5424 2044 

  0x000002038c6fd870: ;   {optimized virtual_call}
  0x000002038c6fd870: 8bc5 90e8 

  0x000002038c6fd874: ; ImmutableOopMap {[32]=Oop [48]=Oop }
                      ;*invokevirtual getDeclaredMethods0 {reexecute=0 rethrow=0 return_oop=1}
                      ; - java.lang.Class::privateGetDeclaredMethods@34
  0x000002038c6fd874: 68b9 6bfe 

  0x000002038c6fd878: ;   {other}
  0x000002038c6fd878: 0f1f 8400 | e802 0000 | 4889 4424 

  0x000002038c6fd884: ;   {oop(a 'java/lang/Class'{0x000000070087ed38} = 'jdk/internal/reflect/Reflection')}
  0x000002038c6fd884: 2849 ba38 | ed87 0007 | 0000 0045 | 3b62 740f | 84b3 0100 | 0045 8b5a | 7449 8bd3 | 48c1 e203 
  0x000002038c6fd8a4: 4c8b 4424 | 2048 b850 | e306 0008 

  0x000002038c6fd8b0: ;   {virtual_call}
  0x000002038c6fd8b0: 0000 00e8 

  0x000002038c6fd8b4: ; ImmutableOopMap {[40]=Oop [48]=Oop }
                      ;*invokeinterface get {reexecute=0 rethrow=0 return_oop=1}
                      ; - jdk.internal.reflect.Reflection::filterMethods@13
                      ; - java.lang.Class::privateGetDeclaredMethods@37
  0x000002038c6fd8b4: 28bd 95fe 

  0x000002038c6fd8b8: ;   {other}
  0x000002038c6fd8b8: 0f1f 8400 | 2803 0001 | 4c8b c048 | 85c0 0f84 | cd01 0000 | 448b 5008 

  0x000002038c6fd8d0: ;   {metadata('java/util/Set')}
  0x000002038c6fd8d0: 48b8 580b | 0600 0800 | 0000 48be | 0000 0000 | 0800 0000 | 4903 f24c | 8b56 204c | 3bd0 0f85 
  0x000002038c6fd8f0: ff00 0000 | 488b 5424 

  0x000002038c6fd8f8: ;   {static_call}
  0x000002038c6fd8f8: 2866 90e8 

  0x000002038c6fd8fc: ; ImmutableOopMap {[48]=Oop }
                      ;*invokestatic filter {reexecute=0 rethrow=0 return_oop=1}
                      ; - jdk.internal.reflect.Reflection::filterMethods@21
                      ; - java.lang.Class::privateGetDeclaredMethods@37
  0x000002038c6fd8fc: f603 0000 

  0x000002038c6fd900: ;   {other}
  0x000002038c6fd900: 0f1f 8400 | 7003 0002 | 488b f844 

  0x000002038c6fd90c: ;   {metadata('java/lang/reflect/Method'[])}
  0x000002038c6fd90c: 8b50 0841 | 81fa a0d0 | 0300 0f85 | d802 0000 | 488b df48 | c1eb 0385 | ed74 5341 | 807f 4000 
  0x000002038c6fd92c: 0f85 fd01 | 0000 4c8b | 5424 3041 | 895a 2c4c | 8bd7 4c8b | 5c24 304d | 33d3 49c1 | ea15 4d85 
  0x000002038c6fd94c: d274 2048 | 85ff 741b | 49c1 eb09 | 49b8 0000 | 4d8f 0302 | 0000 4d03 | c341 8038 | 020f 85fc 
  0x000002038c6fd96c: 0100 00f0 | 8344 24c0 | 00e9 dafe | ffff 4180 | 7f40 000f | 851c 0100 | 004c 8b54 | 2430 4189 
  0x000002038c6fd98c: 5a18 4c8b | df4d 33da | 49c1 eb15 | 4d85 db74 | 2048 85ff | 741b 49c1 | ea09 49b8 | 0000 4d8f 
  0x000002038c6fd9ac: 0302 0000 | 4d03 c241 | 8038 020f | 8520 0100 | 00f0 8344 | 24c0 00e9 | 8cfe ffff | 4533 c048 
  0x000002038c6fd9cc: 8b54 2420 

  0x000002038c6fd9d0: ;   {optimized virtual_call}
  0x000002038c6fd9d0: 448b cbe8 

  0x000002038c6fd9d4: ; ImmutableOopMap {[32]=Oop }
                      ;*invokevirtual newReflectionData {reexecute=0 rethrow=0 return_oop=1}
                      ; - java.lang.Class::reflectionData@39
                      ; - java.lang.Class::privateGetDeclaredMethods@1
  0x000002038c6fd9d4: 8874 c5f7 

  0x000002038c6fd9d8: ;   {other}
  0x000002038c6fd9d8: 0f1f 8400 | 4804 0003 | 4885 c00f | 8440 0200 | 0048 8944 | 2430 e93a | feff ff48 | 33ff 4c8b 
  0x000002038c6fd9f8: 9ea0 0000 | 0049 8bd3 | 48c1 e22d | 0f89 2100 | 0000 f348 | 0fb8 d248 | 8b5e 2848 | 3b04 d374 
  0x000002038c6fda18: 1549 0fba | e313 730b | 49c1 cb12 

  0x000002038c6fda24: ;   {runtime_call StubRoutines (compiler stubs)}
  0x000002038c6fda24: e8cb 1fe3 | fdeb 0348 | ffc7 4885 | ff0f 84bd | feff ffba | deff ffff 

  0x000002038c6fda3c: ;   {runtime_call UncommonTrapBlob}
  0x000002038c6fda3c: 498b e8e8 

  0x000002038c6fda40: ; ImmutableOopMap {rbp=Oop }
                      ;*checkcast {reexecute=0 rethrow=0 return_oop=0}
                      ; - jdk.internal.reflect.Reflection::filterMethods@18
                      ; - java.lang.Class::privateGetDeclaredMethods@37
  0x000002038c6fda40: bca2 dffd 

  0x000002038c6fda44: ;   {other}
  0x000002038c6fda44: 0f1f 8400 | b404 0004 | 488b f8e9 | c8fe ffff | 4d89 5cfc | 20e9 a8fd | ffff 85ed | 0f84 7cfd 
  0x000002038c6fda64: ffff 4d8b | 5728 488b | cd48 c1e1 | 034d 85d2 | 0f84 4301 | 0000 4d8b | 5f38 4b89 | 4c13 f849 
  0x000002038c6fda84: 83c2 f84d | 8957 28e9 | 52fd ffff | 4d8d 04fc | e932 ffff | ff45 33c0 | e953 feff | ff4c 8b54 
  0x000002038c6fdaa4: 2430 458b | 5218 4585 | d20f 84d2 | feff ff4d | 8b5f 2849 | 8bca 48c1 | e103 4d85 | db0f 8445 
  0x000002038c6fdac4: 0100 004d | 8b57 384b | 894c 1af8 | 4983 c3f8 | 4d89 5f28 | e9a8 feff | ff4d 8b57 | 584d 8b5f 
  0x000002038c6fdae4: 48f0 8344 | 24c0 0041 | 8038 000f | 84c8 feff | ff45 8820 | 4d85 db75 | 2049 8bc8 | 498b d749 
  0x000002038c6fdb04: baf0 21b8 | 69f8 7f00 | 0041 ffd2 

  0x000002038c6fdb10: ;   {other}
  0x000002038c6fdb10: 0f1f 8400 | 0000 0000 | e9a0 feff | ff4f 8944 | 1af8 4983 | c3f8 4d89 | 5f48 e98e | feff ff4c 
  0x000002038c6fdb30: 8b54 2430 | 458b 5a2c | 4585 db0f | 84f1 fdff | ff4d 8b57 | 2849 8bcb | 48c1 e103 | 4d85 d20f 
  0x000002038c6fdb50: 84fb 0000 | 004d 8b5f | 384b 894c | 13f8 4983 | c2f8 4d89 | 5728 e9c7 | fdff ff4d | 8b57 584d 
  0x000002038c6fdb70: 8b5f 48f0 | 8344 24c0 | 0041 8038 | 000f 84ec | fdff ff45 | 8820 4d85 | db75 2049 | 8bc8 498b 
  0x000002038c6fdb90: d749 baf0 | 21b8 69f8 | 7f00 0041 

  0x000002038c6fdb9c: ;   {other}
  0x000002038c6fdb9c: ffd2 0f1f | 8400 0000 | 0000 e9c4 | fdff ff4f | 8944 1af8 | 4983 c3f8 | 4d89 5f48 | e9b2 fdff 
  0x000002038c6fdbbc: ff49 8bd7 | 49ba 1022 | b869 f87f | 0000 41ff 

  0x000002038c6fdbcc: ;   {other}
  0x000002038c6fdbcc: d20f 1f84 | 0000 0000 | 00e9 08fc | ffff ba45 | ffff ff89 | 7c24 2c89 

  0x000002038c6fdbe4: ;   {runtime_call UncommonTrapBlob}
  0x000002038c6fdbe4: 5c24 3ce8 

  0x000002038c6fdbe8: ; ImmutableOopMap {[32]=Oop [44]=NarrowOop }
                      ;*if_icmpne {reexecute=1 rethrow=0 return_oop=0}
                      ; - (reexecute) java.lang.Class::reflectionData@31
                      ; - java.lang.Class::privateGetDeclaredMethods@1
  0x000002038c6fdbe8: 14a1 dffd 

  0x000002038c6fdbec: ;   {other}
  0x000002038c6fdbec: 0f1f 8400 | 5c06 0005 | bade ffff | ff48 8be8 

  0x000002038c6fdbfc: ;   {runtime_call UncommonTrapBlob}
  0x000002038c6fdbfc: 6666 90e8 

  0x000002038c6fdc00: ; ImmutableOopMap {rbp=Oop }
                      ;*checkcast {reexecute=0 rethrow=0 return_oop=0}
                      ; - jdk.internal.reflect.Reflection::filterMethods@24
                      ; - java.lang.Class::privateGetDeclaredMethods@37
  0x000002038c6fdc00: fca0 dffd 

  0x000002038c6fdc04: ;   {other}
  0x000002038c6fdc04: 0f1f 8400 | 7406 0006 | 498b d749 | ba10 22b8 | 69f8 7f00 | 0041 ffd2 

  0x000002038c6fdc1c: ;   {other}
  0x000002038c6fdc1c: 0f1f 8400 | 0000 0000 | e95c fdff | ffba 45ff | ffff 488b | 6c24 2044 | 8b5c 2428 | 4489 5c24 
  0x000002038c6fdc3c: 2048 8944 

  0x000002038c6fdc40: ;   {runtime_call UncommonTrapBlob}
  0x000002038c6fdc40: 2430 90e8 

  0x000002038c6fdc44: ; ImmutableOopMap {rbp=Oop [48]=Oop }
                      ;*ifnull {reexecute=1 rethrow=0 return_oop=0}
                      ; - (reexecute) java.lang.Class::privateGetDeclaredMethods@6
  0x000002038c6fdc44: b8a0 dffd 

  0x000002038c6fdc48: ;   {other}
  0x000002038c6fdc48: 0f1f 8400 | b806 0007 | 498b d749 | ba10 22b8 | 69f8 7f00 | 0041 ffd2 

  0x000002038c6fdc60: ;   {other}
  0x000002038c6fdc60: 0f1f 8400 | 0000 0000 | e9c5 fcff | ffba deff | ffff 897c | 242c 895c 

  0x000002038c6fdc78: ;   {runtime_call UncommonTrapBlob}
  0x000002038c6fdc78: 2438 90e8 

  0x000002038c6fdc7c: ; ImmutableOopMap {rbp=NarrowOop [32]=Oop [44]=NarrowOop }
                      ;*checkcast {reexecute=0 rethrow=0 return_oop=0}
                      ; - java.lang.Class::reflectionData@18
                      ; - java.lang.Class::privateGetDeclaredMethods@1
  0x000002038c6fdc7c: 80a0 dffd 

  0x000002038c6fdc80: ;   {other}
  0x000002038c6fdc80: 0f1f 8400 | f006 0008 | 488b d0eb | 0aeb 0048 | 8bd0 eb03 | 488b d048 | 83c4 505d 

  0x000002038c6fdc9c: ;   {runtime_call _rethrow_Java}
  0x000002038c6fdc9c: e9df 08ed | fdba f4ff 

  0x000002038c6fdca4: ;   {runtime_call UncommonTrapBlob}
  0x000002038c6fdca4: ffff 90e8 

  0x000002038c6fdca8: ; ImmutableOopMap {[48]=Oop }
                      ;*checkcast {reexecute=0 rethrow=0 return_oop=0}
                      ; - jdk.internal.reflect.Reflection::filterMethods@24
                      ; - java.lang.Class::privateGetDeclaredMethods@37
  0x000002038c6fdca8: 54a0 dffd 

  0x000002038c6fdcac: ;   {other}
  0x000002038c6fdcac: 0f1f 8400 | 1c07 0009 

  0x000002038c6fdcb4: ;   {internal_word}
  0x000002038c6fdcb4: 49ba 5cd8 | 6f8c 0302 | 0000 4d89 | 9760 0400 

  0x000002038c6fdcc4: ;   {runtime_call SafepointBlob}
  0x000002038c6fdcc4: 00e9 b68e 

  0x000002038c6fdcc8: ;   {runtime_call StubRoutines (final stubs)}
  0x000002038c6fdcc8: dffd e8f1 | cddd fde9 | e6fa ffff | f4f4 f4f4 
[Stub Code]
  0x000002038c6fdcd8: ;   {no_reloc}
  0x000002038c6fdcd8: 48bb 0000 | 0000 0000 

  0x000002038c6fdce0: ;   {runtime_call nmethod}
  0x000002038c6fdce0: 0000 e9fb 

  0x000002038c6fdce4: ;   {static_stub}
  0x000002038c6fdce4: ffff ff48 | bbd0 be01 | 9c03 0200 

  0x000002038c6fdcf0: ;   {runtime_call I2C/C2I adapters}
  0x000002038c6fdcf0: 00e9 9597 

  0x000002038c6fdcf4: ;   {static_stub}
  0x000002038c6fdcf4: defd 48bb | c8e5 189c | 0302 0000 

  0x000002038c6fdd00: ;   {runtime_call I2C/C2I adapters}
  0x000002038c6fdd00: e902 72df 

  0x000002038c6fdd04: ;   {runtime_call ExceptionBlob}
  0x000002038c6fdd04: fde9 76a0 | ecfd e800 | 0000 0048 | 832c 2405 

  0x000002038c6fdd14: ;   {runtime_call DeoptimizationBlob}
  0x000002038c6fdd14: e907 a3df | fdf4 f4f4 | f4f4 f4f4 
[/MachCode]


Compiled method (c1) 8749154 53473       2       java.lang.Class::getDeclaredMethods (27 bytes)
 total in heap  [0x0000020384397f10,0x0000020384398298] = 904
 relocation     [0x0000020384398070,0x00000203843980b8] = 72
 main code      [0x00000203843980c0,0x00000203843981b8] = 248
 stub code      [0x00000203843981b8,0x0000020384398208] = 80
 metadata       [0x0000020384398208,0x0000020384398220] = 24
 scopes data    [0x0000020384398220,0x0000020384398240] = 32
 scopes pcs     [0x0000020384398240,0x0000020384398290] = 80
 dependencies   [0x0000020384398290,0x0000020384398298] = 8

[Constant Pool (empty)]

[MachCode]
[Entry Point]
  # {method} {0x000002039c01ab90} 'getDeclaredMethods' '()[Ljava/lang/reflect/Method;' in 'java/lang/Class'
  #           [sp+0x70]  (sp of caller)
  0x00000203843980c0: 448b 5208 | 49bb 0000 | 0000 0800 | 0000 4d03 | d34c 3bd0 

  0x00000203843980d4: ;   {runtime_call ic_miss_stub}
  0x00000203843980d4: 0f85 a668 | 1506 660f | 1f44 0000 
[Verified Entry Point]
  0x00000203843980e0: 8984 2400 | 80ff ff55 | 4883 ec60 | 4181 7f20 | 3f00 0000 

  0x00000203843980f4: ;   {runtime_call StubRoutines (final stubs)}
  0x00000203843980f4: 7405 e8c5 | 2914 0649 | b808 2d94 | 9c03 0200 | 0041 8b70 | 0883 c602 | 4189 7008 | 81e6 fe0f 
  0x0000020384398114: 0000 85f6 | 0f84 3900 | 0000 41b8 | 0000 0000 

  0x0000020384398124: ;   {optimized virtual_call}
  0x0000020384398124: 6666 90e8 

  0x0000020384398128: ; ImmutableOopMap {}
                      ;*invokevirtual privateGetDeclaredMethods {reexecute=0 rethrow=0 return_oop=0}
                      ; - java.lang.Class::getDeclaredMethods@20
  0x0000020384398128: 7456 3608 

  0x000002038439812c: ;   {other}
  0x000002038439812c: 0f1f 8400 | 1c02 0000 

  0x0000020384398134: ;   {static_call}
  0x0000020384398134: 488b d0e8 

  0x0000020384398138: ; ImmutableOopMap {}
                      ;*invokestatic copyMethods {reexecute=0 rethrow=0 return_oop=0}
                      ; - java.lang.Class::getDeclaredMethods@23
  0x0000020384398138: 24c6 1c07 

  0x000002038439813c: ;   {other}
  0x000002038439813c: 0f1f 8400 | 2c02 0001 | 4883 c460 

  0x0000020384398148: ;   {poll_return}
  0x0000020384398148: 5d49 3ba7 | 4804 0000 | 0f87 1f00 

  0x0000020384398154: ;   {metadata({method} {0x000002039c01ab90} 'getDeclaredMethods' '()[Ljava/lang/reflect/Method;' in 'java/lang/Class')}
  0x0000020384398154: 0000 c349 | ba88 ab01 | 9c03 0200 | 004c 8954 | 2408 48c7 | 0424 ffff 

  0x000002038439816c: ;   {runtime_call counter_overflow Runtime1 stub}
  0x000002038439816c: ffff e88d 

  0x0000020384398170: ; ImmutableOopMap {rdx=Oop }
                      ;*synchronization entry
                      ; - java.lang.Class::getDeclaredMethods@-1
  0x0000020384398170: e422 06eb 

  0x0000020384398174: ;   {internal_word}
  0x0000020384398174: a949 ba49 | 8139 8403 | 0200 004d | 8997 6004 

  0x0000020384398184: ;   {runtime_call SafepointBlob}
  0x0000020384398184: 0000 e9f5 | e915 0649 | 8b87 f804 | 0000 49c7 | 87f8 0400 | 0000 0000 | 0049 c787 | 0005 0000 
  0x00000203843981a4: 0000 0000 | 4883 c460 

  0x00000203843981ac: ;   {runtime_call unwind_exception Runtime1 stub}
  0x00000203843981ac: 5de9 ce66 | 2206 f4f4 | f4f4 f4f4 
[Stub Code]
  0x00000203843981b8: ;   {no_reloc}
  0x00000203843981b8: 48bb 0000 | 0000 0000 

  0x00000203843981c0: ;   {runtime_call nmethod}
  0x00000203843981c0: 0000 e9fb 

  0x00000203843981c4: ;   {static_stub}
  0x00000203843981c4: ffff ff48 | bb00 0000 | 0000 0000 

  0x00000203843981d0: ;   {runtime_call nmethod}
  0x00000203843981d0: 00e9 fbff 

  0x00000203843981d4: ;   {runtime_call handle_exception_from_callee Runtime1 stub}
  0x00000203843981d4: ffff e8a5 

  0x00000203843981d8: ;   {external_word}
  0x00000203843981d8: 9b22 0648 | b970 611a | 6af8 7f00 | 0048 83e4 

  0x00000203843981e8: ;   {runtime_call}
  0x00000203843981e8: f048 b810 | cde8 69f8 | 7f00 00ff 

  0x00000203843981f4: ;   {section_word}
  0x00000203843981f4: d0f4 49ba | f681 3984 | 0302 0000 

  0x0000020384398200: ;   {runtime_call DeoptimizationBlob}
  0x0000020384398200: 4152 e919 | fe15 06f4 
[/MachCode]


---------------  P R O C E S S  ---------------

Threads class SMR info:
_java_thread_list=0x00000203c7462e90, length=188, elements={
0x00000203ff009d50, 0x000002039b310730, 0x000002039b324ff0, 0x000002039b32e400,
0x000002039b33b220, 0x000002039b3440e0, 0x000002039b344b40, 0x000002039b3455a0,
0x000002039b35e780, 0x000002039b364900, 0x000002039b8ad0b0, 0x00000203a0904c70,
0x00000203a1a36310, 0x00000203a1b6d330, 0x00000203a1adbd80, 0x00000203a1adcaa0,
0x00000203a1add130, 0x00000203a38e94c0, 0x00000203a38e8110, 0x00000203a38eaf00,
0x00000203a38ea1e0, 0x00000203a38e87a0, 0x00000203a38ebc20, 0x00000203a38ec2b0,
0x00000203a38e8e30, 0x00000203a38ec940, 0x00000203a38ecfd0, 0x00000203a38ea870,
0x00000203a38e9b50, 0x00000203a38ed660, 0x00000203a38eea10, 0x00000203a38eb590,
0x00000203a38ef730, 0x00000203a38edcf0, 0x00000203a38ee380, 0x00000203a38ef0a0,
0x00000203a4f088c0, 0x00000203a4f0c3d0, 0x00000203a4f09c70, 0x00000203a4f08f50,
0x00000203a4f0a990, 0x00000203a4f0ca60, 0x00000203a4f0b020, 0x00000203a4f0eb30,
0x00000203a2344c00, 0x00000203a2349430, 0x00000203a99806a0, 0x00000203aa32c950,
0x00000203aacf1e50, 0x00000203a913a800, 0x00000203a913e310, 0x00000203a913e9a0,
0x00000203a9141100, 0x00000203a913dc80, 0x00000203a826b950, 0x000002039b776110,
0x00000203a913a170, 0x000002039b77ddc0, 0x00000203a9139450, 0x00000203a8277e30,
0x000002039b7774c0, 0x00000203b0e2a0c0, 0x00000203a914c230, 0x00000203c011d080,
0x00000203c011c9f0, 0x00000203c011f150, 0x00000203cd1c9050, 0x00000203cd1c6f80,
0x00000203cd1c7610, 0x00000203cd1c7ca0, 0x00000203c841f600, 0x00000203a81d2500,
0x00000203b12dec70, 0x00000203cca0d800, 0x00000203c937d6e0, 0x00000203c0f35af0,
0x00000203ce5b9a10, 0x00000203cbc49d50, 0x00000203cc40c670, 0x00000203ca027d00,
0x00000203b16cdde0, 0x00000203a2f08080, 0x00000203b6f93a10, 0x00000203c8458a60,
0x00000203c0104030, 0x00000203a2f06cd0, 0x00000203c53b1bf0, 0x00000203c7854bd0,
0x00000203c755f450, 0x00000203cb20cb20, 0x00000203c7414f30, 0x00000203c74155c0,
0x00000203c7416970, 0x00000203a0dd84a0, 0x00000203a0dd63d0, 0x00000203a0dd7e10,
0x00000203a0dd70f0, 0x00000203a0dd5d40, 0x00000203ce67ade0, 0x00000203c77d0d70,
0x00000203c77d1440, 0x00000203c77d06a0, 0x00000203c77d1b10, 0x00000203ce67a0c0,
0x00000203ce67b470, 0x00000203ce6793a0, 0x00000203ce67bb00, 0x00000203ce67a750,
0x00000203ce67c820, 0x00000203ce679a30, 0x00000203ca028a20, 0x00000203ca0290b0,
0x00000203ca029740, 0x00000203ca029dd0, 0x00000203ca02a460, 0x00000203c9018c20,
0x00000203c90192b0, 0x00000203c9017870, 0x00000203a2f07360, 0x00000203a2f09ac0,
0x00000203a2f09430, 0x00000203a2f08da0, 0x00000203a2f079f0, 0x00000203a2f06640,
0x00000203a2f08710, 0x00000203a4056780, 0x00000203a4054020, 0x00000203a4053990,
0x00000203a40546b0, 0x00000203a40553d0, 0x00000203a4054d40, 0x00000203a4055a60,
0x00000203a40560f0, 0x00000203a4056e10, 0x00000203cd6c2080, 0x00000203cd6c2710,
0x00000203cd6c4150, 0x00000203cd6c3430, 0x00000203cd6c47e0, 0x00000203cd6c5500,
0x00000203cd6c3ac0, 0x00000203cd6c4e70, 0x00000203cd6c2da0, 0x00000203ce7a9360,
0x00000203ce7ab430, 0x00000203ce7a7fb0, 0x00000203a81d3220, 0x00000203a81d0ac0,
0x00000203a81d2b90, 0x00000203a81cfda0, 0x00000203a81d0430, 0x00000203a81d1150,
0x00000203a81d17e0, 0x00000203a81d1e70, 0x00000203c3462560, 0x00000203c345f770,
0x00000203c3460490, 0x00000203c3462bf0, 0x00000203c345fe00, 0x00000203c3461840,
0x00000203c3460b20, 0x00000203c34611b0, 0x00000203c3461ed0, 0x00000203b6830060,
0x00000203b68306f0, 0x00000203b6832130, 0x00000203b6831aa0, 0x00000203b6830d80,
0x00000203b6832e50, 0x00000203b6831410, 0x00000203b68327c0, 0x00000203b68334e0,
0x00000203b03fdf40, 0x00000203b03fb7e0, 0x00000203b03faac0, 0x00000203b03fb150,
0x00000203b03fbe70, 0x00000203b03fcb90, 0x00000203b03fc500, 0x00000203b03fd8b0,
0x00000203c77ceb60, 0x00000203c77ce490, 0x00000203c77d21e0, 0x00000203c77d3d20,
0x00000203c77d2f80, 0x00000203c77d3650, 0x00000203c77d7a70, 0x00000203c77d6600
}

Java Threads: ( => current thread )
  0x00000203ff009d50 JavaThread "main"                              [_thread_blocked, id=17116, stack(0x0000001db5300000,0x0000001db5400000) (1024K)]
  0x000002039b310730 JavaThread "Common-Cleaner"             daemon [_thread_blocked, id=28076, stack(0x0000001db5b00000,0x0000001db5c00000) (1024K)]
  0x000002039b324ff0 JavaThread "Reference Handler"          daemon [_thread_blocked, id=29168, stack(0x0000001db5c00000,0x0000001db5d00000) (1024K)]
  0x000002039b32e400 JavaThread "Finalizer"                  daemon [_thread_blocked, id=5776, stack(0x0000001db5d00000,0x0000001db5e00000) (1024K)]
  0x000002039b33b220 JavaThread "Signal Dispatcher"          daemon [_thread_blocked, id=27944, stack(0x0000001db5e00000,0x0000001db5f00000) (1024K)]
  0x000002039b3440e0 JavaThread "Attach Listener"            daemon [_thread_blocked, id=35996, stack(0x0000001db5f00000,0x0000001db6000000) (1024K)]
  0x000002039b344b40 JavaThread "Service Thread"             daemon [_thread_blocked, id=26096, stack(0x0000001db6000000,0x0000001db6100000) (1024K)]
  0x000002039b3455a0 JavaThread "Monitor Deflation Thread"   daemon [_thread_blocked, id=3292, stack(0x0000001db6100000,0x0000001db6200000) (1024K)]
  0x000002039b35e780 JavaThread "C2 CompilerThread0"         daemon [_thread_blocked, id=35724, stack(0x0000001db6200000,0x0000001db6300000) (1024K)]
  0x000002039b364900 JavaThread "C1 CompilerThread0"         daemon [_thread_blocked, id=18648, stack(0x0000001db6300000,0x0000001db6400000) (1024K)]
  0x000002039b8ad0b0 JavaThread "Notification Thread"        daemon [_thread_blocked, id=12544, stack(0x0000001db6500000,0x0000001db6600000) (1024K)]
  0x00000203a0904c70 JavaThread "Daemon health stats"               [_thread_blocked, id=16928, stack(0x0000001db8400000,0x0000001db8500000) (1024K)]
  0x00000203a1a36310 JavaThread "Incoming local TCP Connector on port 61290"        [_thread_in_native, id=15872, stack(0x0000001db8500000,0x0000001db8600000) (1024K)]
  0x00000203a1b6d330 JavaThread "Daemon periodic checks"            [_thread_blocked, id=38628, stack(0x0000001db8600000,0x0000001db8700000) (1024K)]
  0x00000203a1adbd80 JavaThread "Cache worker for journal cache (C:\Users\dkzwyly\.gradle\caches\journal-1)"        [_thread_blocked, id=33888, stack(0x0000001db9300000,0x0000001db9400000) (1024K)]
  0x00000203a1adcaa0 JavaThread "File lock request listener"        [_thread_in_native, id=20468, stack(0x0000001db9400000,0x0000001db9500000) (1024K)]
  0x00000203a1add130 JavaThread "Cache worker for file hash cache (C:\Users\dkzwyly\.gradle\caches\8.13\fileHashes)"        [_thread_blocked, id=2676, stack(0x0000001db9500000,0x0000001db9600000) (1024K)]
  0x00000203a38e94c0 JavaThread "File watcher server"        daemon [_thread_in_native, id=22760, stack(0x0000001db9800000,0x0000001db9900000) (1024K)]
  0x00000203a38e8110 JavaThread "File watcher consumer"      daemon [_thread_blocked, id=35188, stack(0x0000001db9900000,0x0000001db9a00000) (1024K)]
  0x00000203a38eaf00 JavaThread "jar transforms"                    [_thread_blocked, id=24684, stack(0x0000001db9a00000,0x0000001db9b00000) (1024K)]
  0x00000203a38ea1e0 JavaThread "jar transforms Thread 2"           [_thread_blocked, id=24672, stack(0x0000001db9b00000,0x0000001db9c00000) (1024K)]
  0x00000203a38e87a0 JavaThread "jar transforms Thread 3"           [_thread_blocked, id=34724, stack(0x0000001db9c00000,0x0000001db9d00000) (1024K)]
  0x00000203a38ebc20 JavaThread "jar transforms Thread 4"           [_thread_blocked, id=12116, stack(0x0000001db9d00000,0x0000001db9e00000) (1024K)]
  0x00000203a38ec2b0 JavaThread "jar transforms Thread 5"           [_thread_blocked, id=39772, stack(0x0000001db9e00000,0x0000001db9f00000) (1024K)]
  0x00000203a38e8e30 JavaThread "jar transforms Thread 6"           [_thread_blocked, id=10468, stack(0x0000001db9f00000,0x0000001dba000000) (1024K)]
  0x00000203a38ec940 JavaThread "jar transforms Thread 7"           [_thread_blocked, id=25708, stack(0x0000001dba000000,0x0000001dba100000) (1024K)]
  0x00000203a38ecfd0 JavaThread "jar transforms Thread 8"           [_thread_blocked, id=25900, stack(0x0000001dba100000,0x0000001dba200000) (1024K)]
  0x00000203a38ea870 JavaThread "jar transforms Thread 9"           [_thread_blocked, id=33644, stack(0x0000001dba200000,0x0000001dba300000) (1024K)]
  0x00000203a38e9b50 JavaThread "jar transforms Thread 10"          [_thread_blocked, id=20296, stack(0x0000001dba300000,0x0000001dba400000) (1024K)]
  0x00000203a38ed660 JavaThread "jar transforms Thread 11"          [_thread_blocked, id=13780, stack(0x0000001dba400000,0x0000001dba500000) (1024K)]
  0x00000203a38eea10 JavaThread "jar transforms Thread 12"          [_thread_blocked, id=18416, stack(0x0000001dba500000,0x0000001dba600000) (1024K)]
  0x00000203a38eb590 JavaThread "jar transforms Thread 13"          [_thread_blocked, id=35736, stack(0x0000001dba600000,0x0000001dba700000) (1024K)]
  0x00000203a38ef730 JavaThread "jar transforms Thread 14"          [_thread_blocked, id=38000, stack(0x0000001dba700000,0x0000001dba800000) (1024K)]
  0x00000203a38edcf0 JavaThread "jar transforms Thread 15"          [_thread_blocked, id=1212, stack(0x0000001dba800000,0x0000001dba900000) (1024K)]
  0x00000203a38ee380 JavaThread "jar transforms Thread 16"          [_thread_blocked, id=34972, stack(0x0000001dba900000,0x0000001dbaa00000) (1024K)]
  0x00000203a38ef0a0 JavaThread "jar transforms Thread 17"          [_thread_blocked, id=6324, stack(0x0000001dbaa00000,0x0000001dbab00000) (1024K)]
  0x00000203a4f088c0 JavaThread "jar transforms Thread 18"          [_thread_blocked, id=24136, stack(0x0000001dbab00000,0x0000001dbac00000) (1024K)]
  0x00000203a4f0c3d0 JavaThread "jar transforms Thread 19"          [_thread_blocked, id=21556, stack(0x0000001dbac00000,0x0000001dbad00000) (1024K)]
  0x00000203a4f09c70 JavaThread "jar transforms Thread 20"          [_thread_blocked, id=33568, stack(0x0000001dbad00000,0x0000001dbae00000) (1024K)]
  0x00000203a4f08f50 JavaThread "jar transforms Thread 21"          [_thread_blocked, id=20456, stack(0x0000001dbae00000,0x0000001dbaf00000) (1024K)]
  0x00000203a4f0a990 JavaThread "jar transforms Thread 22"          [_thread_blocked, id=28444, stack(0x0000001dbaf00000,0x0000001dbb000000) (1024K)]
  0x00000203a4f0ca60 JavaThread "jar transforms Thread 23"          [_thread_blocked, id=30424, stack(0x0000001dbb000000,0x0000001dbb100000) (1024K)]
  0x00000203a4f0b020 JavaThread "Cache worker for file content cache (C:\Users\dkzwyly\.gradle\caches\8.13\fileContent)"        [_thread_blocked, id=15216, stack(0x0000001dbb200000,0x0000001dbb300000) (1024K)]
  0x00000203a4f0eb30 JavaThread "jar transforms Thread 24"          [_thread_blocked, id=25576, stack(0x0000001dbb300000,0x0000001dbb400000) (1024K)]
  0x00000203a2344c00 JavaThread "jar transforms Thread 25"          [_thread_blocked, id=22204, stack(0x0000001dbba00000,0x0000001dbbb00000) (1024K)]
  0x00000203a2349430 JavaThread "jar transforms Thread 26"          [_thread_blocked, id=39848, stack(0x0000001dbbd00000,0x0000001dbbe00000) (1024K)]
  0x00000203a99806a0 JavaThread "jar transforms Thread 27"          [_thread_blocked, id=13692, stack(0x0000001dbcf00000,0x0000001dbd000000) (1024K)]
  0x00000203aa32c950 JavaThread "Memory manager"                    [_thread_blocked, id=30528, stack(0x0000001dbbc00000,0x0000001dbbd00000) (1024K)]
  0x00000203aacf1e50 JavaThread "pool-3-thread-1"                   [_thread_blocked, id=14756, stack(0x0000001dbbb00000,0x0000001dbbc00000) (1024K)]
  0x00000203a913a800 JavaThread "jar transforms Thread 28"          [_thread_blocked, id=16716, stack(0x0000001db9100000,0x0000001db9200000) (1024K)]
  0x00000203a913e310 JavaThread "jar transforms Thread 29"          [_thread_blocked, id=3968, stack(0x0000001dbb800000,0x0000001dbb900000) (1024K)]
  0x00000203a913e9a0 JavaThread "jar transforms Thread 30"          [_thread_blocked, id=24624, stack(0x0000001dbb900000,0x0000001dbba00000) (1024K)]
  0x00000203a9141100 JavaThread "jar transforms Thread 31"          [_thread_blocked, id=2600, stack(0x0000001dbc300000,0x0000001dbc400000) (1024K)]
  0x00000203a913dc80 JavaThread "jar transforms Thread 32"          [_thread_blocked, id=6024, stack(0x0000001dbc400000,0x0000001dbc500000) (1024K)]
  0x00000203a826b950 JavaThread "pool-6-thread-1"                   [_thread_blocked, id=12816, stack(0x0000001dc0e00000,0x0000001dc0f00000) (1024K)]
  0x000002039b776110 JavaThread "pool-9-thread-1"                   [_thread_blocked, id=19648, stack(0x0000001dc0700000,0x0000001dc0800000) (1024K)]
  0x00000203a913a170 JavaThread "pool-12-thread-1"                  [_thread_blocked, id=19136, stack(0x0000001dc0400000,0x0000001dc0500000) (1024K)]
  0x000002039b77ddc0 JavaThread "pool-15-thread-1"                  [_thread_blocked, id=12716, stack(0x0000001dc0a00000,0x0000001dc0b00000) (1024K)]
  0x00000203a9139450 JavaThread "pool-18-thread-1"                  [_thread_blocked, id=26260, stack(0x0000001dc0600000,0x0000001dc0700000) (1024K)]
  0x00000203a8277e30 JavaThread "pool-21-thread-1"                  [_thread_blocked, id=38612, stack(0x0000001dc0d00000,0x0000001dc0e00000) (1024K)]
  0x000002039b7774c0 JavaThread "pool-24-thread-1"                  [_thread_blocked, id=2656, stack(0x0000001dc0500000,0x0000001dc0600000) (1024K)]
  0x00000203b0e2a0c0 JavaThread "pool-27-thread-1"                  [_thread_blocked, id=25092, stack(0x0000001dc0f00000,0x0000001dc1000000) (1024K)]
  0x00000203a914c230 JavaThread "pool-30-thread-1"                  [_thread_blocked, id=14724, stack(0x0000001dc1c00000,0x0000001dc1d00000) (1024K)]
  0x00000203c011d080 JavaThread "pool-33-thread-1"                  [_thread_blocked, id=21176, stack(0x0000001dc1700000,0x0000001dc1800000) (1024K)]
  0x00000203c011c9f0 JavaThread "pool-36-thread-1"                  [_thread_blocked, id=8980, stack(0x0000001dc0c00000,0x0000001dc0d00000) (1024K)]
  0x00000203c011f150 JavaThread "pool-39-thread-1"                  [_thread_blocked, id=36324, stack(0x0000001dc1300000,0x0000001dc1400000) (1024K)]
  0x00000203cd1c9050 JavaThread "RMI Scheduler(0)"           daemon [_thread_blocked, id=22160, stack(0x0000001db6d00000,0x0000001db6e00000) (1024K)]
  0x00000203cd1c6f80 JavaThread "RMI GC Daemon"              daemon [_thread_blocked, id=39512, stack(0x0000001dd0900000,0x0000001dd0a00000) (1024K)]
  0x00000203cd1c7610 JavaThread "RMI TCP Accept-0"           daemon [_thread_in_native, id=15828, stack(0x0000001dd0a00000,0x0000001dd0b00000) (1024K)]
  0x00000203cd1c7ca0 JavaThread "RMI Reaper"                        [_thread_blocked, id=29692, stack(0x0000001dd0b00000,0x0000001dd0c00000) (1024K)]
  0x00000203c841f600 JavaThread "pool-43-thread-1"                  [_thread_blocked, id=30380, stack(0x0000001dc0b00000,0x0000001dc0c00000) (1024K)]
  0x00000203a81d2500 JavaThread "Cache worker for Java compile cache (C:\Users\dkzwyly\.gradle\caches\8.13\javaCompile)"        [_thread_blocked, id=18020, stack(0x0000001dc8100000,0x0000001dc8200000) (1024K)]
  0x00000203b12dec70 JavaThread "pool-47-thread-1"                  [_thread_blocked, id=19632, stack(0x0000001dc1400000,0x0000001dc1500000) (1024K)]
  0x00000203cca0d800 JavaThread "pool-50-thread-1"                  [_thread_blocked, id=37320, stack(0x0000001dc0900000,0x0000001dc0a00000) (1024K)]
  0x00000203c937d6e0 JavaThread "pool-55-thread-1"                  [_thread_blocked, id=16368, stack(0x0000001dc0800000,0x0000001dc0900000) (1024K)]
  0x00000203c0f35af0 JavaThread "pool-58-thread-1"                  [_thread_blocked, id=19180, stack(0x0000001dc0300000,0x0000001dc0400000) (1024K)]
  0x00000203ce5b9a10 JavaThread "pool-62-thread-1"                  [_thread_blocked, id=21688, stack(0x0000001dc1500000,0x0000001dc1600000) (1024K)]
  0x00000203cbc49d50 JavaThread "pool-66-thread-1"                  [_thread_blocked, id=11064, stack(0x0000001dc0200000,0x0000001dc0300000) (1024K)]
  0x00000203cc40c670 JavaThread "pool-70-thread-1"                  [_thread_blocked, id=9664, stack(0x0000001dc1200000,0x0000001dc1300000) (1024K)]
  0x00000203ca027d00 JavaThread "pool-74-thread-1"                  [_thread_blocked, id=32212, stack(0x0000001dc1100000,0x0000001dc1200000) (1024K)]
  0x00000203b16cdde0 JavaThread "pool-77-thread-1"                  [_thread_blocked, id=30536, stack(0x0000001dc1600000,0x0000001dc1700000) (1024K)]
  0x00000203a2f08080 JavaThread "pool-81-thread-1"                  [_thread_blocked, id=35096, stack(0x0000001dc1800000,0x0000001dc1900000) (1024K)]
  0x00000203b6f93a10 JavaThread "pool-84-thread-1"                  [_thread_blocked, id=23840, stack(0x0000001dc1000000,0x0000001dc1100000) (1024K)]
  0x00000203c8458a60 JavaThread "pool-87-thread-1"                  [_thread_blocked, id=36572, stack(0x0000001dc1e00000,0x0000001dc1f00000) (1024K)]
  0x00000203c0104030 JavaThread "pool-90-thread-1"                  [_thread_blocked, id=33496, stack(0x0000001dc1b00000,0x0000001dc1c00000) (1024K)]
  0x00000203a2f06cd0 JavaThread "pool-94-thread-1"                  [_thread_blocked, id=21188, stack(0x0000001dc1d00000,0x0000001dc1e00000) (1024K)]
  0x00000203c53b1bf0 JavaThread "pool-98-thread-1"                  [_thread_blocked, id=17812, stack(0x0000001dc0100000,0x0000001dc0200000) (1024K)]
  0x00000203c7854bd0 JavaThread "pool-101-thread-1"                 [_thread_blocked, id=38472, stack(0x0000001dc1a00000,0x0000001dc1b00000) (1024K)]
  0x00000203c755f450 JavaThread "pool-105-thread-1"                 [_thread_blocked, id=17792, stack(0x0000001dc2100000,0x0000001dc2200000) (1024K)]
  0x00000203cb20cb20 JavaThread "Daemon Thread 25"                  [_thread_blocked, id=20636, stack(0x0000001db5000000,0x0000001db5100000) (1024K)]
  0x00000203c7414f30 JavaThread "Handler for socket connection from /127.0.0.1:61290 to /127.0.0.1:64343"        [_thread_in_native, id=15556, stack(0x0000001db5100000,0x0000001db5200000) (1024K)]
  0x00000203c74155c0 JavaThread "Cancel handler"                    [_thread_blocked, id=3644, stack(0x0000001db5200000,0x0000001db5300000) (1024K)]
=>0x00000203c7416970 JavaThread "Daemon worker Thread 25"           [_thread_in_vm, id=18124, stack(0x0000001db6400000,0x0000001db6500000) (1024K)]
  0x00000203a0dd84a0 JavaThread "Asynchronous log dispatcher for DefaultDaemonConnection: socket connection from /127.0.0.1:61290 to /127.0.0.1:64343"        [_thread_blocked, id=20144, stack(0x0000001db6600000,0x0000001db6700000) (1024K)]
  0x00000203a0dd63d0 JavaThread "Stdin handler"                     [_thread_blocked, id=29036, stack(0x0000001db6700000,0x0000001db6800000) (1024K)]
  0x00000203a0dd7e10 JavaThread "Daemon client event forwarder"        [_thread_blocked, id=17732, stack(0x0000001db6800000,0x0000001db6900000) (1024K)]
  0x00000203a0dd70f0 JavaThread "Cache worker for file hash cache (C:\Users\dkzwyly\StudioProjects\FileServerClient\.gradle\8.13\fileHashes)"        [_thread_blocked, id=31704, stack(0x0000001db6900000,0x0000001db6a00000) (1024K)]
  0x00000203a0dd5d40 JavaThread "Cache worker for Build Output Cleanup Cache (C:\Users\dkzwyly\StudioProjects\FileServerClient\.gradle\buildOutputCleanup)"        [_thread_blocked, id=17608, stack(0x0000001db6a00000,0x0000001db6b00000) (1024K)]
  0x00000203ce67ade0 JavaThread "Cache worker for checksums cache (C:\Users\dkzwyly\StudioProjects\FileServerClient\.gradle\8.13\checksums)"        [_thread_blocked, id=28148, stack(0x0000001db6b00000,0x0000001db6c00000) (1024K)]
  0x00000203c77d0d70 JavaThread "C1 CompilerThread1"         daemon [_thread_blocked, id=12840, stack(0x0000001db6c00000,0x0000001db6d00000) (1024K)]
  0x00000203c77d1440 JavaThread "C1 CompilerThread2"         daemon [_thread_blocked, id=16520, stack(0x0000001db8700000,0x0000001db8800000) (1024K)]
  0x00000203c77d06a0 JavaThread "C1 CompilerThread3"         daemon [_thread_blocked, id=30392, stack(0x0000001db8800000,0x0000001db8900000) (1024K)]
  0x00000203c77d1b10 JavaThread "C1 CompilerThread4"         daemon [_thread_blocked, id=37040, stack(0x0000001db8900000,0x0000001db8a00000) (1024K)]
  0x00000203ce67a0c0 JavaThread "Cache worker for cache directory md-supplier (C:\Users\dkzwyly\.gradle\caches\8.13\md-supplier)"        [_thread_blocked, id=3352, stack(0x0000001db8f00000,0x0000001db9000000) (1024K)]
  0x00000203ce67b470 JavaThread "Cache worker for cache directory md-rule (C:\Users\dkzwyly\.gradle\caches\8.13\md-rule)"        [_thread_blocked, id=39860, stack(0x0000001db9000000,0x0000001db9100000) (1024K)]
  0x00000203ce6793a0 JavaThread "Unconstrained build operations"        [_thread_blocked, id=18492, stack(0x0000001db9200000,0x0000001db9300000) (1024K)]
  0x00000203ce67bb00 JavaThread "Unconstrained build operations Thread 2"        [_thread_blocked, id=9680, stack(0x0000001db9600000,0x0000001db9700000) (1024K)]
  0x00000203ce67a750 JavaThread "Unconstrained build operations Thread 3"        [_thread_blocked, id=23948, stack(0x0000001db9700000,0x0000001db9800000) (1024K)]
  0x00000203ce67c820 JavaThread "Unconstrained build operations Thread 4"        [_thread_blocked, id=25124, stack(0x0000001dbb100000,0x0000001dbb200000) (1024K)]
  0x00000203ce679a30 JavaThread "Unconstrained build operations Thread 5"        [_thread_blocked, id=37356, stack(0x0000001dbb400000,0x0000001dbb500000) (1024K)]
  0x00000203ca028a20 JavaThread "Unconstrained build operations Thread 6"        [_thread_blocked, id=27824, stack(0x0000001dbb500000,0x0000001dbb600000) (1024K)]
  0x00000203ca0290b0 JavaThread "Unconstrained build operations Thread 7"        [_thread_blocked, id=38232, stack(0x0000001dbb600000,0x0000001dbb700000) (1024K)]
  0x00000203ca029740 JavaThread "Unconstrained build operations Thread 8"        [_thread_blocked, id=33104, stack(0x0000001dbb700000,0x0000001dbb800000) (1024K)]
  0x00000203ca029dd0 JavaThread "Unconstrained build operations Thread 9"        [_thread_blocked, id=32808, stack(0x0000001dbbe00000,0x0000001dbbf00000) (1024K)]
  0x00000203ca02a460 JavaThread "Unconstrained build operations Thread 10"        [_thread_blocked, id=37864, stack(0x0000001dbbf00000,0x0000001dbc000000) (1024K)]
  0x00000203c9018c20 JavaThread "Unconstrained build operations Thread 11"        [_thread_blocked, id=23044, stack(0x0000001dbc000000,0x0000001dbc100000) (1024K)]
  0x00000203c90192b0 JavaThread "Unconstrained build operations Thread 12"        [_thread_blocked, id=24604, stack(0x0000001dbc100000,0x0000001dbc200000) (1024K)]
  0x00000203c9017870 JavaThread "Unconstrained build operations Thread 13"        [_thread_blocked, id=23032, stack(0x0000001dbc200000,0x0000001dbc300000) (1024K)]
  0x00000203a2f07360 JavaThread "Unconstrained build operations Thread 14"        [_thread_blocked, id=6544, stack(0x0000001dbc500000,0x0000001dbc600000) (1024K)]
  0x00000203a2f09ac0 JavaThread "Unconstrained build operations Thread 15"        [_thread_blocked, id=14116, stack(0x0000001dbc600000,0x0000001dbc700000) (1024K)]
  0x00000203a2f09430 JavaThread "Unconstrained build operations Thread 16"        [_thread_blocked, id=32200, stack(0x0000001dbc700000,0x0000001dbc800000) (1024K)]
  0x00000203a2f08da0 JavaThread "Unconstrained build operations Thread 17"        [_thread_blocked, id=32384, stack(0x0000001dbc800000,0x0000001dbc900000) (1024K)]
  0x00000203a2f079f0 JavaThread "Unconstrained build operations Thread 18"        [_thread_blocked, id=31352, stack(0x0000001dbc900000,0x0000001dbca00000) (1024K)]
  0x00000203a2f06640 JavaThread "Unconstrained build operations Thread 19"        [_thread_blocked, id=17628, stack(0x0000001dbca00000,0x0000001dbcb00000) (1024K)]
  0x00000203a2f08710 JavaThread "Unconstrained build operations Thread 20"        [_thread_blocked, id=20828, stack(0x0000001dbcb00000,0x0000001dbcc00000) (1024K)]
  0x00000203a4056780 JavaThread "Unconstrained build operations Thread 21"        [_thread_blocked, id=34196, stack(0x0000001dbcc00000,0x0000001dbcd00000) (1024K)]
  0x00000203a4054020 JavaThread "Unconstrained build operations Thread 22"        [_thread_blocked, id=27612, stack(0x0000001dbcd00000,0x0000001dbce00000) (1024K)]
  0x00000203a4053990 JavaThread "Unconstrained build operations Thread 23"        [_thread_blocked, id=31588, stack(0x0000001dbce00000,0x0000001dbcf00000) (1024K)]
  0x00000203a40546b0 JavaThread "Unconstrained build operations Thread 24"        [_thread_blocked, id=28248, stack(0x0000001dbd000000,0x0000001dbd100000) (1024K)]
  0x00000203a40553d0 JavaThread "Unconstrained build operations Thread 25"        [_thread_blocked, id=26320, stack(0x0000001dbd100000,0x0000001dbd200000) (1024K)]
  0x00000203a4054d40 JavaThread "Unconstrained build operations Thread 26"        [_thread_blocked, id=34540, stack(0x0000001dbd200000,0x0000001dbd300000) (1024K)]
  0x00000203a4055a60 JavaThread "Unconstrained build operations Thread 27"        [_thread_blocked, id=27852, stack(0x0000001dbd300000,0x0000001dbd400000) (1024K)]
  0x00000203a40560f0 JavaThread "Unconstrained build operations Thread 28"        [_thread_blocked, id=25860, stack(0x0000001dbd400000,0x0000001dbd500000) (1024K)]
  0x00000203a4056e10 JavaThread "Unconstrained build operations Thread 29"        [_thread_blocked, id=12552, stack(0x0000001dbd500000,0x0000001dbd600000) (1024K)]
  0x00000203cd6c2080 JavaThread "Unconstrained build operations Thread 30"        [_thread_blocked, id=21124, stack(0x0000001dbd600000,0x0000001dbd700000) (1024K)]
  0x00000203cd6c2710 JavaThread "Unconstrained build operations Thread 31"        [_thread_blocked, id=27508, stack(0x0000001dbd700000,0x0000001dbd800000) (1024K)]
  0x00000203cd6c4150 JavaThread "Unconstrained build operations Thread 32"        [_thread_blocked, id=27152, stack(0x0000001dbd800000,0x0000001dbd900000) (1024K)]
  0x00000203cd6c3430 JavaThread "Unconstrained build operations Thread 33"        [_thread_blocked, id=32608, stack(0x0000001dbd900000,0x0000001dbda00000) (1024K)]
  0x00000203cd6c47e0 JavaThread "Unconstrained build operations Thread 34"        [_thread_blocked, id=21272, stack(0x0000001dbda00000,0x0000001dbdb00000) (1024K)]
  0x00000203cd6c5500 JavaThread "Unconstrained build operations Thread 35"        [_thread_blocked, id=32620, stack(0x0000001dbdb00000,0x0000001dbdc00000) (1024K)]
  0x00000203cd6c3ac0 JavaThread "Unconstrained build operations Thread 36"        [_thread_blocked, id=18976, stack(0x0000001dbdc00000,0x0000001dbdd00000) (1024K)]
  0x00000203cd6c4e70 JavaThread "Unconstrained build operations Thread 37"        [_thread_blocked, id=6404, stack(0x0000001dbdd00000,0x0000001dbde00000) (1024K)]
  0x00000203cd6c2da0 JavaThread "Unconstrained build operations Thread 38"        [_thread_blocked, id=664, stack(0x0000001dbde00000,0x0000001dbdf00000) (1024K)]
  0x00000203ce7a9360 JavaThread "Unconstrained build operations Thread 39"        [_thread_blocked, id=37380, stack(0x0000001dbdf00000,0x0000001dbe000000) (1024K)]
  0x00000203ce7ab430 JavaThread "Unconstrained build operations Thread 40"        [_thread_blocked, id=24044, stack(0x0000001dbe000000,0x0000001dbe100000) (1024K)]
  0x00000203ce7a7fb0 JavaThread "Unconstrained build operations Thread 41"        [_thread_blocked, id=35456, stack(0x0000001dbe100000,0x0000001dbe200000) (1024K)]
  0x00000203a81d3220 JavaThread "Unconstrained build operations Thread 42"        [_thread_blocked, id=20548, stack(0x0000001dbe200000,0x0000001dbe300000) (1024K)]
  0x00000203a81d0ac0 JavaThread "Unconstrained build operations Thread 43"        [_thread_blocked, id=32096, stack(0x0000001dbe300000,0x0000001dbe400000) (1024K)]
  0x00000203a81d2b90 JavaThread "Unconstrained build operations Thread 44"        [_thread_blocked, id=2824, stack(0x0000001dbe400000,0x0000001dbe500000) (1024K)]
  0x00000203a81cfda0 JavaThread "Unconstrained build operations Thread 45"        [_thread_blocked, id=31772, stack(0x0000001dbe500000,0x0000001dbe600000) (1024K)]
  0x00000203a81d0430 JavaThread "Unconstrained build operations Thread 46"        [_thread_blocked, id=9968, stack(0x0000001dbe600000,0x0000001dbe700000) (1024K)]
  0x00000203a81d1150 JavaThread "Unconstrained build operations Thread 47"        [_thread_blocked, id=37712, stack(0x0000001dbe700000,0x0000001dbe800000) (1024K)]
  0x00000203a81d17e0 JavaThread "Unconstrained build operations Thread 48"        [_thread_blocked, id=29536, stack(0x0000001dbe800000,0x0000001dbe900000) (1024K)]
  0x00000203a81d1e70 JavaThread "Unconstrained build operations Thread 49"        [_thread_blocked, id=34036, stack(0x0000001dbe900000,0x0000001dbea00000) (1024K)]
  0x00000203c3462560 JavaThread "Unconstrained build operations Thread 50"        [_thread_blocked, id=37128, stack(0x0000001dbea00000,0x0000001dbeb00000) (1024K)]
  0x00000203c345f770 JavaThread "Unconstrained build operations Thread 51"        [_thread_blocked, id=26780, stack(0x0000001dbeb00000,0x0000001dbec00000) (1024K)]
  0x00000203c3460490 JavaThread "Unconstrained build operations Thread 52"        [_thread_blocked, id=29932, stack(0x0000001dbec00000,0x0000001dbed00000) (1024K)]
  0x00000203c3462bf0 JavaThread "Unconstrained build operations Thread 53"        [_thread_blocked, id=34756, stack(0x0000001dbed00000,0x0000001dbee00000) (1024K)]
  0x00000203c345fe00 JavaThread "Unconstrained build operations Thread 54"        [_thread_blocked, id=31820, stack(0x0000001dbee00000,0x0000001dbef00000) (1024K)]
  0x00000203c3461840 JavaThread "Unconstrained build operations Thread 55"        [_thread_blocked, id=29444, stack(0x0000001dbef00000,0x0000001dbf000000) (1024K)]
  0x00000203c3460b20 JavaThread "Unconstrained build operations Thread 56"        [_thread_blocked, id=33392, stack(0x0000001dbf000000,0x0000001dbf100000) (1024K)]
  0x00000203c34611b0 JavaThread "Unconstrained build operations Thread 57"        [_thread_blocked, id=22516, stack(0x0000001dbf100000,0x0000001dbf200000) (1024K)]
  0x00000203c3461ed0 JavaThread "Unconstrained build operations Thread 58"        [_thread_blocked, id=9988, stack(0x0000001dbf200000,0x0000001dbf300000) (1024K)]
  0x00000203b6830060 JavaThread "Unconstrained build operations Thread 59"        [_thread_blocked, id=30172, stack(0x0000001dbf300000,0x0000001dbf400000) (1024K)]
  0x00000203b68306f0 JavaThread "Unconstrained build operations Thread 60"        [_thread_blocked, id=33396, stack(0x0000001dbf400000,0x0000001dbf500000) (1024K)]
  0x00000203b6832130 JavaThread "Unconstrained build operations Thread 61"        [_thread_blocked, id=14700, stack(0x0000001dbf500000,0x0000001dbf600000) (1024K)]
  0x00000203b6831aa0 JavaThread "Unconstrained build operations Thread 62"        [_thread_blocked, id=39336, stack(0x0000001dbf600000,0x0000001dbf700000) (1024K)]
  0x00000203b6830d80 JavaThread "Unconstrained build operations Thread 63"        [_thread_blocked, id=33504, stack(0x0000001dbf700000,0x0000001dbf800000) (1024K)]
  0x00000203b6832e50 JavaThread "Unconstrained build operations Thread 64"        [_thread_blocked, id=20848, stack(0x0000001dbf800000,0x0000001dbf900000) (1024K)]
  0x00000203b6831410 JavaThread "Unconstrained build operations Thread 65"        [_thread_blocked, id=24304, stack(0x0000001dbf900000,0x0000001dbfa00000) (1024K)]
  0x00000203b68327c0 JavaThread "Unconstrained build operations Thread 66"        [_thread_blocked, id=4972, stack(0x0000001dbfa00000,0x0000001dbfb00000) (1024K)]
  0x00000203b68334e0 JavaThread "Unconstrained build operations Thread 67"        [_thread_blocked, id=12072, stack(0x0000001dbfb00000,0x0000001dbfc00000) (1024K)]
  0x00000203b03fdf40 JavaThread "Unconstrained build operations Thread 68"        [_thread_blocked, id=31832, stack(0x0000001dbfc00000,0x0000001dbfd00000) (1024K)]
  0x00000203b03fb7e0 JavaThread "Unconstrained build operations Thread 69"        [_thread_blocked, id=36284, stack(0x0000001dbfd00000,0x0000001dbfe00000) (1024K)]
  0x00000203b03faac0 JavaThread "Unconstrained build operations Thread 70"        [_thread_blocked, id=11432, stack(0x0000001dbfe00000,0x0000001dbff00000) (1024K)]
  0x00000203b03fb150 JavaThread "Unconstrained build operations Thread 71"        [_thread_blocked, id=18212, stack(0x0000001dbff00000,0x0000001dc0000000) (1024K)]
  0x00000203b03fbe70 JavaThread "Unconstrained build operations Thread 72"        [_thread_blocked, id=15936, stack(0x0000001dc0000000,0x0000001dc0100000) (1024K)]
  0x00000203b03fcb90 JavaThread "build event listener"              [_thread_blocked, id=16760, stack(0x0000001dc1900000,0x0000001dc1a00000) (1024K)]
  0x00000203b03fc500 JavaThread "build event listener"              [_thread_blocked, id=12112, stack(0x0000001dc1f00000,0x0000001dc2000000) (1024K)]
  0x00000203b03fd8b0 JavaThread "Problems report writer"            [_thread_blocked, id=33140, stack(0x0000001dc2000000,0x0000001dc2100000) (1024K)]
  0x00000203c77ceb60 JavaThread "C2 CompilerThread1"         daemon [_thread_blocked, id=26940, stack(0x0000001dc2200000,0x0000001dc2300000) (1024K)]
  0x00000203c77ce490 JavaThread "C2 CompilerThread2"         daemon [_thread_blocked, id=36220, stack(0x0000001dc2300000,0x0000001dc2400000) (1024K)]
  0x00000203c77d21e0 JavaThread "C2 CompilerThread3"         daemon [_thread_blocked, id=37956, stack(0x0000001dc2400000,0x0000001dc2500000) (1024K)]
  0x00000203c77d3d20 JavaThread "C2 CompilerThread4"         daemon [_thread_blocked, id=21704, stack(0x0000001dc2500000,0x0000001dc2600000) (1024K)]
  0x00000203c77d2f80 JavaThread "C2 CompilerThread5"         daemon [_thread_blocked, id=22556, stack(0x0000001dc2600000,0x0000001dc2700000) (1024K)]
  0x00000203c77d3650 JavaThread "C2 CompilerThread6"         daemon [_thread_blocked, id=17880, stack(0x0000001dc2700000,0x0000001dc2800000) (1024K)]
  0x00000203c77d7a70 JavaThread "C2 CompilerThread7"         daemon [_thread_blocked, id=23092, stack(0x0000001dc2800000,0x0000001dc2900000) (1024K)]
  0x00000203c77d6600 JavaThread "C2 CompilerThread8"         daemon [_thread_blocked, id=30508, stack(0x0000001dc2900000,0x0000001dc2a00000) (1024K)]
Total: 188

Other Threads:
  0x000002039b26a240 VMThread "VM Thread"                           [id=32160, stack(0x0000001db5a00000,0x0000001db5b00000) (1024K)]
  0x000002039b20b750 WatcherThread "VM Periodic Task Thread"        [id=33068, stack(0x0000001db5900000,0x0000001db5a00000) (1024K)]
  0x00000203ff077680 WorkerThread "GC Thread#0"                     [id=9820, stack(0x0000001db5400000,0x0000001db5500000) (1024K)]
  0x00000203a0a621a0 WorkerThread "GC Thread#1"                     [id=28364, stack(0x0000001db6e00000,0x0000001db6f00000) (1024K)]
  0x000002039b8c4be0 WorkerThread "GC Thread#2"                     [id=17588, stack(0x0000001db6f00000,0x0000001db7000000) (1024K)]
  0x000002039b8c4f80 WorkerThread "GC Thread#3"                     [id=34404, stack(0x0000001db7000000,0x0000001db7100000) (1024K)]
  0x000002039b8cb8c0 WorkerThread "GC Thread#4"                     [id=22708, stack(0x0000001db7100000,0x0000001db7200000) (1024K)]
  0x000002039b8cc060 WorkerThread "GC Thread#5"                     [id=19696, stack(0x0000001db7200000,0x0000001db7300000) (1024K)]
  0x00000203a05a8cf0 WorkerThread "GC Thread#6"                     [id=27760, stack(0x0000001db7300000,0x0000001db7400000) (1024K)]
  0x000002039bc37f20 WorkerThread "GC Thread#7"                     [id=23156, stack(0x0000001db7400000,0x0000001db7500000) (1024K)]
  0x00000203a09dc1d0 WorkerThread "GC Thread#8"                     [id=9724, stack(0x0000001db7500000,0x0000001db7600000) (1024K)]
  0x00000203a05a98b0 WorkerThread "GC Thread#9"                     [id=26000, stack(0x0000001db7600000,0x0000001db7700000) (1024K)]
  0x00000203a05a9c50 WorkerThread "GC Thread#10"                    [id=31524, stack(0x0000001db7700000,0x0000001db7800000) (1024K)]
  0x00000203a0fcb6f0 WorkerThread "GC Thread#11"                    [id=33688, stack(0x0000001db7800000,0x0000001db7900000) (1024K)]
  0x00000203a0fcbe30 WorkerThread "GC Thread#12"                    [id=39500, stack(0x0000001db7900000,0x0000001db7a00000) (1024K)]
  0x00000203a0fcc570 WorkerThread "GC Thread#13"                    [id=35524, stack(0x0000001db7a00000,0x0000001db7b00000) (1024K)]
  0x00000203a0fcccb0 WorkerThread "GC Thread#14"                    [id=35364, stack(0x0000001db7b00000,0x0000001db7c00000) (1024K)]
  0x00000203a0fcba90 WorkerThread "GC Thread#15"                    [id=26172, stack(0x0000001db7c00000,0x0000001db7d00000) (1024K)]
  0x00000203a0fcb350 WorkerThread "GC Thread#16"                    [id=18316, stack(0x0000001db7d00000,0x0000001db7e00000) (1024K)]
  0x00000203a0fcc910 WorkerThread "GC Thread#17"                    [id=9960, stack(0x0000001db7e00000,0x0000001db7f00000) (1024K)]
  0x00000203a0fcc1d0 WorkerThread "GC Thread#18"                    [id=38600, stack(0x0000001db7f00000,0x0000001db8000000) (1024K)]
  0x00000203a002a120 WorkerThread "GC Thread#19"                    [id=24564, stack(0x0000001db8000000,0x0000001db8100000) (1024K)]
  0x00000203a00292a0 WorkerThread "GC Thread#20"                    [id=23672, stack(0x0000001db8100000,0x0000001db8200000) (1024K)]
  0x00000203a002a860 WorkerThread "GC Thread#21"                    [id=15844, stack(0x0000001db8200000,0x0000001db8300000) (1024K)]
  0x00000203a002ba80 WorkerThread "GC Thread#22"                    [id=16188, stack(0x0000001db8300000,0x0000001db8400000) (1024K)]
  0x00000203ff088630 ConcurrentGCThread "G1 Main Marker"            [id=27868, stack(0x0000001db5500000,0x0000001db5600000) (1024K)]
  0x00000203ff089e80 WorkerThread "G1 Conc#0"                       [id=35380, stack(0x0000001db5600000,0x0000001db5700000) (1024K)]
  0x00000203a0028420 WorkerThread "G1 Conc#1"                       [id=696, stack(0x0000001db8a00000,0x0000001db8b00000) (1024K)]
  0x00000203a002ac00 WorkerThread "G1 Conc#2"                       [id=34076, stack(0x0000001db8b00000,0x0000001db8c00000) (1024K)]
  0x00000203a0028b60 WorkerThread "G1 Conc#3"                       [id=22444, stack(0x0000001db8c00000,0x0000001db8d00000) (1024K)]
  0x00000203a002a4c0 WorkerThread "G1 Conc#4"                       [id=14152, stack(0x0000001db8d00000,0x0000001db8e00000) (1024K)]
  0x00000203a002b340 WorkerThread "G1 Conc#5"                       [id=38204, stack(0x0000001db8e00000,0x0000001db8f00000) (1024K)]
  0x000002039b0ec030 ConcurrentGCThread "G1 Refine#0"               [id=34160, stack(0x0000001db5700000,0x0000001db5800000) (1024K)]
  0x000002039b0ec9b0 ConcurrentGCThread "G1 Service"                [id=39156, stack(0x0000001db5800000,0x0000001db5900000) (1024K)]
Total: 34

Threads with active compile tasks:
Total: 0

VM state: not at safepoint (normal execution)

VM Mutex/Monitor currently owned by a thread: None

Heap address: 0x0000000700000000, size: 4096 MB, Compressed Oops mode: Zero based, Oop shift amount: 3

CDS archive(s) not mapped
Compressed class space mapped at: 0x0000000800000000-0x0000000840000000, reserved size: 1073741824
Narrow klass base: 0x0000000800000000, Narrow klass shift: 0, Narrow klass range: 0x40000000

GC Precious Log:
 CardTable entry size: 512
 Card Set container configuration: InlinePtr #cards 4 size 8 Array Of Cards #cards 16 size 48 Howl #buckets 8 coarsen threshold 3686 Howl Bitmap #cards 512 size 80 coarsen threshold 460 Card regions per heap region 1 cards per card region 4096
 CPUs: 32 total, 32 available
 Memory: 63121M
 Large Page Support: Disabled
 NUMA Support: Disabled
 Compressed Oops: Enabled (Zero based)
 Heap Region Size: 2M
 Heap Min Capacity: 8M
 Heap Initial Capacity: 988M
 Heap Max Capacity: 4G
 Pre-touch: Disabled
 Parallel Workers: 23
 Concurrent Workers: 6
 Concurrent Refinement Workers: 23
 Periodic GC: Disabled

Heap:
 garbage-first heap   total 1222656K, used 559525K [0x0000000700000000, 0x0000000800000000)
  region size 2048K, 101 young (206848K), 15 survivors (30720K)
 Metaspace       used 302474K, committed 305920K, reserved 1376256K
  class space    used 38182K, committed 40128K, reserved 1048576K

Heap Regions: E=young(eden), S=young(survivor), O=old, HS=humongous(starts), HC=humongous(continues), CS=collection set, F=free, TAMS=top-at-mark-start, PB=parsable bottom
|   0|0x0000000700000000, 0x0000000700200000, 0x0000000700200000|100%|HS|  |TAMS 0x0000000700000000| PB 0x0000000700000000| Complete 
|   1|0x0000000700200000, 0x0000000700400000, 0x0000000700400000|100%|HC|  |TAMS 0x0000000700200000| PB 0x0000000700200000| Complete 
|   2|0x0000000700400000, 0x0000000700600000, 0x0000000700600000|100%| O|  |TAMS 0x0000000700400000| PB 0x0000000700400000| Untracked 
|   3|0x0000000700600000, 0x0000000700800000, 0x0000000700800000|100%| O|  |TAMS 0x0000000700600000| PB 0x0000000700600000| Untracked 
|   4|0x0000000700800000, 0x0000000700a00000, 0x0000000700a00000|100%| O|  |TAMS 0x0000000700800000| PB 0x0000000700800000| Untracked 
|   5|0x0000000700a00000, 0x0000000700c00000, 0x0000000700c00000|100%| O|  |TAMS 0x0000000700a00000| PB 0x0000000700a00000| Untracked 
|   6|0x0000000700c00000, 0x0000000700e00000, 0x0000000700e00000|100%| O|  |TAMS 0x0000000700c00000| PB 0x0000000700c00000| Untracked 
|   7|0x0000000700e00000, 0x0000000701000000, 0x0000000701000000|100%| O|  |TAMS 0x0000000700e00000| PB 0x0000000700e00000| Untracked 
|   8|0x0000000701000000, 0x0000000701200000, 0x0000000701200000|100%| O|  |TAMS 0x0000000701000000| PB 0x0000000701000000| Untracked 
|   9|0x0000000701200000, 0x0000000701400000, 0x0000000701400000|100%| O|  |TAMS 0x0000000701200000| PB 0x0000000701200000| Untracked 
|  10|0x0000000701400000, 0x0000000701600000, 0x0000000701600000|100%| O|  |TAMS 0x0000000701400000| PB 0x0000000701400000| Untracked 
|  11|0x0000000701600000, 0x0000000701800000, 0x0000000701800000|100%|HS|  |TAMS 0x0000000701600000| PB 0x0000000701600000| Complete 
|  12|0x0000000701800000, 0x0000000701a00000, 0x0000000701a00000|100%|HC|  |TAMS 0x0000000701800000| PB 0x0000000701800000| Complete 
|  13|0x0000000701a00000, 0x0000000701c00000, 0x0000000701c00000|100%|HC|  |TAMS 0x0000000701a00000| PB 0x0000000701a00000| Complete 
|  14|0x0000000701c00000, 0x0000000701e00000, 0x0000000701e00000|100%|HS|  |TAMS 0x0000000701c00000| PB 0x0000000701c00000| Complete 
|  15|0x0000000701e00000, 0x0000000702000000, 0x0000000702000000|100%|HS|  |TAMS 0x0000000701e00000| PB 0x0000000701e00000| Complete 
|  16|0x0000000702000000, 0x0000000702200000, 0x0000000702200000|100%|HC|  |TAMS 0x0000000702000000| PB 0x0000000702000000| Complete 
|  17|0x0000000702200000, 0x0000000702400000, 0x0000000702400000|100%| O|  |TAMS 0x0000000702200000| PB 0x0000000702200000| Untracked 
|  18|0x0000000702400000, 0x0000000702600000, 0x0000000702600000|100%|HS|  |TAMS 0x0000000702400000| PB 0x0000000702400000| Complete 
|  19|0x0000000702600000, 0x0000000702800000, 0x0000000702800000|100%|HC|  |TAMS 0x0000000702600000| PB 0x0000000702600000| Complete 
|  20|0x0000000702800000, 0x0000000702a00000, 0x0000000702a00000|100%|HC|  |TAMS 0x0000000702800000| PB 0x0000000702800000| Complete 
|  21|0x0000000702a00000, 0x0000000702c00000, 0x0000000702c00000|100%| O|  |TAMS 0x0000000702a00000| PB 0x0000000702a00000| Untracked 
|  22|0x0000000702c00000, 0x0000000702e00000, 0x0000000702e00000|100%| O|  |TAMS 0x0000000702c00000| PB 0x0000000702c00000| Untracked 
|  23|0x0000000702e00000, 0x0000000703000000, 0x0000000703000000|100%| O|  |TAMS 0x0000000702e00000| PB 0x0000000702e00000| Untracked 
|  24|0x0000000703000000, 0x0000000703200000, 0x0000000703200000|100%| O|  |TAMS 0x0000000703000000| PB 0x0000000703000000| Untracked 
|  25|0x0000000703200000, 0x0000000703400000, 0x0000000703400000|100%|HS|  |TAMS 0x0000000703200000| PB 0x0000000703200000| Complete 
|  26|0x0000000703400000, 0x0000000703600000, 0x0000000703600000|100%|HS|  |TAMS 0x0000000703400000| PB 0x0000000703400000| Complete 
|  27|0x0000000703600000, 0x0000000703800000, 0x0000000703800000|100%|HC|  |TAMS 0x0000000703600000| PB 0x0000000703600000| Complete 
|  28|0x0000000703800000, 0x0000000703a00000, 0x0000000703a00000|100%| O|  |TAMS 0x0000000703800000| PB 0x0000000703800000| Untracked 
|  29|0x0000000703a00000, 0x0000000703c00000, 0x0000000703c00000|100%| O|  |TAMS 0x0000000703a00000| PB 0x0000000703a00000| Untracked 
|  30|0x0000000703c00000, 0x0000000703e00000, 0x0000000703e00000|100%|HS|  |TAMS 0x0000000703c00000| PB 0x0000000703c00000| Complete 
|  31|0x0000000703e00000, 0x0000000704000000, 0x0000000704000000|100%|HS|  |TAMS 0x0000000703e00000| PB 0x0000000703e00000| Complete 
|  32|0x0000000704000000, 0x0000000704200000, 0x0000000704200000|100%|HC|  |TAMS 0x0000000704000000| PB 0x0000000704000000| Complete 
|  33|0x0000000704200000, 0x0000000704400000, 0x0000000704400000|100%|HC|  |TAMS 0x0000000704200000| PB 0x0000000704200000| Complete 
|  34|0x0000000704400000, 0x0000000704600000, 0x0000000704600000|100%|HS|  |TAMS 0x0000000704400000| PB 0x0000000704400000| Complete 
|  35|0x0000000704600000, 0x0000000704800000, 0x0000000704800000|100%|HC|  |TAMS 0x0000000704600000| PB 0x0000000704600000| Complete 
|  36|0x0000000704800000, 0x0000000704a00000, 0x0000000704a00000|100%|HC|  |TAMS 0x0000000704800000| PB 0x0000000704800000| Complete 
|  37|0x0000000704a00000, 0x0000000704c00000, 0x0000000704c00000|100%| O|  |TAMS 0x0000000704a00000| PB 0x0000000704a00000| Untracked 
|  38|0x0000000704c00000, 0x0000000704e00000, 0x0000000704e00000|100%| O|  |TAMS 0x0000000704c00000| PB 0x0000000704c00000| Untracked 
|  39|0x0000000704e00000, 0x0000000705000000, 0x0000000705000000|100%| O|  |TAMS 0x0000000704e00000| PB 0x0000000704e00000| Untracked 
|  40|0x0000000705000000, 0x0000000705200000, 0x0000000705200000|100%| O|  |TAMS 0x0000000705000000| PB 0x0000000705000000| Untracked 
|  41|0x0000000705200000, 0x0000000705400000, 0x0000000705400000|100%| O|  |TAMS 0x0000000705200000| PB 0x0000000705200000| Untracked 
|  42|0x0000000705400000, 0x0000000705600000, 0x0000000705600000|100%| O|  |TAMS 0x0000000705400000| PB 0x0000000705400000| Untracked 
|  43|0x0000000705600000, 0x0000000705800000, 0x0000000705800000|100%| O|  |TAMS 0x0000000705600000| PB 0x0000000705600000| Untracked 
|  44|0x0000000705800000, 0x0000000705a00000, 0x0000000705a00000|100%| O|  |TAMS 0x0000000705800000| PB 0x0000000705800000| Untracked 
|  45|0x0000000705a00000, 0x0000000705c00000, 0x0000000705c00000|100%| O|  |TAMS 0x0000000705a00000| PB 0x0000000705a00000| Untracked 
|  46|0x0000000705c00000, 0x0000000705e00000, 0x0000000705e00000|100%|HS|  |TAMS 0x0000000705c00000| PB 0x0000000705c00000| Complete 
|  47|0x0000000705e00000, 0x0000000706000000, 0x0000000706000000|100%|HS|  |TAMS 0x0000000705e00000| PB 0x0000000705e00000| Complete 
|  48|0x0000000706000000, 0x0000000706200000, 0x0000000706200000|100%|HC|  |TAMS 0x0000000706000000| PB 0x0000000706000000| Complete 
|  49|0x0000000706200000, 0x0000000706400000, 0x0000000706400000|100%|HS|  |TAMS 0x0000000706200000| PB 0x0000000706200000| Complete 
|  50|0x0000000706400000, 0x0000000706600000, 0x0000000706600000|100%| O|  |TAMS 0x0000000706400000| PB 0x0000000706400000| Untracked 
|  51|0x0000000706600000, 0x0000000706800000, 0x0000000706800000|100%| O|  |TAMS 0x0000000706600000| PB 0x0000000706600000| Untracked 
|  52|0x0000000706800000, 0x0000000706a00000, 0x0000000706a00000|100%| O|  |TAMS 0x0000000706800000| PB 0x0000000706800000| Untracked 
|  53|0x0000000706a00000, 0x0000000706c00000, 0x0000000706c00000|100%| O|  |TAMS 0x0000000706a00000| PB 0x0000000706a00000| Untracked 
|  54|0x0000000706c00000, 0x0000000706e00000, 0x0000000706e00000|100%| O|  |TAMS 0x0000000706c00000| PB 0x0000000706c00000| Untracked 
|  55|0x0000000706e00000, 0x0000000707000000, 0x0000000707000000|100%| O|  |TAMS 0x0000000706e00000| PB 0x0000000706e00000| Untracked 
|  56|0x0000000707000000, 0x0000000707200000, 0x0000000707200000|100%|HS|  |TAMS 0x0000000707000000| PB 0x0000000707000000| Complete 
|  57|0x0000000707200000, 0x0000000707400000, 0x0000000707400000|100%|HC|  |TAMS 0x0000000707200000| PB 0x0000000707200000| Complete 
|  58|0x0000000707400000, 0x0000000707600000, 0x0000000707600000|100%| O|  |TAMS 0x0000000707400000| PB 0x0000000707400000| Untracked 
|  59|0x0000000707600000, 0x0000000707800000, 0x0000000707800000|100%| O|  |TAMS 0x0000000707600000| PB 0x0000000707600000| Untracked 
|  60|0x0000000707800000, 0x0000000707a00000, 0x0000000707a00000|100%| O|  |TAMS 0x0000000707800000| PB 0x0000000707800000| Untracked 
|  61|0x0000000707a00000, 0x0000000707c00000, 0x0000000707c00000|100%| O|  |TAMS 0x0000000707a00000| PB 0x0000000707a00000| Untracked 
|  62|0x0000000707c00000, 0x0000000707e00000, 0x0000000707e00000|100%| O|  |TAMS 0x0000000707c00000| PB 0x0000000707c00000| Untracked 
|  63|0x0000000707e00000, 0x0000000708000000, 0x0000000708000000|100%| O|  |TAMS 0x0000000707e00000| PB 0x0000000707e00000| Untracked 
|  64|0x0000000708000000, 0x0000000708200000, 0x0000000708200000|100%| O|  |TAMS 0x0000000708000000| PB 0x0000000708000000| Untracked 
|  65|0x0000000708200000, 0x0000000708400000, 0x0000000708400000|100%| O|  |TAMS 0x0000000708200000| PB 0x0000000708200000| Untracked 
|  66|0x0000000708400000, 0x0000000708600000, 0x0000000708600000|100%| O|  |TAMS 0x0000000708400000| PB 0x0000000708400000| Untracked 
|  67|0x0000000708600000, 0x0000000708800000, 0x0000000708800000|100%| O|  |TAMS 0x0000000708600000| PB 0x0000000708600000| Untracked 
|  68|0x0000000708800000, 0x0000000708a00000, 0x0000000708a00000|100%|HS|  |TAMS 0x0000000708800000| PB 0x0000000708800000| Complete 
|  69|0x0000000708a00000, 0x0000000708c00000, 0x0000000708c00000|100%| O|  |TAMS 0x0000000708a00000| PB 0x0000000708a00000| Untracked 
|  70|0x0000000708c00000, 0x0000000708e00000, 0x0000000708e00000|100%| O|  |TAMS 0x0000000708c00000| PB 0x0000000708c00000| Untracked 
|  71|0x0000000708e00000, 0x0000000709000000, 0x0000000709000000|100%| O|  |TAMS 0x0000000708e00000| PB 0x0000000708e00000| Untracked 
|  72|0x0000000709000000, 0x0000000709200000, 0x0000000709200000|100%| O|  |TAMS 0x0000000709000000| PB 0x0000000709000000| Untracked 
|  73|0x0000000709200000, 0x0000000709400000, 0x0000000709400000|100%| O|  |TAMS 0x0000000709200000| PB 0x0000000709200000| Untracked 
|  74|0x0000000709400000, 0x0000000709600000, 0x0000000709600000|100%| O|  |TAMS 0x0000000709400000| PB 0x0000000709400000| Untracked 
|  75|0x0000000709600000, 0x0000000709800000, 0x0000000709800000|100%| O|  |TAMS 0x0000000709600000| PB 0x0000000709600000| Untracked 
|  76|0x0000000709800000, 0x0000000709a00000, 0x0000000709a00000|100%| O|  |TAMS 0x0000000709800000| PB 0x0000000709800000| Untracked 
|  77|0x0000000709a00000, 0x0000000709c00000, 0x0000000709c00000|100%| O|  |TAMS 0x0000000709a00000| PB 0x0000000709a00000| Untracked 
|  78|0x0000000709c00000, 0x0000000709e00000, 0x0000000709e00000|100%| O|Cm|TAMS 0x0000000709c00000| PB 0x0000000709c00000| Complete 
|  79|0x0000000709e00000, 0x000000070a000000, 0x000000070a000000|100%| O|  |TAMS 0x0000000709e00000| PB 0x0000000709e00000| Untracked 
|  80|0x000000070a000000, 0x000000070a200000, 0x000000070a200000|100%| O|  |TAMS 0x000000070a000000| PB 0x000000070a000000| Untracked 
|  81|0x000000070a200000, 0x000000070a400000, 0x000000070a400000|100%| O|  |TAMS 0x000000070a200000| PB 0x000000070a200000| Untracked 
|  82|0x000000070a400000, 0x000000070a600000, 0x000000070a600000|100%| O|  |TAMS 0x000000070a400000| PB 0x000000070a400000| Untracked 
|  83|0x000000070a600000, 0x000000070a800000, 0x000000070a800000|100%| O|  |TAMS 0x000000070a600000| PB 0x000000070a600000| Untracked 
|  84|0x000000070a800000, 0x000000070aa00000, 0x000000070aa00000|100%| O|  |TAMS 0x000000070a800000| PB 0x000000070a800000| Untracked 
|  85|0x000000070aa00000, 0x000000070ac00000, 0x000000070ac00000|100%| O|Cm|TAMS 0x000000070aa00000| PB 0x000000070aa00000| Complete 
|  86|0x000000070ac00000, 0x000000070ae00000, 0x000000070ae00000|100%| O|  |TAMS 0x000000070ac00000| PB 0x000000070ac00000| Untracked 
|  87|0x000000070ae00000, 0x000000070b000000, 0x000000070b000000|100%| O|  |TAMS 0x000000070ae00000| PB 0x000000070ae00000| Untracked 
|  88|0x000000070b000000, 0x000000070b200000, 0x000000070b200000|100%| O|  |TAMS 0x000000070b000000| PB 0x000000070b000000| Untracked 
|  89|0x000000070b200000, 0x000000070b400000, 0x000000070b400000|100%| O|  |TAMS 0x000000070b200000| PB 0x000000070b200000| Untracked 
|  90|0x000000070b400000, 0x000000070b600000, 0x000000070b600000|100%| O|  |TAMS 0x000000070b400000| PB 0x000000070b400000| Untracked 
|  91|0x000000070b600000, 0x000000070b800000, 0x000000070b800000|100%| O|Cm|TAMS 0x000000070b600000| PB 0x000000070b600000| Complete 
|  92|0x000000070b800000, 0x000000070ba00000, 0x000000070ba00000|100%| O|  |TAMS 0x000000070b800000| PB 0x000000070b800000| Untracked 
|  93|0x000000070ba00000, 0x000000070bc00000, 0x000000070bc00000|100%|HS|  |TAMS 0x000000070ba00000| PB 0x000000070ba00000| Complete 
|  94|0x000000070bc00000, 0x000000070be00000, 0x000000070be00000|100%| O|  |TAMS 0x000000070bc00000| PB 0x000000070bc00000| Untracked 
|  95|0x000000070be00000, 0x000000070c000000, 0x000000070c000000|100%| O|  |TAMS 0x000000070be00000| PB 0x000000070be00000| Untracked 
|  96|0x000000070c000000, 0x000000070c200000, 0x000000070c200000|100%| O|  |TAMS 0x000000070c000000| PB 0x000000070c000000| Untracked 
|  97|0x000000070c200000, 0x000000070c400000, 0x000000070c400000|100%| O|Cm|TAMS 0x000000070c200000| PB 0x000000070c200000| Complete 
|  98|0x000000070c400000, 0x000000070c600000, 0x000000070c600000|100%| O|  |TAMS 0x000000070c400000| PB 0x000000070c400000| Untracked 
|  99|0x000000070c600000, 0x000000070c800000, 0x000000070c800000|100%| O|  |TAMS 0x000000070c600000| PB 0x000000070c600000| Untracked 
| 100|0x000000070c800000, 0x000000070ca00000, 0x000000070ca00000|100%| O|  |TAMS 0x000000070c800000| PB 0x000000070c800000| Untracked 
| 101|0x000000070ca00000, 0x000000070cc00000, 0x000000070cc00000|100%| O|  |TAMS 0x000000070ca00000| PB 0x000000070ca00000| Untracked 
| 102|0x000000070cc00000, 0x000000070ce00000, 0x000000070ce00000|100%|HS|  |TAMS 0x000000070cc00000| PB 0x000000070cc00000| Complete 
| 103|0x000000070ce00000, 0x000000070d000000, 0x000000070d000000|100%| O|  |TAMS 0x000000070ce00000| PB 0x000000070ce00000| Untracked 
| 104|0x000000070d000000, 0x000000070d200000, 0x000000070d200000|100%|HS|  |TAMS 0x000000070d000000| PB 0x000000070d000000| Complete 
| 105|0x000000070d200000, 0x000000070d400000, 0x000000070d400000|100%|HS|  |TAMS 0x000000070d200000| PB 0x000000070d200000| Complete 
| 106|0x000000070d400000, 0x000000070d600000, 0x000000070d600000|100%| O|  |TAMS 0x000000070d400000| PB 0x000000070d400000| Untracked 
| 107|0x000000070d600000, 0x000000070d800000, 0x000000070d800000|100%| O|  |TAMS 0x000000070d600000| PB 0x000000070d600000| Untracked 
| 108|0x000000070d800000, 0x000000070da00000, 0x000000070da00000|100%| O|  |TAMS 0x000000070d800000| PB 0x000000070d800000| Untracked 
| 109|0x000000070da00000, 0x000000070dc00000, 0x000000070dc00000|100%| O|  |TAMS 0x000000070da00000| PB 0x000000070da00000| Untracked 
| 110|0x000000070dc00000, 0x000000070de00000, 0x000000070de00000|100%| O|  |TAMS 0x000000070dc00000| PB 0x000000070dc00000| Untracked 
| 111|0x000000070de00000, 0x000000070e000000, 0x000000070e000000|100%| O|  |TAMS 0x000000070de00000| PB 0x000000070de00000| Untracked 
| 112|0x000000070e000000, 0x000000070e200000, 0x000000070e200000|100%|HS|  |TAMS 0x000000070e000000| PB 0x000000070e000000| Complete 
| 113|0x000000070e200000, 0x000000070e400000, 0x000000070e400000|100%| O|  |TAMS 0x000000070e200000| PB 0x000000070e200000| Untracked 
| 114|0x000000070e400000, 0x000000070e600000, 0x000000070e600000|100%|HS|  |TAMS 0x000000070e400000| PB 0x000000070e400000| Complete 
| 115|0x000000070e600000, 0x000000070e800000, 0x000000070e800000|100%| O|  |TAMS 0x000000070e600000| PB 0x000000070e600000| Untracked 
| 116|0x000000070e800000, 0x000000070ea00000, 0x000000070ea00000|100%| O|  |TAMS 0x000000070e800000| PB 0x000000070e800000| Untracked 
| 117|0x000000070ea00000, 0x000000070ec00000, 0x000000070ec00000|100%|HS|  |TAMS 0x000000070ea00000| PB 0x000000070ea00000| Complete 
| 118|0x000000070ec00000, 0x000000070ee00000, 0x000000070ee00000|100%|HS|  |TAMS 0x000000070ec00000| PB 0x000000070ec00000| Complete 
| 119|0x000000070ee00000, 0x000000070f000000, 0x000000070f000000|100%|HS|  |TAMS 0x000000070ee00000| PB 0x000000070ee00000| Complete 
| 120|0x000000070f000000, 0x000000070f200000, 0x000000070f200000|100%| O|  |TAMS 0x000000070f000000| PB 0x000000070f000000| Untracked 
| 121|0x000000070f200000, 0x000000070f400000, 0x000000070f400000|100%|HS|  |TAMS 0x000000070f200000| PB 0x000000070f200000| Complete 
| 122|0x000000070f400000, 0x000000070f600000, 0x000000070f600000|100%|HS|  |TAMS 0x000000070f400000| PB 0x000000070f400000| Complete 
| 123|0x000000070f600000, 0x000000070f800000, 0x000000070f800000|100%| O|  |TAMS 0x000000070f600000| PB 0x000000070f600000| Untracked 
| 124|0x000000070f800000, 0x000000070fa00000, 0x000000070fa00000|100%| O|  |TAMS 0x000000070f800000| PB 0x000000070f800000| Untracked 
| 125|0x000000070fa00000, 0x000000070fc00000, 0x000000070fc00000|100%| O|Cm|TAMS 0x000000070fa00000| PB 0x000000070fa00000| Complete 
| 126|0x000000070fc00000, 0x000000070fe00000, 0x000000070fe00000|100%|HS|  |TAMS 0x000000070fc00000| PB 0x000000070fc00000| Complete 
| 127|0x000000070fe00000, 0x0000000710000000, 0x0000000710000000|100%| O|Cm|TAMS 0x000000070fe00000| PB 0x000000070fe00000| Complete 
| 128|0x0000000710000000, 0x0000000710200000, 0x0000000710200000|100%| O|  |TAMS 0x0000000710000000| PB 0x0000000710000000| Untracked 
| 129|0x0000000710200000, 0x0000000710400000, 0x0000000710400000|100%| O|Cm|TAMS 0x0000000710200000| PB 0x0000000710200000| Complete 
| 130|0x0000000710400000, 0x0000000710600000, 0x0000000710600000|100%| O|  |TAMS 0x0000000710400000| PB 0x0000000710400000| Untracked 
| 131|0x0000000710600000, 0x0000000710600000, 0x0000000710800000|  0%| F|  |TAMS 0x0000000710600000| PB 0x0000000710600000| Untracked 
| 132|0x0000000710800000, 0x0000000710a00000, 0x0000000710a00000|100%| O|  |TAMS 0x0000000710800000| PB 0x0000000710800000| Untracked 
| 133|0x0000000710a00000, 0x0000000710a00000, 0x0000000710c00000|  0%| F|  |TAMS 0x0000000710a00000| PB 0x0000000710a00000| Untracked 
| 134|0x0000000710c00000, 0x0000000710e00000, 0x0000000710e00000|100%| O|  |TAMS 0x0000000710c00000| PB 0x0000000710c00000| Untracked 
| 135|0x0000000710e00000, 0x0000000711000000, 0x0000000711000000|100%| O|  |TAMS 0x0000000710e00000| PB 0x0000000710e00000| Untracked 
| 136|0x0000000711000000, 0x0000000711200000, 0x0000000711200000|100%| O|  |TAMS 0x0000000711000000| PB 0x0000000711000000| Untracked 
| 137|0x0000000711200000, 0x0000000711200000, 0x0000000711400000|  0%| F|  |TAMS 0x0000000711200000| PB 0x0000000711200000| Untracked 
| 138|0x0000000711400000, 0x0000000711600000, 0x0000000711600000|100%| O|  |TAMS 0x0000000711400000| PB 0x0000000711400000| Untracked 
| 139|0x0000000711600000, 0x0000000711800000, 0x0000000711800000|100%| O|  |TAMS 0x0000000711600000| PB 0x0000000711600000| Untracked 
| 140|0x0000000711800000, 0x0000000711800000, 0x0000000711a00000|  0%| F|  |TAMS 0x0000000711800000| PB 0x0000000711800000| Untracked 
| 141|0x0000000711a00000, 0x0000000711c00000, 0x0000000711c00000|100%| O|  |TAMS 0x0000000711a00000| PB 0x0000000711a00000| Untracked 
| 142|0x0000000711c00000, 0x0000000711e00000, 0x0000000711e00000|100%| O|  |TAMS 0x0000000711c00000| PB 0x0000000711c00000| Untracked 
| 143|0x0000000711e00000, 0x0000000711e00000, 0x0000000712000000|  0%| F|  |TAMS 0x0000000711e00000| PB 0x0000000711e00000| Untracked 
| 144|0x0000000712000000, 0x0000000712200000, 0x0000000712200000|100%| O|  |TAMS 0x0000000712000000| PB 0x0000000712000000| Untracked 
| 145|0x0000000712200000, 0x0000000712200000, 0x0000000712400000|  0%| F|  |TAMS 0x0000000712200000| PB 0x0000000712200000| Untracked 
| 146|0x0000000712400000, 0x0000000712400000, 0x0000000712600000|  0%| F|  |TAMS 0x0000000712400000| PB 0x0000000712400000| Untracked 
| 147|0x0000000712600000, 0x0000000712600000, 0x0000000712800000|  0%| F|  |TAMS 0x0000000712600000| PB 0x0000000712600000| Untracked 
| 148|0x0000000712800000, 0x0000000712800000, 0x0000000712a00000|  0%| F|  |TAMS 0x0000000712800000| PB 0x0000000712800000| Untracked 
| 149|0x0000000712a00000, 0x0000000712a00000, 0x0000000712c00000|  0%| F|  |TAMS 0x0000000712a00000| PB 0x0000000712a00000| Untracked 
| 150|0x0000000712c00000, 0x0000000712e00000, 0x0000000712e00000|100%| O|  |TAMS 0x0000000712c00000| PB 0x0000000712c00000| Untracked 
| 151|0x0000000712e00000, 0x0000000713000000, 0x0000000713000000|100%| O|  |TAMS 0x0000000712e00000| PB 0x0000000712e00000| Untracked 
| 152|0x0000000713000000, 0x0000000713200000, 0x0000000713200000|100%| O|  |TAMS 0x0000000713000000| PB 0x0000000713000000| Untracked 
| 153|0x0000000713200000, 0x0000000713400000, 0x0000000713400000|100%| O|  |TAMS 0x0000000713200000| PB 0x0000000713200000| Untracked 
| 154|0x0000000713400000, 0x0000000713600000, 0x0000000713600000|100%| O|  |TAMS 0x0000000713400000| PB 0x0000000713400000| Untracked 
| 155|0x0000000713600000, 0x0000000713800000, 0x0000000713800000|100%| O|  |TAMS 0x0000000713600000| PB 0x0000000713600000| Untracked 
| 156|0x0000000713800000, 0x0000000713a00000, 0x0000000713a00000|100%| O|  |TAMS 0x0000000713800000| PB 0x0000000713800000| Untracked 
| 157|0x0000000713a00000, 0x0000000713c00000, 0x0000000713c00000|100%| O|  |TAMS 0x0000000713a00000| PB 0x0000000713a00000| Untracked 
| 158|0x0000000713c00000, 0x0000000713d311c0, 0x0000000713e00000| 59%| O|Cm|TAMS 0x0000000713c00000| PB 0x0000000713c00000| Complete 
| 159|0x0000000713e00000, 0x0000000713e00000, 0x0000000714000000|  0%| F|  |TAMS 0x0000000713e00000| PB 0x0000000713e00000| Untracked 
| 160|0x0000000714000000, 0x0000000714200000, 0x0000000714200000|100%| O|  |TAMS 0x0000000714000000| PB 0x0000000714000000| Untracked 
| 161|0x0000000714200000, 0x0000000714200000, 0x0000000714400000|  0%| F|  |TAMS 0x0000000714200000| PB 0x0000000714200000| Untracked 
| 162|0x0000000714400000, 0x0000000714600000, 0x0000000714600000|100%| O|Cm|TAMS 0x0000000714400000| PB 0x0000000714400000| Complete 
| 163|0x0000000714600000, 0x0000000714800000, 0x0000000714800000|100%| O|  |TAMS 0x0000000714600000| PB 0x0000000714600000| Untracked 
| 164|0x0000000714800000, 0x0000000714800000, 0x0000000714a00000|  0%| F|  |TAMS 0x0000000714800000| PB 0x0000000714800000| Untracked 
| 165|0x0000000714a00000, 0x0000000714a00000, 0x0000000714c00000|  0%| F|  |TAMS 0x0000000714a00000| PB 0x0000000714a00000| Untracked 
| 166|0x0000000714c00000, 0x0000000714e00000, 0x0000000714e00000|100%| O|  |TAMS 0x0000000714c00000| PB 0x0000000714c00000| Untracked 
| 167|0x0000000714e00000, 0x0000000714e00000, 0x0000000715000000|  0%| F|  |TAMS 0x0000000714e00000| PB 0x0000000714e00000| Untracked 
| 168|0x0000000715000000, 0x0000000715200000, 0x0000000715200000|100%| O|Cm|TAMS 0x0000000715000000| PB 0x0000000715000000| Complete 
| 169|0x0000000715200000, 0x0000000715200000, 0x0000000715400000|  0%| F|  |TAMS 0x0000000715200000| PB 0x0000000715200000| Untracked 
| 170|0x0000000715400000, 0x0000000715600000, 0x0000000715600000|100%| O|  |TAMS 0x0000000715400000| PB 0x0000000715400000| Untracked 
| 171|0x0000000715600000, 0x0000000715600000, 0x0000000715800000|  0%| F|  |TAMS 0x0000000715600000| PB 0x0000000715600000| Untracked 
| 172|0x0000000715800000, 0x0000000715a00000, 0x0000000715a00000|100%| O|  |TAMS 0x0000000715800000| PB 0x0000000715800000| Untracked 
| 173|0x0000000715a00000, 0x0000000715a00000, 0x0000000715c00000|  0%| F|  |TAMS 0x0000000715a00000| PB 0x0000000715a00000| Untracked 
| 174|0x0000000715c00000, 0x0000000715e00000, 0x0000000715e00000|100%| O|  |TAMS 0x0000000715c00000| PB 0x0000000715c00000| Untracked 
| 175|0x0000000715e00000, 0x0000000716000000, 0x0000000716000000|100%| O|  |TAMS 0x0000000715e00000| PB 0x0000000715e00000| Untracked 
| 176|0x0000000716000000, 0x0000000716200000, 0x0000000716200000|100%| O|  |TAMS 0x0000000716000000| PB 0x0000000716000000| Untracked 
| 177|0x0000000716200000, 0x0000000716400000, 0x0000000716400000|100%| O|  |TAMS 0x0000000716200000| PB 0x0000000716200000| Untracked 
| 178|0x0000000716400000, 0x0000000716600000, 0x0000000716600000|100%| O|  |TAMS 0x0000000716400000| PB 0x0000000716400000| Untracked 
| 179|0x0000000716600000, 0x0000000716800000, 0x0000000716800000|100%| O|  |TAMS 0x0000000716600000| PB 0x0000000716600000| Untracked 
| 180|0x0000000716800000, 0x0000000716800000, 0x0000000716a00000|  0%| F|  |TAMS 0x0000000716800000| PB 0x0000000716800000| Untracked 
| 181|0x0000000716a00000, 0x0000000716a00000, 0x0000000716c00000|  0%| F|  |TAMS 0x0000000716a00000| PB 0x0000000716a00000| Untracked 
| 182|0x0000000716c00000, 0x0000000716e00000, 0x0000000716e00000|100%| O|  |TAMS 0x0000000716c00000| PB 0x0000000716c00000| Untracked 
| 183|0x0000000716e00000, 0x0000000716e00000, 0x0000000717000000|  0%| F|  |TAMS 0x0000000716e00000| PB 0x0000000716e00000| Untracked 
| 184|0x0000000717000000, 0x0000000717000000, 0x0000000717200000|  0%| F|  |TAMS 0x0000000717000000| PB 0x0000000717000000| Untracked 
| 185|0x0000000717200000, 0x0000000717200000, 0x0000000717400000|  0%| F|  |TAMS 0x0000000717200000| PB 0x0000000717200000| Untracked 
| 186|0x0000000717400000, 0x0000000717600000, 0x0000000717600000|100%| O|  |TAMS 0x0000000717400000| PB 0x0000000717400000| Untracked 
| 187|0x0000000717600000, 0x0000000717800000, 0x0000000717800000|100%| O|  |TAMS 0x0000000717600000| PB 0x0000000717600000| Untracked 
| 188|0x0000000717800000, 0x0000000717800000, 0x0000000717a00000|  0%| F|  |TAMS 0x0000000717800000| PB 0x0000000717800000| Untracked 
| 189|0x0000000717a00000, 0x0000000717a00000, 0x0000000717c00000|  0%| F|  |TAMS 0x0000000717a00000| PB 0x0000000717a00000| Untracked 
| 190|0x0000000717c00000, 0x0000000717c00000, 0x0000000717e00000|  0%| F|  |TAMS 0x0000000717c00000| PB 0x0000000717c00000| Untracked 
| 191|0x0000000717e00000, 0x0000000717e00000, 0x0000000718000000|  0%| F|  |TAMS 0x0000000717e00000| PB 0x0000000717e00000| Untracked 
| 192|0x0000000718000000, 0x0000000718000000, 0x0000000718200000|  0%| F|  |TAMS 0x0000000718000000| PB 0x0000000718000000| Untracked 
| 193|0x0000000718200000, 0x0000000718200000, 0x0000000718400000|  0%| F|  |TAMS 0x0000000718200000| PB 0x0000000718200000| Untracked 
| 194|0x0000000718400000, 0x0000000718400000, 0x0000000718600000|  0%| F|  |TAMS 0x0000000718400000| PB 0x0000000718400000| Untracked 
| 195|0x0000000718600000, 0x0000000718600000, 0x0000000718800000|  0%| F|  |TAMS 0x0000000718600000| PB 0x0000000718600000| Untracked 
| 196|0x0000000718800000, 0x0000000718a00000, 0x0000000718a00000|100%| O|  |TAMS 0x0000000718800000| PB 0x0000000718800000| Untracked 
| 197|0x0000000718a00000, 0x0000000718c00000, 0x0000000718c00000|100%| O|  |TAMS 0x0000000718a00000| PB 0x0000000718a00000| Untracked 
| 198|0x0000000718c00000, 0x0000000718c00000, 0x0000000718e00000|  0%| F|  |TAMS 0x0000000718c00000| PB 0x0000000718c00000| Untracked 
| 199|0x0000000718e00000, 0x0000000719000000, 0x0000000719000000|100%| O|Cm|TAMS 0x0000000718e00000| PB 0x0000000718e00000| Complete 
| 200|0x0000000719000000, 0x0000000719000000, 0x0000000719200000|  0%| F|  |TAMS 0x0000000719000000| PB 0x0000000719000000| Untracked 
| 201|0x0000000719200000, 0x0000000719200000, 0x0000000719400000|  0%| F|  |TAMS 0x0000000719200000| PB 0x0000000719200000| Untracked 
| 202|0x0000000719400000, 0x0000000719400000, 0x0000000719600000|  0%| F|  |TAMS 0x0000000719400000| PB 0x0000000719400000| Untracked 
| 203|0x0000000719600000, 0x0000000719800000, 0x0000000719800000|100%| O|Cm|TAMS 0x0000000719600000| PB 0x0000000719600000| Complete 
| 204|0x0000000719800000, 0x0000000719800000, 0x0000000719a00000|  0%| F|  |TAMS 0x0000000719800000| PB 0x0000000719800000| Untracked 
| 205|0x0000000719a00000, 0x0000000719a00000, 0x0000000719c00000|  0%| F|  |TAMS 0x0000000719a00000| PB 0x0000000719a00000| Untracked 
| 206|0x0000000719c00000, 0x0000000719c00000, 0x0000000719e00000|  0%| F|  |TAMS 0x0000000719c00000| PB 0x0000000719c00000| Untracked 
| 207|0x0000000719e00000, 0x0000000719e00000, 0x000000071a000000|  0%| F|  |TAMS 0x0000000719e00000| PB 0x0000000719e00000| Untracked 
| 208|0x000000071a000000, 0x000000071a000000, 0x000000071a200000|  0%| F|  |TAMS 0x000000071a000000| PB 0x000000071a000000| Untracked 
| 209|0x000000071a200000, 0x000000071a200000, 0x000000071a400000|  0%| F|  |TAMS 0x000000071a200000| PB 0x000000071a200000| Untracked 
| 210|0x000000071a400000, 0x000000071a400000, 0x000000071a600000|  0%| F|  |TAMS 0x000000071a400000| PB 0x000000071a400000| Untracked 
| 211|0x000000071a600000, 0x000000071a600000, 0x000000071a800000|  0%| F|  |TAMS 0x000000071a600000| PB 0x000000071a600000| Untracked 
| 212|0x000000071a800000, 0x000000071a800000, 0x000000071aa00000|  0%| F|  |TAMS 0x000000071a800000| PB 0x000000071a800000| Untracked 
| 213|0x000000071aa00000, 0x000000071aa00000, 0x000000071ac00000|  0%| F|  |TAMS 0x000000071aa00000| PB 0x000000071aa00000| Untracked 
| 214|0x000000071ac00000, 0x000000071ac00000, 0x000000071ae00000|  0%| F|  |TAMS 0x000000071ac00000| PB 0x000000071ac00000| Untracked 
| 215|0x000000071ae00000, 0x000000071ae00000, 0x000000071b000000|  0%| F|  |TAMS 0x000000071ae00000| PB 0x000000071ae00000| Untracked 
| 216|0x000000071b000000, 0x000000071b000000, 0x000000071b200000|  0%| F|  |TAMS 0x000000071b000000| PB 0x000000071b000000| Untracked 
| 217|0x000000071b200000, 0x000000071b200000, 0x000000071b400000|  0%| F|  |TAMS 0x000000071b200000| PB 0x000000071b200000| Untracked 
| 218|0x000000071b400000, 0x000000071b400000, 0x000000071b600000|  0%| F|  |TAMS 0x000000071b400000| PB 0x000000071b400000| Untracked 
| 219|0x000000071b600000, 0x000000071b600000, 0x000000071b800000|  0%| F|  |TAMS 0x000000071b600000| PB 0x000000071b600000| Untracked 
| 220|0x000000071b800000, 0x000000071b800000, 0x000000071ba00000|  0%| F|  |TAMS 0x000000071b800000| PB 0x000000071b800000| Untracked 
| 221|0x000000071ba00000, 0x000000071ba00000, 0x000000071bc00000|  0%| F|  |TAMS 0x000000071ba00000| PB 0x000000071ba00000| Untracked 
| 222|0x000000071bc00000, 0x000000071bc00000, 0x000000071be00000|  0%| F|  |TAMS 0x000000071bc00000| PB 0x000000071bc00000| Untracked 
| 223|0x000000071be00000, 0x000000071be00000, 0x000000071c000000|  0%| F|  |TAMS 0x000000071be00000| PB 0x000000071be00000| Untracked 
| 224|0x000000071c000000, 0x000000071c000000, 0x000000071c200000|  0%| F|  |TAMS 0x000000071c000000| PB 0x000000071c000000| Untracked 
| 225|0x000000071c200000, 0x000000071c200000, 0x000000071c400000|  0%| F|  |TAMS 0x000000071c200000| PB 0x000000071c200000| Untracked 
| 226|0x000000071c400000, 0x000000071c400000, 0x000000071c600000|  0%| F|  |TAMS 0x000000071c400000| PB 0x000000071c400000| Untracked 
| 227|0x000000071c600000, 0x000000071c600000, 0x000000071c800000|  0%| F|  |TAMS 0x000000071c600000| PB 0x000000071c600000| Untracked 
| 228|0x000000071c800000, 0x000000071c800000, 0x000000071ca00000|  0%| F|  |TAMS 0x000000071c800000| PB 0x000000071c800000| Untracked 
| 229|0x000000071ca00000, 0x000000071ca00000, 0x000000071cc00000|  0%| F|  |TAMS 0x000000071ca00000| PB 0x000000071ca00000| Untracked 
| 230|0x000000071cc00000, 0x000000071cc00000, 0x000000071ce00000|  0%| F|  |TAMS 0x000000071cc00000| PB 0x000000071cc00000| Untracked 
| 231|0x000000071ce00000, 0x000000071ce00000, 0x000000071d000000|  0%| F|  |TAMS 0x000000071ce00000| PB 0x000000071ce00000| Untracked 
| 232|0x000000071d000000, 0x000000071d000000, 0x000000071d200000|  0%| F|  |TAMS 0x000000071d000000| PB 0x000000071d000000| Untracked 
| 233|0x000000071d200000, 0x000000071d200000, 0x000000071d400000|  0%| F|  |TAMS 0x000000071d200000| PB 0x000000071d200000| Untracked 
| 234|0x000000071d400000, 0x000000071d400000, 0x000000071d600000|  0%| F|  |TAMS 0x000000071d400000| PB 0x000000071d400000| Untracked 
| 235|0x000000071d600000, 0x000000071d600000, 0x000000071d800000|  0%| F|  |TAMS 0x000000071d600000| PB 0x000000071d600000| Untracked 
| 236|0x000000071d800000, 0x000000071d800000, 0x000000071da00000|  0%| F|  |TAMS 0x000000071d800000| PB 0x000000071d800000| Untracked 
| 237|0x000000071da00000, 0x000000071da00000, 0x000000071dc00000|  0%| F|  |TAMS 0x000000071da00000| PB 0x000000071da00000| Untracked 
| 238|0x000000071dc00000, 0x000000071dc00000, 0x000000071de00000|  0%| F|  |TAMS 0x000000071dc00000| PB 0x000000071dc00000| Untracked 
| 239|0x000000071de00000, 0x000000071de00000, 0x000000071e000000|  0%| F|  |TAMS 0x000000071de00000| PB 0x000000071de00000| Untracked 
| 240|0x000000071e000000, 0x000000071e000000, 0x000000071e200000|  0%| F|  |TAMS 0x000000071e000000| PB 0x000000071e000000| Untracked 
| 241|0x000000071e200000, 0x000000071e200000, 0x000000071e400000|  0%| F|  |TAMS 0x000000071e200000| PB 0x000000071e200000| Untracked 
| 242|0x000000071e400000, 0x000000071e400000, 0x000000071e600000|  0%| F|  |TAMS 0x000000071e400000| PB 0x000000071e400000| Untracked 
| 243|0x000000071e600000, 0x000000071e600000, 0x000000071e800000|  0%| F|  |TAMS 0x000000071e600000| PB 0x000000071e600000| Untracked 
| 244|0x000000071e800000, 0x000000071e800000, 0x000000071ea00000|  0%| F|  |TAMS 0x000000071e800000| PB 0x000000071e800000| Untracked 
| 245|0x000000071ea00000, 0x000000071ea00000, 0x000000071ec00000|  0%| F|  |TAMS 0x000000071ea00000| PB 0x000000071ea00000| Untracked 
| 246|0x000000071ec00000, 0x000000071ec00000, 0x000000071ee00000|  0%| F|  |TAMS 0x000000071ec00000| PB 0x000000071ec00000| Untracked 
| 247|0x000000071ee00000, 0x000000071ee00000, 0x000000071f000000|  0%| F|  |TAMS 0x000000071ee00000| PB 0x000000071ee00000| Untracked 
| 248|0x000000071f000000, 0x000000071f000000, 0x000000071f200000|  0%| F|  |TAMS 0x000000071f000000| PB 0x000000071f000000| Untracked 
| 249|0x000000071f200000, 0x000000071f200000, 0x000000071f400000|  0%| F|  |TAMS 0x000000071f200000| PB 0x000000071f200000| Untracked 
| 250|0x000000071f400000, 0x000000071f400000, 0x000000071f600000|  0%| F|  |TAMS 0x000000071f400000| PB 0x000000071f400000| Untracked 
| 251|0x000000071f600000, 0x000000071f600000, 0x000000071f800000|  0%| F|  |TAMS 0x000000071f600000| PB 0x000000071f600000| Untracked 
| 252|0x000000071f800000, 0x000000071f800000, 0x000000071fa00000|  0%| F|  |TAMS 0x000000071f800000| PB 0x000000071f800000| Untracked 
| 253|0x000000071fa00000, 0x000000071fa00000, 0x000000071fc00000|  0%| F|  |TAMS 0x000000071fa00000| PB 0x000000071fa00000| Untracked 
| 254|0x000000071fc00000, 0x000000071fc00000, 0x000000071fe00000|  0%| F|  |TAMS 0x000000071fc00000| PB 0x000000071fc00000| Untracked 
| 255|0x000000071fe00000, 0x000000071fe00000, 0x0000000720000000|  0%| F|  |TAMS 0x000000071fe00000| PB 0x000000071fe00000| Untracked 
| 256|0x0000000720000000, 0x0000000720000000, 0x0000000720200000|  0%| F|  |TAMS 0x0000000720000000| PB 0x0000000720000000| Untracked 
| 257|0x0000000720200000, 0x0000000720200000, 0x0000000720400000|  0%| F|  |TAMS 0x0000000720200000| PB 0x0000000720200000| Untracked 
| 258|0x0000000720400000, 0x0000000720400000, 0x0000000720600000|  0%| F|  |TAMS 0x0000000720400000| PB 0x0000000720400000| Untracked 
| 259|0x0000000720600000, 0x0000000720600000, 0x0000000720800000|  0%| F|  |TAMS 0x0000000720600000| PB 0x0000000720600000| Untracked 
| 260|0x0000000720800000, 0x0000000720800000, 0x0000000720a00000|  0%| F|  |TAMS 0x0000000720800000| PB 0x0000000720800000| Untracked 
| 261|0x0000000720a00000, 0x0000000720a00000, 0x0000000720c00000|  0%| F|  |TAMS 0x0000000720a00000| PB 0x0000000720a00000| Untracked 
| 262|0x0000000720c00000, 0x0000000720c00000, 0x0000000720e00000|  0%| F|  |TAMS 0x0000000720c00000| PB 0x0000000720c00000| Untracked 
| 263|0x0000000720e00000, 0x0000000720e00000, 0x0000000721000000|  0%| F|  |TAMS 0x0000000720e00000| PB 0x0000000720e00000| Untracked 
| 264|0x0000000721000000, 0x0000000721000000, 0x0000000721200000|  0%| F|  |TAMS 0x0000000721000000| PB 0x0000000721000000| Untracked 
| 265|0x0000000721200000, 0x0000000721200000, 0x0000000721400000|  0%| F|  |TAMS 0x0000000721200000| PB 0x0000000721200000| Untracked 
| 266|0x0000000721400000, 0x0000000721400000, 0x0000000721600000|  0%| F|  |TAMS 0x0000000721400000| PB 0x0000000721400000| Untracked 
| 267|0x0000000721600000, 0x0000000721600000, 0x0000000721800000|  0%| F|  |TAMS 0x0000000721600000| PB 0x0000000721600000| Untracked 
| 268|0x0000000721800000, 0x0000000721800000, 0x0000000721a00000|  0%| F|  |TAMS 0x0000000721800000| PB 0x0000000721800000| Untracked 
| 269|0x0000000721a00000, 0x0000000721a00000, 0x0000000721c00000|  0%| F|  |TAMS 0x0000000721a00000| PB 0x0000000721a00000| Untracked 
| 270|0x0000000721c00000, 0x0000000721c00000, 0x0000000721e00000|  0%| F|  |TAMS 0x0000000721c00000| PB 0x0000000721c00000| Untracked 
| 271|0x0000000721e00000, 0x0000000721e00000, 0x0000000722000000|  0%| F|  |TAMS 0x0000000721e00000| PB 0x0000000721e00000| Untracked 
| 272|0x0000000722000000, 0x0000000722000000, 0x0000000722200000|  0%| F|  |TAMS 0x0000000722000000| PB 0x0000000722000000| Untracked 
| 273|0x0000000722200000, 0x0000000722200000, 0x0000000722400000|  0%| F|  |TAMS 0x0000000722200000| PB 0x0000000722200000| Untracked 
| 274|0x0000000722400000, 0x0000000722400000, 0x0000000722600000|  0%| F|  |TAMS 0x0000000722400000| PB 0x0000000722400000| Untracked 
| 275|0x0000000722600000, 0x0000000722600000, 0x0000000722800000|  0%| F|  |TAMS 0x0000000722600000| PB 0x0000000722600000| Untracked 
| 276|0x0000000722800000, 0x0000000722800000, 0x0000000722a00000|  0%| F|  |TAMS 0x0000000722800000| PB 0x0000000722800000| Untracked 
| 277|0x0000000722a00000, 0x0000000722a00000, 0x0000000722c00000|  0%| F|  |TAMS 0x0000000722a00000| PB 0x0000000722a00000| Untracked 
| 278|0x0000000722c00000, 0x0000000722c00000, 0x0000000722e00000|  0%| F|  |TAMS 0x0000000722c00000| PB 0x0000000722c00000| Untracked 
| 279|0x0000000722e00000, 0x0000000722e00000, 0x0000000723000000|  0%| F|  |TAMS 0x0000000722e00000| PB 0x0000000722e00000| Untracked 
| 280|0x0000000723000000, 0x0000000723000000, 0x0000000723200000|  0%| F|  |TAMS 0x0000000723000000| PB 0x0000000723000000| Untracked 
| 281|0x0000000723200000, 0x0000000723200000, 0x0000000723400000|  0%| F|  |TAMS 0x0000000723200000| PB 0x0000000723200000| Untracked 
| 282|0x0000000723400000, 0x0000000723400000, 0x0000000723600000|  0%| F|  |TAMS 0x0000000723400000| PB 0x0000000723400000| Untracked 
| 283|0x0000000723600000, 0x0000000723600000, 0x0000000723800000|  0%| F|  |TAMS 0x0000000723600000| PB 0x0000000723600000| Untracked 
| 284|0x0000000723800000, 0x0000000723800000, 0x0000000723a00000|  0%| F|  |TAMS 0x0000000723800000| PB 0x0000000723800000| Untracked 
| 285|0x0000000723a00000, 0x0000000723a00000, 0x0000000723c00000|  0%| F|  |TAMS 0x0000000723a00000| PB 0x0000000723a00000| Untracked 
| 286|0x0000000723c00000, 0x0000000723c00000, 0x0000000723e00000|  0%| F|  |TAMS 0x0000000723c00000| PB 0x0000000723c00000| Untracked 
| 287|0x0000000723e00000, 0x0000000723e00000, 0x0000000724000000|  0%| F|  |TAMS 0x0000000723e00000| PB 0x0000000723e00000| Untracked 
| 288|0x0000000724000000, 0x0000000724000000, 0x0000000724200000|  0%| F|  |TAMS 0x0000000724000000| PB 0x0000000724000000| Untracked 
| 289|0x0000000724200000, 0x0000000724200000, 0x0000000724400000|  0%| F|  |TAMS 0x0000000724200000| PB 0x0000000724200000| Untracked 
| 290|0x0000000724400000, 0x0000000724400000, 0x0000000724600000|  0%| F|  |TAMS 0x0000000724400000| PB 0x0000000724400000| Untracked 
| 291|0x0000000724600000, 0x0000000724600000, 0x0000000724800000|  0%| F|  |TAMS 0x0000000724600000| PB 0x0000000724600000| Untracked 
| 292|0x0000000724800000, 0x0000000724800000, 0x0000000724a00000|  0%| F|  |TAMS 0x0000000724800000| PB 0x0000000724800000| Untracked 
| 293|0x0000000724a00000, 0x0000000724a00000, 0x0000000724c00000|  0%| F|  |TAMS 0x0000000724a00000| PB 0x0000000724a00000| Untracked 
| 294|0x0000000724c00000, 0x0000000724c00000, 0x0000000724e00000|  0%| F|  |TAMS 0x0000000724c00000| PB 0x0000000724c00000| Untracked 
| 295|0x0000000724e00000, 0x0000000724e00000, 0x0000000725000000|  0%| F|  |TAMS 0x0000000724e00000| PB 0x0000000724e00000| Untracked 
| 296|0x0000000725000000, 0x0000000725000000, 0x0000000725200000|  0%| F|  |TAMS 0x0000000725000000| PB 0x0000000725000000| Untracked 
| 297|0x0000000725200000, 0x0000000725200000, 0x0000000725400000|  0%| F|  |TAMS 0x0000000725200000| PB 0x0000000725200000| Untracked 
| 298|0x0000000725400000, 0x0000000725400000, 0x0000000725600000|  0%| F|  |TAMS 0x0000000725400000| PB 0x0000000725400000| Untracked 
| 299|0x0000000725600000, 0x0000000725600000, 0x0000000725800000|  0%| F|  |TAMS 0x0000000725600000| PB 0x0000000725600000| Untracked 
| 300|0x0000000725800000, 0x0000000725800000, 0x0000000725a00000|  0%| F|  |TAMS 0x0000000725800000| PB 0x0000000725800000| Untracked 
| 301|0x0000000725a00000, 0x0000000725a00000, 0x0000000725c00000|  0%| F|  |TAMS 0x0000000725a00000| PB 0x0000000725a00000| Untracked 
| 302|0x0000000725c00000, 0x0000000725c00000, 0x0000000725e00000|  0%| F|  |TAMS 0x0000000725c00000| PB 0x0000000725c00000| Untracked 
| 303|0x0000000725e00000, 0x0000000725e00000, 0x0000000726000000|  0%| F|  |TAMS 0x0000000725e00000| PB 0x0000000725e00000| Untracked 
| 304|0x0000000726000000, 0x0000000726000000, 0x0000000726200000|  0%| F|  |TAMS 0x0000000726000000| PB 0x0000000726000000| Untracked 
| 305|0x0000000726200000, 0x0000000726200000, 0x0000000726400000|  0%| F|  |TAMS 0x0000000726200000| PB 0x0000000726200000| Untracked 
| 306|0x0000000726400000, 0x0000000726400000, 0x0000000726600000|  0%| F|  |TAMS 0x0000000726400000| PB 0x0000000726400000| Untracked 
| 307|0x0000000726600000, 0x0000000726600000, 0x0000000726800000|  0%| F|  |TAMS 0x0000000726600000| PB 0x0000000726600000| Untracked 
| 308|0x0000000726800000, 0x0000000726800000, 0x0000000726a00000|  0%| F|  |TAMS 0x0000000726800000| PB 0x0000000726800000| Untracked 
| 309|0x0000000726a00000, 0x0000000726a00000, 0x0000000726c00000|  0%| F|  |TAMS 0x0000000726a00000| PB 0x0000000726a00000| Untracked 
| 310|0x0000000726c00000, 0x0000000726c00000, 0x0000000726e00000|  0%| F|  |TAMS 0x0000000726c00000| PB 0x0000000726c00000| Untracked 
| 311|0x0000000726e00000, 0x0000000726e00000, 0x0000000727000000|  0%| F|  |TAMS 0x0000000726e00000| PB 0x0000000726e00000| Untracked 
| 312|0x0000000727000000, 0x0000000727000000, 0x0000000727200000|  0%| F|  |TAMS 0x0000000727000000| PB 0x0000000727000000| Untracked 
| 313|0x0000000727200000, 0x0000000727200000, 0x0000000727400000|  0%| F|  |TAMS 0x0000000727200000| PB 0x0000000727200000| Untracked 
| 314|0x0000000727400000, 0x0000000727400000, 0x0000000727600000|  0%| F|  |TAMS 0x0000000727400000| PB 0x0000000727400000| Untracked 
| 315|0x0000000727600000, 0x0000000727600000, 0x0000000727800000|  0%| F|  |TAMS 0x0000000727600000| PB 0x0000000727600000| Untracked 
| 316|0x0000000727800000, 0x0000000727800000, 0x0000000727a00000|  0%| F|  |TAMS 0x0000000727800000| PB 0x0000000727800000| Untracked 
| 317|0x0000000727a00000, 0x0000000727a00000, 0x0000000727c00000|  0%| F|  |TAMS 0x0000000727a00000| PB 0x0000000727a00000| Untracked 
| 318|0x0000000727c00000, 0x0000000727c00000, 0x0000000727e00000|  0%| F|  |TAMS 0x0000000727c00000| PB 0x0000000727c00000| Untracked 
| 319|0x0000000727e00000, 0x0000000727e00000, 0x0000000728000000|  0%| F|  |TAMS 0x0000000727e00000| PB 0x0000000727e00000| Untracked 
| 320|0x0000000728000000, 0x0000000728000000, 0x0000000728200000|  0%| F|  |TAMS 0x0000000728000000| PB 0x0000000728000000| Untracked 
| 321|0x0000000728200000, 0x0000000728200000, 0x0000000728400000|  0%| F|  |TAMS 0x0000000728200000| PB 0x0000000728200000| Untracked 
| 322|0x0000000728400000, 0x0000000728400000, 0x0000000728600000|  0%| F|  |TAMS 0x0000000728400000| PB 0x0000000728400000| Untracked 
| 323|0x0000000728600000, 0x0000000728600000, 0x0000000728800000|  0%| F|  |TAMS 0x0000000728600000| PB 0x0000000728600000| Untracked 
| 324|0x0000000728800000, 0x0000000728800000, 0x0000000728a00000|  0%| F|  |TAMS 0x0000000728800000| PB 0x0000000728800000| Untracked 
| 325|0x0000000728a00000, 0x0000000728a00000, 0x0000000728c00000|  0%| F|  |TAMS 0x0000000728a00000| PB 0x0000000728a00000| Untracked 
| 326|0x0000000728c00000, 0x0000000728c00000, 0x0000000728e00000|  0%| F|  |TAMS 0x0000000728c00000| PB 0x0000000728c00000| Untracked 
| 327|0x0000000728e00000, 0x0000000728e00000, 0x0000000729000000|  0%| F|  |TAMS 0x0000000728e00000| PB 0x0000000728e00000| Untracked 
| 328|0x0000000729000000, 0x0000000729000000, 0x0000000729200000|  0%| F|  |TAMS 0x0000000729000000| PB 0x0000000729000000| Untracked 
| 329|0x0000000729200000, 0x0000000729200000, 0x0000000729400000|  0%| F|  |TAMS 0x0000000729200000| PB 0x0000000729200000| Untracked 
| 330|0x0000000729400000, 0x0000000729400000, 0x0000000729600000|  0%| F|  |TAMS 0x0000000729400000| PB 0x0000000729400000| Untracked 
| 331|0x0000000729600000, 0x0000000729600000, 0x0000000729800000|  0%| F|  |TAMS 0x0000000729600000| PB 0x0000000729600000| Untracked 
| 332|0x0000000729800000, 0x0000000729800000, 0x0000000729a00000|  0%| F|  |TAMS 0x0000000729800000| PB 0x0000000729800000| Untracked 
| 333|0x0000000729a00000, 0x0000000729a00000, 0x0000000729c00000|  0%| F|  |TAMS 0x0000000729a00000| PB 0x0000000729a00000| Untracked 
| 334|0x0000000729c00000, 0x0000000729c00000, 0x0000000729e00000|  0%| F|  |TAMS 0x0000000729c00000| PB 0x0000000729c00000| Untracked 
| 335|0x0000000729e00000, 0x0000000729e00000, 0x000000072a000000|  0%| F|  |TAMS 0x0000000729e00000| PB 0x0000000729e00000| Untracked 
| 336|0x000000072a000000, 0x000000072a000000, 0x000000072a200000|  0%| F|  |TAMS 0x000000072a000000| PB 0x000000072a000000| Untracked 
| 337|0x000000072a200000, 0x000000072a200000, 0x000000072a400000|  0%| F|  |TAMS 0x000000072a200000| PB 0x000000072a200000| Untracked 
| 338|0x000000072a400000, 0x000000072a400000, 0x000000072a600000|  0%| F|  |TAMS 0x000000072a400000| PB 0x000000072a400000| Untracked 
| 339|0x000000072a600000, 0x000000072a600000, 0x000000072a800000|  0%| F|  |TAMS 0x000000072a600000| PB 0x000000072a600000| Untracked 
| 340|0x000000072a800000, 0x000000072a800000, 0x000000072aa00000|  0%| F|  |TAMS 0x000000072a800000| PB 0x000000072a800000| Untracked 
| 341|0x000000072aa00000, 0x000000072aa00000, 0x000000072ac00000|  0%| F|  |TAMS 0x000000072aa00000| PB 0x000000072aa00000| Untracked 
| 342|0x000000072ac00000, 0x000000072ac00000, 0x000000072ae00000|  0%| F|  |TAMS 0x000000072ac00000| PB 0x000000072ac00000| Untracked 
| 343|0x000000072ae00000, 0x000000072ae00000, 0x000000072b000000|  0%| F|  |TAMS 0x000000072ae00000| PB 0x000000072ae00000| Untracked 
| 344|0x000000072b000000, 0x000000072b000000, 0x000000072b200000|  0%| F|  |TAMS 0x000000072b000000| PB 0x000000072b000000| Untracked 
| 345|0x000000072b200000, 0x000000072b200000, 0x000000072b400000|  0%| F|  |TAMS 0x000000072b200000| PB 0x000000072b200000| Untracked 
| 346|0x000000072b400000, 0x000000072b400000, 0x000000072b600000|  0%| F|  |TAMS 0x000000072b400000| PB 0x000000072b400000| Untracked 
| 347|0x000000072b600000, 0x000000072b600000, 0x000000072b800000|  0%| F|  |TAMS 0x000000072b600000| PB 0x000000072b600000| Untracked 
| 348|0x000000072b800000, 0x000000072b800000, 0x000000072ba00000|  0%| F|  |TAMS 0x000000072b800000| PB 0x000000072b800000| Untracked 
| 349|0x000000072ba00000, 0x000000072ba00000, 0x000000072bc00000|  0%| F|  |TAMS 0x000000072ba00000| PB 0x000000072ba00000| Untracked 
| 350|0x000000072bc00000, 0x000000072bc00000, 0x000000072be00000|  0%| F|  |TAMS 0x000000072bc00000| PB 0x000000072bc00000| Untracked 
| 351|0x000000072be00000, 0x000000072be00000, 0x000000072c000000|  0%| F|  |TAMS 0x000000072be00000| PB 0x000000072be00000| Untracked 
| 352|0x000000072c000000, 0x000000072c000000, 0x000000072c200000|  0%| F|  |TAMS 0x000000072c000000| PB 0x000000072c000000| Untracked 
| 353|0x000000072c200000, 0x000000072c200000, 0x000000072c400000|  0%| F|  |TAMS 0x000000072c200000| PB 0x000000072c200000| Untracked 
| 354|0x000000072c400000, 0x000000072c400000, 0x000000072c600000|  0%| F|  |TAMS 0x000000072c400000| PB 0x000000072c400000| Untracked 
| 355|0x000000072c600000, 0x000000072c600000, 0x000000072c800000|  0%| F|  |TAMS 0x000000072c600000| PB 0x000000072c600000| Untracked 
| 356|0x000000072c800000, 0x000000072c800000, 0x000000072ca00000|  0%| F|  |TAMS 0x000000072c800000| PB 0x000000072c800000| Untracked 
| 357|0x000000072ca00000, 0x000000072ca00000, 0x000000072cc00000|  0%| F|  |TAMS 0x000000072ca00000| PB 0x000000072ca00000| Untracked 
| 358|0x000000072cc00000, 0x000000072cc00000, 0x000000072ce00000|  0%| F|  |TAMS 0x000000072cc00000| PB 0x000000072cc00000| Untracked 
| 359|0x000000072ce00000, 0x000000072ce00000, 0x000000072d000000|  0%| F|  |TAMS 0x000000072ce00000| PB 0x000000072ce00000| Untracked 
| 360|0x000000072d000000, 0x000000072d000000, 0x000000072d200000|  0%| F|  |TAMS 0x000000072d000000| PB 0x000000072d000000| Untracked 
| 361|0x000000072d200000, 0x000000072d200000, 0x000000072d400000|  0%| F|  |TAMS 0x000000072d200000| PB 0x000000072d200000| Untracked 
| 362|0x000000072d400000, 0x000000072d400000, 0x000000072d600000|  0%| F|  |TAMS 0x000000072d400000| PB 0x000000072d400000| Untracked 
| 363|0x000000072d600000, 0x000000072d600000, 0x000000072d800000|  0%| F|  |TAMS 0x000000072d600000| PB 0x000000072d600000| Untracked 
| 364|0x000000072d800000, 0x000000072d800000, 0x000000072da00000|  0%| F|  |TAMS 0x000000072d800000| PB 0x000000072d800000| Untracked 
| 365|0x000000072da00000, 0x000000072da00000, 0x000000072dc00000|  0%| F|  |TAMS 0x000000072da00000| PB 0x000000072da00000| Untracked 
| 366|0x000000072dc00000, 0x000000072dc00000, 0x000000072de00000|  0%| F|  |TAMS 0x000000072dc00000| PB 0x000000072dc00000| Untracked 
| 367|0x000000072de00000, 0x000000072de00000, 0x000000072e000000|  0%| F|  |TAMS 0x000000072de00000| PB 0x000000072de00000| Untracked 
| 368|0x000000072e000000, 0x000000072e000000, 0x000000072e200000|  0%| F|  |TAMS 0x000000072e000000| PB 0x000000072e000000| Untracked 
| 369|0x000000072e200000, 0x000000072e200000, 0x000000072e400000|  0%| F|  |TAMS 0x000000072e200000| PB 0x000000072e200000| Untracked 
| 370|0x000000072e400000, 0x000000072e400000, 0x000000072e600000|  0%| F|  |TAMS 0x000000072e400000| PB 0x000000072e400000| Untracked 
| 371|0x000000072e600000, 0x000000072e600000, 0x000000072e800000|  0%| F|  |TAMS 0x000000072e600000| PB 0x000000072e600000| Untracked 
| 372|0x000000072e800000, 0x000000072e800000, 0x000000072ea00000|  0%| F|  |TAMS 0x000000072e800000| PB 0x000000072e800000| Untracked 
| 373|0x000000072ea00000, 0x000000072ea00000, 0x000000072ec00000|  0%| F|  |TAMS 0x000000072ea00000| PB 0x000000072ea00000| Untracked 
| 374|0x000000072ec00000, 0x000000072ec00000, 0x000000072ee00000|  0%| F|  |TAMS 0x000000072ec00000| PB 0x000000072ec00000| Untracked 
| 375|0x000000072ee00000, 0x000000072ee00000, 0x000000072f000000|  0%| F|  |TAMS 0x000000072ee00000| PB 0x000000072ee00000| Untracked 
| 376|0x000000072f000000, 0x000000072f000000, 0x000000072f200000|  0%| F|  |TAMS 0x000000072f000000| PB 0x000000072f000000| Untracked 
| 377|0x000000072f200000, 0x000000072f200000, 0x000000072f400000|  0%| F|  |TAMS 0x000000072f200000| PB 0x000000072f200000| Untracked 
| 378|0x000000072f400000, 0x000000072f400000, 0x000000072f600000|  0%| F|  |TAMS 0x000000072f400000| PB 0x000000072f400000| Untracked 
| 379|0x000000072f600000, 0x000000072f600000, 0x000000072f800000|  0%| F|  |TAMS 0x000000072f600000| PB 0x000000072f600000| Untracked 
| 380|0x000000072f800000, 0x000000072f800000, 0x000000072fa00000|  0%| F|  |TAMS 0x000000072f800000| PB 0x000000072f800000| Untracked 
| 381|0x000000072fa00000, 0x000000072fa00000, 0x000000072fc00000|  0%| F|  |TAMS 0x000000072fa00000| PB 0x000000072fa00000| Untracked 
| 382|0x000000072fc00000, 0x000000072fc00000, 0x000000072fe00000|  0%| F|  |TAMS 0x000000072fc00000| PB 0x000000072fc00000| Untracked 
| 383|0x000000072fe00000, 0x000000072fe00000, 0x0000000730000000|  0%| F|  |TAMS 0x000000072fe00000| PB 0x000000072fe00000| Untracked 
| 384|0x0000000730000000, 0x0000000730000000, 0x0000000730200000|  0%| F|  |TAMS 0x0000000730000000| PB 0x0000000730000000| Untracked 
| 385|0x0000000730200000, 0x0000000730200000, 0x0000000730400000|  0%| F|  |TAMS 0x0000000730200000| PB 0x0000000730200000| Untracked 
| 386|0x0000000730400000, 0x0000000730400000, 0x0000000730600000|  0%| F|  |TAMS 0x0000000730400000| PB 0x0000000730400000| Untracked 
| 387|0x0000000730600000, 0x0000000730600000, 0x0000000730800000|  0%| F|  |TAMS 0x0000000730600000| PB 0x0000000730600000| Untracked 
| 388|0x0000000730800000, 0x0000000730800000, 0x0000000730a00000|  0%| F|  |TAMS 0x0000000730800000| PB 0x0000000730800000| Untracked 
| 389|0x0000000730a00000, 0x0000000730a00000, 0x0000000730c00000|  0%| F|  |TAMS 0x0000000730a00000| PB 0x0000000730a00000| Untracked 
| 390|0x0000000730c00000, 0x0000000730c00000, 0x0000000730e00000|  0%| F|  |TAMS 0x0000000730c00000| PB 0x0000000730c00000| Untracked 
| 391|0x0000000730e00000, 0x0000000730e00000, 0x0000000731000000|  0%| F|  |TAMS 0x0000000730e00000| PB 0x0000000730e00000| Untracked 
| 392|0x0000000731000000, 0x0000000731000000, 0x0000000731200000|  0%| F|  |TAMS 0x0000000731000000| PB 0x0000000731000000| Untracked 
| 393|0x0000000731200000, 0x0000000731200000, 0x0000000731400000|  0%| F|  |TAMS 0x0000000731200000| PB 0x0000000731200000| Untracked 
| 394|0x0000000731400000, 0x0000000731400000, 0x0000000731600000|  0%| F|  |TAMS 0x0000000731400000| PB 0x0000000731400000| Untracked 
| 395|0x0000000731600000, 0x0000000731600000, 0x0000000731800000|  0%| F|  |TAMS 0x0000000731600000| PB 0x0000000731600000| Untracked 
| 396|0x0000000731800000, 0x0000000731800000, 0x0000000731a00000|  0%| F|  |TAMS 0x0000000731800000| PB 0x0000000731800000| Untracked 
| 397|0x0000000731a00000, 0x0000000731a00000, 0x0000000731c00000|  0%| F|  |TAMS 0x0000000731a00000| PB 0x0000000731a00000| Untracked 
| 398|0x0000000731c00000, 0x0000000731c00000, 0x0000000731e00000|  0%| F|  |TAMS 0x0000000731c00000| PB 0x0000000731c00000| Untracked 
| 399|0x0000000731e00000, 0x0000000731e00000, 0x0000000732000000|  0%| F|  |TAMS 0x0000000731e00000| PB 0x0000000731e00000| Untracked 
| 400|0x0000000732000000, 0x0000000732000000, 0x0000000732200000|  0%| F|  |TAMS 0x0000000732000000| PB 0x0000000732000000| Untracked 
| 401|0x0000000732200000, 0x0000000732200000, 0x0000000732400000|  0%| F|  |TAMS 0x0000000732200000| PB 0x0000000732200000| Untracked 
| 402|0x0000000732400000, 0x0000000732400000, 0x0000000732600000|  0%| F|  |TAMS 0x0000000732400000| PB 0x0000000732400000| Untracked 
| 403|0x0000000732600000, 0x0000000732600000, 0x0000000732800000|  0%| F|  |TAMS 0x0000000732600000| PB 0x0000000732600000| Untracked 
| 404|0x0000000732800000, 0x0000000732800000, 0x0000000732a00000|  0%| F|  |TAMS 0x0000000732800000| PB 0x0000000732800000| Untracked 
| 405|0x0000000732a00000, 0x0000000732a00000, 0x0000000732c00000|  0%| F|  |TAMS 0x0000000732a00000| PB 0x0000000732a00000| Untracked 
| 406|0x0000000732c00000, 0x0000000732c00000, 0x0000000732e00000|  0%| F|  |TAMS 0x0000000732c00000| PB 0x0000000732c00000| Untracked 
| 407|0x0000000732e00000, 0x0000000732e00000, 0x0000000733000000|  0%| F|  |TAMS 0x0000000732e00000| PB 0x0000000732e00000| Untracked 
| 408|0x0000000733000000, 0x0000000733000000, 0x0000000733200000|  0%| F|  |TAMS 0x0000000733000000| PB 0x0000000733000000| Untracked 
| 409|0x0000000733200000, 0x0000000733200000, 0x0000000733400000|  0%| F|  |TAMS 0x0000000733200000| PB 0x0000000733200000| Untracked 
| 410|0x0000000733400000, 0x0000000733400000, 0x0000000733600000|  0%| F|  |TAMS 0x0000000733400000| PB 0x0000000733400000| Untracked 
| 411|0x0000000733600000, 0x0000000733600000, 0x0000000733800000|  0%| F|  |TAMS 0x0000000733600000| PB 0x0000000733600000| Untracked 
| 412|0x0000000733800000, 0x0000000733800000, 0x0000000733a00000|  0%| F|  |TAMS 0x0000000733800000| PB 0x0000000733800000| Untracked 
| 413|0x0000000733a00000, 0x0000000733a00000, 0x0000000733c00000|  0%| F|  |TAMS 0x0000000733a00000| PB 0x0000000733a00000| Untracked 
| 414|0x0000000733c00000, 0x0000000733c00000, 0x0000000733e00000|  0%| F|  |TAMS 0x0000000733c00000| PB 0x0000000733c00000| Untracked 
| 415|0x0000000733e00000, 0x0000000733e00000, 0x0000000734000000|  0%| F|  |TAMS 0x0000000733e00000| PB 0x0000000733e00000| Untracked 
| 416|0x0000000734000000, 0x0000000734000000, 0x0000000734200000|  0%| F|  |TAMS 0x0000000734000000| PB 0x0000000734000000| Untracked 
| 417|0x0000000734200000, 0x0000000734200000, 0x0000000734400000|  0%| F|  |TAMS 0x0000000734200000| PB 0x0000000734200000| Untracked 
| 418|0x0000000734400000, 0x0000000734400000, 0x0000000734600000|  0%| F|  |TAMS 0x0000000734400000| PB 0x0000000734400000| Untracked 
| 419|0x0000000734600000, 0x0000000734600000, 0x0000000734800000|  0%| F|  |TAMS 0x0000000734600000| PB 0x0000000734600000| Untracked 
| 420|0x0000000734800000, 0x0000000734800000, 0x0000000734a00000|  0%| F|  |TAMS 0x0000000734800000| PB 0x0000000734800000| Untracked 
| 421|0x0000000734a00000, 0x0000000734a00000, 0x0000000734c00000|  0%| F|  |TAMS 0x0000000734a00000| PB 0x0000000734a00000| Untracked 
| 422|0x0000000734c00000, 0x0000000734c00000, 0x0000000734e00000|  0%| F|  |TAMS 0x0000000734c00000| PB 0x0000000734c00000| Untracked 
| 423|0x0000000734e00000, 0x0000000734e00000, 0x0000000735000000|  0%| F|  |TAMS 0x0000000734e00000| PB 0x0000000734e00000| Untracked 
| 424|0x0000000735000000, 0x0000000735000000, 0x0000000735200000|  0%| F|  |TAMS 0x0000000735000000| PB 0x0000000735000000| Untracked 
| 425|0x0000000735200000, 0x0000000735200000, 0x0000000735400000|  0%| F|  |TAMS 0x0000000735200000| PB 0x0000000735200000| Untracked 
| 426|0x0000000735400000, 0x0000000735400000, 0x0000000735600000|  0%| F|  |TAMS 0x0000000735400000| PB 0x0000000735400000| Untracked 
| 427|0x0000000735600000, 0x0000000735600000, 0x0000000735800000|  0%| F|  |TAMS 0x0000000735600000| PB 0x0000000735600000| Untracked 
| 428|0x0000000735800000, 0x0000000735800000, 0x0000000735a00000|  0%| F|  |TAMS 0x0000000735800000| PB 0x0000000735800000| Untracked 
| 429|0x0000000735a00000, 0x0000000735a00000, 0x0000000735c00000|  0%| F|  |TAMS 0x0000000735a00000| PB 0x0000000735a00000| Untracked 
| 430|0x0000000735c00000, 0x0000000735c00000, 0x0000000735e00000|  0%| F|  |TAMS 0x0000000735c00000| PB 0x0000000735c00000| Untracked 
| 431|0x0000000735e00000, 0x0000000735e00000, 0x0000000736000000|  0%| F|  |TAMS 0x0000000735e00000| PB 0x0000000735e00000| Untracked 
| 432|0x0000000736000000, 0x0000000736000000, 0x0000000736200000|  0%| F|  |TAMS 0x0000000736000000| PB 0x0000000736000000| Untracked 
| 433|0x0000000736200000, 0x0000000736200000, 0x0000000736400000|  0%| F|  |TAMS 0x0000000736200000| PB 0x0000000736200000| Untracked 
| 434|0x0000000736400000, 0x0000000736400000, 0x0000000736600000|  0%| F|  |TAMS 0x0000000736400000| PB 0x0000000736400000| Untracked 
| 435|0x0000000736600000, 0x0000000736600000, 0x0000000736800000|  0%| F|  |TAMS 0x0000000736600000| PB 0x0000000736600000| Untracked 
| 436|0x0000000736800000, 0x0000000736800000, 0x0000000736a00000|  0%| F|  |TAMS 0x0000000736800000| PB 0x0000000736800000| Untracked 
| 437|0x0000000736a00000, 0x0000000736a00000, 0x0000000736c00000|  0%| F|  |TAMS 0x0000000736a00000| PB 0x0000000736a00000| Untracked 
| 438|0x0000000736c00000, 0x0000000736c00000, 0x0000000736e00000|  0%| F|  |TAMS 0x0000000736c00000| PB 0x0000000736c00000| Untracked 
| 439|0x0000000736e00000, 0x0000000736e00000, 0x0000000737000000|  0%| F|  |TAMS 0x0000000736e00000| PB 0x0000000736e00000| Untracked 
| 440|0x0000000737000000, 0x0000000737000000, 0x0000000737200000|  0%| F|  |TAMS 0x0000000737000000| PB 0x0000000737000000| Untracked 
| 441|0x0000000737200000, 0x0000000737200000, 0x0000000737400000|  0%| F|  |TAMS 0x0000000737200000| PB 0x0000000737200000| Untracked 
| 442|0x0000000737400000, 0x0000000737400000, 0x0000000737600000|  0%| F|  |TAMS 0x0000000737400000| PB 0x0000000737400000| Untracked 
| 443|0x0000000737600000, 0x0000000737600000, 0x0000000737800000|  0%| F|  |TAMS 0x0000000737600000| PB 0x0000000737600000| Untracked 
| 444|0x0000000737800000, 0x0000000737800000, 0x0000000737a00000|  0%| F|  |TAMS 0x0000000737800000| PB 0x0000000737800000| Untracked 
| 445|0x0000000737a00000, 0x0000000737a00000, 0x0000000737c00000|  0%| F|  |TAMS 0x0000000737a00000| PB 0x0000000737a00000| Untracked 
| 446|0x0000000737c00000, 0x0000000737c00000, 0x0000000737e00000|  0%| F|  |TAMS 0x0000000737c00000| PB 0x0000000737c00000| Untracked 
| 447|0x0000000737e00000, 0x0000000737e00000, 0x0000000738000000|  0%| F|  |TAMS 0x0000000737e00000| PB 0x0000000737e00000| Untracked 
| 448|0x0000000738000000, 0x0000000738000000, 0x0000000738200000|  0%| F|  |TAMS 0x0000000738000000| PB 0x0000000738000000| Untracked 
| 449|0x0000000738200000, 0x0000000738200000, 0x0000000738400000|  0%| F|  |TAMS 0x0000000738200000| PB 0x0000000738200000| Untracked 
| 450|0x0000000738400000, 0x0000000738400000, 0x0000000738600000|  0%| F|  |TAMS 0x0000000738400000| PB 0x0000000738400000| Untracked 
| 451|0x0000000738600000, 0x0000000738600000, 0x0000000738800000|  0%| F|  |TAMS 0x0000000738600000| PB 0x0000000738600000| Untracked 
| 452|0x0000000738800000, 0x0000000738800000, 0x0000000738a00000|  0%| F|  |TAMS 0x0000000738800000| PB 0x0000000738800000| Untracked 
| 453|0x0000000738a00000, 0x0000000738a00000, 0x0000000738c00000|  0%| F|  |TAMS 0x0000000738a00000| PB 0x0000000738a00000| Untracked 
| 454|0x0000000738c00000, 0x0000000738c00000, 0x0000000738e00000|  0%| F|  |TAMS 0x0000000738c00000| PB 0x0000000738c00000| Untracked 
| 455|0x0000000738e00000, 0x0000000738e00000, 0x0000000739000000|  0%| F|  |TAMS 0x0000000738e00000| PB 0x0000000738e00000| Untracked 
| 456|0x0000000739000000, 0x0000000739000000, 0x0000000739200000|  0%| F|  |TAMS 0x0000000739000000| PB 0x0000000739000000| Untracked 
| 457|0x0000000739200000, 0x0000000739200000, 0x0000000739400000|  0%| F|  |TAMS 0x0000000739200000| PB 0x0000000739200000| Untracked 
| 458|0x0000000739400000, 0x0000000739400000, 0x0000000739600000|  0%| F|  |TAMS 0x0000000739400000| PB 0x0000000739400000| Untracked 
| 459|0x0000000739600000, 0x0000000739600000, 0x0000000739800000|  0%| F|  |TAMS 0x0000000739600000| PB 0x0000000739600000| Untracked 
| 460|0x0000000739800000, 0x0000000739800000, 0x0000000739a00000|  0%| F|  |TAMS 0x0000000739800000| PB 0x0000000739800000| Untracked 
| 461|0x0000000739a00000, 0x0000000739a00000, 0x0000000739c00000|  0%| F|  |TAMS 0x0000000739a00000| PB 0x0000000739a00000| Untracked 
| 462|0x0000000739c00000, 0x0000000739c00000, 0x0000000739e00000|  0%| F|  |TAMS 0x0000000739c00000| PB 0x0000000739c00000| Untracked 
| 463|0x0000000739e00000, 0x0000000739e00000, 0x000000073a000000|  0%| F|  |TAMS 0x0000000739e00000| PB 0x0000000739e00000| Untracked 
| 464|0x000000073a000000, 0x000000073a000000, 0x000000073a200000|  0%| F|  |TAMS 0x000000073a000000| PB 0x000000073a000000| Untracked 
| 465|0x000000073a200000, 0x000000073a200000, 0x000000073a400000|  0%| F|  |TAMS 0x000000073a200000| PB 0x000000073a200000| Untracked 
| 466|0x000000073a400000, 0x000000073a400000, 0x000000073a600000|  0%| F|  |TAMS 0x000000073a400000| PB 0x000000073a400000| Untracked 
| 467|0x000000073a600000, 0x000000073a600000, 0x000000073a800000|  0%| F|  |TAMS 0x000000073a600000| PB 0x000000073a600000| Untracked 
| 468|0x000000073a800000, 0x000000073a800000, 0x000000073aa00000|  0%| F|  |TAMS 0x000000073a800000| PB 0x000000073a800000| Untracked 
| 469|0x000000073aa00000, 0x000000073aa00000, 0x000000073ac00000|  0%| F|  |TAMS 0x000000073aa00000| PB 0x000000073aa00000| Untracked 
| 470|0x000000073ac00000, 0x000000073ac00000, 0x000000073ae00000|  0%| F|  |TAMS 0x000000073ac00000| PB 0x000000073ac00000| Untracked 
| 471|0x000000073ae00000, 0x000000073ae00000, 0x000000073b000000|  0%| F|  |TAMS 0x000000073ae00000| PB 0x000000073ae00000| Untracked 
| 472|0x000000073b000000, 0x000000073b000000, 0x000000073b200000|  0%| F|  |TAMS 0x000000073b000000| PB 0x000000073b000000| Untracked 
| 473|0x000000073b200000, 0x000000073b200000, 0x000000073b400000|  0%| F|  |TAMS 0x000000073b200000| PB 0x000000073b200000| Untracked 
| 474|0x000000073b400000, 0x000000073b400000, 0x000000073b600000|  0%| F|  |TAMS 0x000000073b400000| PB 0x000000073b400000| Untracked 
| 475|0x000000073b600000, 0x000000073b600000, 0x000000073b800000|  0%| F|  |TAMS 0x000000073b600000| PB 0x000000073b600000| Untracked 
| 476|0x000000073b800000, 0x000000073b800000, 0x000000073ba00000|  0%| F|  |TAMS 0x000000073b800000| PB 0x000000073b800000| Untracked 
| 477|0x000000073ba00000, 0x000000073ba00000, 0x000000073bc00000|  0%| F|  |TAMS 0x000000073ba00000| PB 0x000000073ba00000| Untracked 
| 478|0x000000073bc00000, 0x000000073bc00000, 0x000000073be00000|  0%| F|  |TAMS 0x000000073bc00000| PB 0x000000073bc00000| Untracked 
| 479|0x000000073be00000, 0x000000073be00000, 0x000000073c000000|  0%| F|  |TAMS 0x000000073be00000| PB 0x000000073be00000| Untracked 
| 480|0x000000073c000000, 0x000000073c000000, 0x000000073c200000|  0%| F|  |TAMS 0x000000073c000000| PB 0x000000073c000000| Untracked 
| 481|0x000000073c200000, 0x000000073c200000, 0x000000073c400000|  0%| F|  |TAMS 0x000000073c200000| PB 0x000000073c200000| Untracked 
| 482|0x000000073c400000, 0x000000073c400000, 0x000000073c600000|  0%| F|  |TAMS 0x000000073c400000| PB 0x000000073c400000| Untracked 
| 483|0x000000073c600000, 0x000000073c600000, 0x000000073c800000|  0%| F|  |TAMS 0x000000073c600000| PB 0x000000073c600000| Untracked 
| 484|0x000000073c800000, 0x000000073c800000, 0x000000073ca00000|  0%| F|  |TAMS 0x000000073c800000| PB 0x000000073c800000| Untracked 
| 485|0x000000073ca00000, 0x000000073ca00000, 0x000000073cc00000|  0%| F|  |TAMS 0x000000073ca00000| PB 0x000000073ca00000| Untracked 
| 486|0x000000073cc00000, 0x000000073cc00000, 0x000000073ce00000|  0%| F|  |TAMS 0x000000073cc00000| PB 0x000000073cc00000| Untracked 
| 487|0x000000073ce00000, 0x000000073ce00000, 0x000000073d000000|  0%| F|  |TAMS 0x000000073ce00000| PB 0x000000073ce00000| Untracked 
| 488|0x000000073d000000, 0x000000073d000000, 0x000000073d200000|  0%| F|  |TAMS 0x000000073d000000| PB 0x000000073d000000| Untracked 
| 489|0x000000073d200000, 0x000000073d200000, 0x000000073d400000|  0%| F|  |TAMS 0x000000073d200000| PB 0x000000073d200000| Untracked 
| 490|0x000000073d400000, 0x000000073d4a80b0, 0x000000073d600000| 32%| E|  |TAMS 0x000000073d400000| PB 0x000000073d400000| Complete 
| 491|0x000000073d600000, 0x000000073d800000, 0x000000073d800000|100%| E|CS|TAMS 0x000000073d600000| PB 0x000000073d600000| Complete 
| 492|0x000000073d800000, 0x000000073da00000, 0x000000073da00000|100%| E|CS|TAMS 0x000000073d800000| PB 0x000000073d800000| Complete 
| 493|0x000000073da00000, 0x000000073dc00000, 0x000000073dc00000|100%| E|CS|TAMS 0x000000073da00000| PB 0x000000073da00000| Complete 
| 494|0x000000073dc00000, 0x000000073de00000, 0x000000073de00000|100%| E|CS|TAMS 0x000000073dc00000| PB 0x000000073dc00000| Complete 
| 495|0x000000073de00000, 0x000000073e000000, 0x000000073e000000|100%| E|CS|TAMS 0x000000073de00000| PB 0x000000073de00000| Complete 
| 496|0x000000073e000000, 0x000000073e200000, 0x000000073e200000|100%| E|CS|TAMS 0x000000073e000000| PB 0x000000073e000000| Complete 
| 497|0x000000073e200000, 0x000000073e400000, 0x000000073e400000|100%| E|CS|TAMS 0x000000073e200000| PB 0x000000073e200000| Complete 
| 498|0x000000073e400000, 0x000000073e600000, 0x000000073e600000|100%| E|CS|TAMS 0x000000073e400000| PB 0x000000073e400000| Complete 
| 499|0x000000073e600000, 0x000000073e800000, 0x000000073e800000|100%| E|CS|TAMS 0x000000073e600000| PB 0x000000073e600000| Complete 
| 500|0x000000073e800000, 0x000000073ea00000, 0x000000073ea00000|100%| E|CS|TAMS 0x000000073e800000| PB 0x000000073e800000| Complete 
| 501|0x000000073ea00000, 0x000000073ec00000, 0x000000073ec00000|100%| E|CS|TAMS 0x000000073ea00000| PB 0x000000073ea00000| Complete 
| 502|0x000000073ec00000, 0x000000073ee00000, 0x000000073ee00000|100%| E|  |TAMS 0x000000073ec00000| PB 0x000000073ec00000| Complete 
| 503|0x000000073ee00000, 0x000000073f000000, 0x000000073f000000|100%| E|CS|TAMS 0x000000073ee00000| PB 0x000000073ee00000| Complete 
| 504|0x000000073f000000, 0x000000073f200000, 0x000000073f200000|100%| E|CS|TAMS 0x000000073f000000| PB 0x000000073f000000| Complete 
| 505|0x000000073f200000, 0x000000073f400000, 0x000000073f400000|100%| E|CS|TAMS 0x000000073f200000| PB 0x000000073f200000| Complete 
| 506|0x000000073f400000, 0x000000073f600000, 0x000000073f600000|100%| E|CS|TAMS 0x000000073f400000| PB 0x000000073f400000| Complete 
| 507|0x000000073f600000, 0x000000073f800000, 0x000000073f800000|100%| E|CS|TAMS 0x000000073f600000| PB 0x000000073f600000| Complete 
| 508|0x000000073f800000, 0x000000073fa00000, 0x000000073fa00000|100%| E|CS|TAMS 0x000000073f800000| PB 0x000000073f800000| Complete 
| 509|0x000000073fa00000, 0x000000073fc00000, 0x000000073fc00000|100%| E|CS|TAMS 0x000000073fa00000| PB 0x000000073fa00000| Complete 
| 510|0x000000073fc00000, 0x000000073fe00000, 0x000000073fe00000|100%| E|CS|TAMS 0x000000073fc00000| PB 0x000000073fc00000| Complete 
| 511|0x000000073fe00000, 0x0000000740000000, 0x0000000740000000|100%| E|CS|TAMS 0x000000073fe00000| PB 0x000000073fe00000| Complete 
| 512|0x0000000740000000, 0x0000000740200000, 0x0000000740200000|100%| E|CS|TAMS 0x0000000740000000| PB 0x0000000740000000| Complete 
| 513|0x0000000740200000, 0x0000000740400000, 0x0000000740400000|100%| E|CS|TAMS 0x0000000740200000| PB 0x0000000740200000| Complete 
| 514|0x0000000740400000, 0x0000000740600000, 0x0000000740600000|100%| E|CS|TAMS 0x0000000740400000| PB 0x0000000740400000| Complete 
| 515|0x0000000740600000, 0x0000000740800000, 0x0000000740800000|100%| E|CS|TAMS 0x0000000740600000| PB 0x0000000740600000| Complete 
| 516|0x0000000740800000, 0x0000000740a00000, 0x0000000740a00000|100%| E|CS|TAMS 0x0000000740800000| PB 0x0000000740800000| Complete 
| 517|0x0000000740a00000, 0x0000000740c00000, 0x0000000740c00000|100%| E|CS|TAMS 0x0000000740a00000| PB 0x0000000740a00000| Complete 
| 518|0x0000000740c00000, 0x0000000740e00000, 0x0000000740e00000|100%| E|CS|TAMS 0x0000000740c00000| PB 0x0000000740c00000| Complete 
| 519|0x0000000740e00000, 0x0000000741000000, 0x0000000741000000|100%| E|CS|TAMS 0x0000000740e00000| PB 0x0000000740e00000| Complete 
| 520|0x0000000741000000, 0x0000000741200000, 0x0000000741200000|100%| E|CS|TAMS 0x0000000741000000| PB 0x0000000741000000| Complete 
| 521|0x0000000741200000, 0x0000000741400000, 0x0000000741400000|100%| E|CS|TAMS 0x0000000741200000| PB 0x0000000741200000| Complete 
| 522|0x0000000741400000, 0x0000000741600000, 0x0000000741600000|100%| E|CS|TAMS 0x0000000741400000| PB 0x0000000741400000| Complete 
| 523|0x0000000741600000, 0x0000000741800000, 0x0000000741800000|100%| E|CS|TAMS 0x0000000741600000| PB 0x0000000741600000| Complete 
| 524|0x0000000741800000, 0x0000000741a00000, 0x0000000741a00000|100%| E|CS|TAMS 0x0000000741800000| PB 0x0000000741800000| Complete 
| 525|0x0000000741a00000, 0x0000000741c00000, 0x0000000741c00000|100%| E|CS|TAMS 0x0000000741a00000| PB 0x0000000741a00000| Complete 
| 526|0x0000000741c00000, 0x0000000741e00000, 0x0000000741e00000|100%| E|CS|TAMS 0x0000000741c00000| PB 0x0000000741c00000| Complete 
| 527|0x0000000741e00000, 0x0000000742000000, 0x0000000742000000|100%| E|CS|TAMS 0x0000000741e00000| PB 0x0000000741e00000| Complete 
| 528|0x0000000742000000, 0x0000000742200000, 0x0000000742200000|100%| E|CS|TAMS 0x0000000742000000| PB 0x0000000742000000| Complete 
| 529|0x0000000742200000, 0x0000000742400000, 0x0000000742400000|100%| E|CS|TAMS 0x0000000742200000| PB 0x0000000742200000| Complete 
| 530|0x0000000742400000, 0x0000000742600000, 0x0000000742600000|100%| E|CS|TAMS 0x0000000742400000| PB 0x0000000742400000| Complete 
| 531|0x0000000742600000, 0x0000000742800000, 0x0000000742800000|100%| E|CS|TAMS 0x0000000742600000| PB 0x0000000742600000| Complete 
| 532|0x0000000742800000, 0x0000000742a00000, 0x0000000742a00000|100%| E|CS|TAMS 0x0000000742800000| PB 0x0000000742800000| Complete 
| 533|0x0000000742a00000, 0x0000000742c00000, 0x0000000742c00000|100%| E|CS|TAMS 0x0000000742a00000| PB 0x0000000742a00000| Complete 
| 534|0x0000000742c00000, 0x0000000742e00000, 0x0000000742e00000|100%| E|CS|TAMS 0x0000000742c00000| PB 0x0000000742c00000| Complete 
| 535|0x0000000742e00000, 0x0000000743000000, 0x0000000743000000|100%| E|CS|TAMS 0x0000000742e00000| PB 0x0000000742e00000| Complete 
| 536|0x0000000743000000, 0x0000000743200000, 0x0000000743200000|100%| E|CS|TAMS 0x0000000743000000| PB 0x0000000743000000| Complete 
| 537|0x0000000743200000, 0x0000000743400000, 0x0000000743400000|100%| E|CS|TAMS 0x0000000743200000| PB 0x0000000743200000| Complete 
| 538|0x0000000743400000, 0x0000000743600000, 0x0000000743600000|100%| E|CS|TAMS 0x0000000743400000| PB 0x0000000743400000| Complete 
| 539|0x0000000743600000, 0x0000000743800000, 0x0000000743800000|100%| E|CS|TAMS 0x0000000743600000| PB 0x0000000743600000| Complete 
| 540|0x0000000743800000, 0x0000000743a00000, 0x0000000743a00000|100%| E|CS|TAMS 0x0000000743800000| PB 0x0000000743800000| Complete 
| 541|0x0000000743a00000, 0x0000000743c00000, 0x0000000743c00000|100%| E|CS|TAMS 0x0000000743a00000| PB 0x0000000743a00000| Complete 
| 542|0x0000000743c00000, 0x0000000743e00000, 0x0000000743e00000|100%| E|CS|TAMS 0x0000000743c00000| PB 0x0000000743c00000| Complete 
| 543|0x0000000743e00000, 0x0000000744000000, 0x0000000744000000|100%| E|CS|TAMS 0x0000000743e00000| PB 0x0000000743e00000| Complete 
| 544|0x0000000744000000, 0x0000000744200000, 0x0000000744200000|100%| E|CS|TAMS 0x0000000744000000| PB 0x0000000744000000| Complete 
| 545|0x0000000744200000, 0x0000000744400000, 0x0000000744400000|100%| E|CS|TAMS 0x0000000744200000| PB 0x0000000744200000| Complete 
| 546|0x0000000744400000, 0x0000000744600000, 0x0000000744600000|100%| E|CS|TAMS 0x0000000744400000| PB 0x0000000744400000| Complete 
| 547|0x0000000744600000, 0x0000000744800000, 0x0000000744800000|100%| E|CS|TAMS 0x0000000744600000| PB 0x0000000744600000| Complete 
| 548|0x0000000744800000, 0x0000000744a00000, 0x0000000744a00000|100%| E|CS|TAMS 0x0000000744800000| PB 0x0000000744800000| Complete 
| 549|0x0000000744a00000, 0x0000000744c00000, 0x0000000744c00000|100%| E|CS|TAMS 0x0000000744a00000| PB 0x0000000744a00000| Complete 
| 550|0x0000000744c00000, 0x0000000744e00000, 0x0000000744e00000|100%| E|CS|TAMS 0x0000000744c00000| PB 0x0000000744c00000| Complete 
| 551|0x0000000744e00000, 0x0000000745000000, 0x0000000745000000|100%| E|CS|TAMS 0x0000000744e00000| PB 0x0000000744e00000| Complete 
| 552|0x0000000745000000, 0x0000000745200000, 0x0000000745200000|100%| E|CS|TAMS 0x0000000745000000| PB 0x0000000745000000| Complete 
| 553|0x0000000745200000, 0x0000000745400000, 0x0000000745400000|100%| E|CS|TAMS 0x0000000745200000| PB 0x0000000745200000| Complete 
| 554|0x0000000745400000, 0x0000000745600000, 0x0000000745600000|100%| E|CS|TAMS 0x0000000745400000| PB 0x0000000745400000| Complete 
| 555|0x0000000745600000, 0x0000000745800000, 0x0000000745800000|100%| E|CS|TAMS 0x0000000745600000| PB 0x0000000745600000| Complete 
| 556|0x0000000745800000, 0x0000000745a00000, 0x0000000745a00000|100%| E|CS|TAMS 0x0000000745800000| PB 0x0000000745800000| Complete 
| 557|0x0000000745a00000, 0x0000000745c00000, 0x0000000745c00000|100%| E|CS|TAMS 0x0000000745a00000| PB 0x0000000745a00000| Complete 
| 558|0x0000000745c00000, 0x0000000745e00000, 0x0000000745e00000|100%| E|CS|TAMS 0x0000000745c00000| PB 0x0000000745c00000| Complete 
| 559|0x0000000745e00000, 0x0000000746000000, 0x0000000746000000|100%| E|CS|TAMS 0x0000000745e00000| PB 0x0000000745e00000| Complete 
| 560|0x0000000746000000, 0x0000000746200000, 0x0000000746200000|100%| E|CS|TAMS 0x0000000746000000| PB 0x0000000746000000| Complete 
| 561|0x0000000746200000, 0x0000000746400000, 0x0000000746400000|100%| E|CS|TAMS 0x0000000746200000| PB 0x0000000746200000| Complete 
| 562|0x0000000746400000, 0x0000000746600000, 0x0000000746600000|100%| E|CS|TAMS 0x0000000746400000| PB 0x0000000746400000| Complete 
| 563|0x0000000746600000, 0x0000000746800000, 0x0000000746800000|100%| E|CS|TAMS 0x0000000746600000| PB 0x0000000746600000| Complete 
| 564|0x0000000746800000, 0x0000000746a00000, 0x0000000746a00000|100%| E|CS|TAMS 0x0000000746800000| PB 0x0000000746800000| Complete 
| 565|0x0000000746a00000, 0x0000000746c00000, 0x0000000746c00000|100%| E|CS|TAMS 0x0000000746a00000| PB 0x0000000746a00000| Complete 
| 566|0x0000000746c00000, 0x0000000746e00000, 0x0000000746e00000|100%| E|CS|TAMS 0x0000000746c00000| PB 0x0000000746c00000| Complete 
| 568|0x0000000747000000, 0x0000000747138390, 0x0000000747200000| 60%| S|CS|TAMS 0x0000000747000000| PB 0x0000000747000000| Complete 
| 569|0x0000000747200000, 0x0000000747400000, 0x0000000747400000|100%| S|CS|TAMS 0x0000000747200000| PB 0x0000000747200000| Complete 
| 570|0x0000000747400000, 0x0000000747600000, 0x0000000747600000|100%| S|CS|TAMS 0x0000000747400000| PB 0x0000000747400000| Complete 
| 571|0x0000000747600000, 0x0000000747800000, 0x0000000747800000|100%| S|CS|TAMS 0x0000000747600000| PB 0x0000000747600000| Complete 
| 572|0x0000000747800000, 0x0000000747a00000, 0x0000000747a00000|100%| S|CS|TAMS 0x0000000747800000| PB 0x0000000747800000| Complete 
| 573|0x0000000747a00000, 0x0000000747c00000, 0x0000000747c00000|100%| S|CS|TAMS 0x0000000747a00000| PB 0x0000000747a00000| Complete 
| 574|0x0000000747c00000, 0x0000000747e00000, 0x0000000747e00000|100%| S|CS|TAMS 0x0000000747c00000| PB 0x0000000747c00000| Complete 
| 575|0x0000000747e00000, 0x0000000748000000, 0x0000000748000000|100%| S|CS|TAMS 0x0000000747e00000| PB 0x0000000747e00000| Complete 
| 576|0x0000000748000000, 0x0000000748200000, 0x0000000748200000|100%| S|CS|TAMS 0x0000000748000000| PB 0x0000000748000000| Complete 
| 577|0x0000000748200000, 0x0000000748400000, 0x0000000748400000|100%| S|CS|TAMS 0x0000000748200000| PB 0x0000000748200000| Complete 
| 578|0x0000000748400000, 0x0000000748600000, 0x0000000748600000|100%| S|CS|TAMS 0x0000000748400000| PB 0x0000000748400000| Complete 
| 579|0x0000000748600000, 0x0000000748800000, 0x0000000748800000|100%| S|CS|TAMS 0x0000000748600000| PB 0x0000000748600000| Complete 
| 580|0x0000000748800000, 0x0000000748a00000, 0x0000000748a00000|100%| S|CS|TAMS 0x0000000748800000| PB 0x0000000748800000| Complete 
| 581|0x0000000748a00000, 0x0000000748c00000, 0x0000000748c00000|100%| S|CS|TAMS 0x0000000748a00000| PB 0x0000000748a00000| Complete 
| 582|0x0000000748c00000, 0x0000000748e00000, 0x0000000748e00000|100%| S|CS|TAMS 0x0000000748c00000| PB 0x0000000748c00000| Complete 
|2033|0x00000007fe200000, 0x00000007fe400000, 0x00000007fe400000|100%| E|CS|TAMS 0x00000007fe200000| PB 0x00000007fe200000| Complete 
|2034|0x00000007fe400000, 0x00000007fe600000, 0x00000007fe600000|100%| E|CS|TAMS 0x00000007fe400000| PB 0x00000007fe400000| Complete 
|2035|0x00000007fe600000, 0x00000007fe800000, 0x00000007fe800000|100%| E|CS|TAMS 0x00000007fe600000| PB 0x00000007fe600000| Complete 
|2036|0x00000007fe800000, 0x00000007fea00000, 0x00000007fea00000|100%| E|CS|TAMS 0x00000007fe800000| PB 0x00000007fe800000| Complete 
|2037|0x00000007fea00000, 0x00000007fec00000, 0x00000007fec00000|100%| E|CS|TAMS 0x00000007fea00000| PB 0x00000007fea00000| Complete 
|2038|0x00000007fec00000, 0x00000007fee00000, 0x00000007fee00000|100%| E|CS|TAMS 0x00000007fec00000| PB 0x00000007fec00000| Complete 
|2039|0x00000007fee00000, 0x00000007ff000000, 0x00000007ff000000|100%| O|  |TAMS 0x00000007fee00000| PB 0x00000007fee00000| Untracked 
|2040|0x00000007ff000000, 0x00000007ff200000, 0x00000007ff200000|100%| E|CS|TAMS 0x00000007ff000000| PB 0x00000007ff000000| Complete 
|2041|0x00000007ff200000, 0x00000007ff400000, 0x00000007ff400000|100%| O|  |TAMS 0x00000007ff200000| PB 0x00000007ff200000| Untracked 
|2042|0x00000007ff400000, 0x00000007ff600000, 0x00000007ff600000|100%| O|  |TAMS 0x00000007ff400000| PB 0x00000007ff400000| Untracked 
|2043|0x00000007ff600000, 0x00000007ff800000, 0x00000007ff800000|100%| O|  |TAMS 0x00000007ff600000| PB 0x00000007ff600000| Untracked 
|2044|0x00000007ff800000, 0x00000007ffa00000, 0x00000007ffa00000|100%| O|  |TAMS 0x00000007ff800000| PB 0x00000007ff800000| Untracked 
|2045|0x00000007ffa00000, 0x00000007ffc00000, 0x00000007ffc00000|100%| E|CS|TAMS 0x00000007ffa00000| PB 0x00000007ffa00000| Complete 
|2046|0x00000007ffc00000, 0x00000007ffe00000, 0x00000007ffe00000|100%| E|CS|TAMS 0x00000007ffc00000| PB 0x00000007ffc00000| Complete 
|2047|0x00000007ffe00000, 0x0000000800000000, 0x0000000800000000|100%| O|  |TAMS 0x00000007ffe00000| PB 0x00000007ffe00000| Untracked 

Card table byte_map: [0x0000020392cd0000,0x00000203934d0000] _byte_map_base: 0x000002038f4d0000

Marking Bits: (CMBitMap*) 0x00000203ff077c90
 Bits: [0x00000203934d0000, 0x00000203974d0000)

Polling page: 0x00000203fcb80000

Metaspace:

Usage:
  Non-class:    258.10 MB used.
      Class:     37.29 MB used.
       Both:    295.39 MB used.

Virtual space:
  Non-class space:      320.00 MB reserved,     259.56 MB ( 81%) committed,  5 nodes.
      Class space:        1.00 GB reserved,      39.19 MB (  4%) committed,  1 nodes.
             Both:        1.31 GB reserved,     298.75 MB ( 22%) committed. 

Chunk freelists:
   Non-Class:  12.53 MB
       Class:  9.86 MB
        Both:  22.39 MB

MaxMetaspaceSize: unlimited
CompressedClassSpaceSize: 1.00 GB
Initial GC threshold: 21.00 MB
Current GC threshold: 500.44 MB
CDS: off
 - commit_granule_bytes: 65536.
 - commit_granule_words: 8192.
 - virtual_space_node_default_size: 8388608.
 - enlarge_chunks_in_place: 1.
 - use_allocation_guard: 0.


Internal statistics:

num_allocs_failed_limit: 12.
num_arena_births: 7280.
num_arena_deaths: 3986.
num_vsnodes_births: 6.
num_vsnodes_deaths: 0.
num_space_committed: 4786.
num_space_uncommitted: 16.
num_chunks_returned_to_freelist: 5100.
num_chunks_taken_from_freelist: 21813.
num_chunk_merges: 1692.
num_chunk_splits: 13674.
num_chunks_enlarged: 9334.
num_inconsistent_stats: 0.

CodeHeap 'non-profiled nmethods': size=118848Kb used=35253Kb max_used=41493Kb free=83594Kb
 bounds [0x000002038ac80000, 0x000002038d520000, 0x0000020392090000]
CodeHeap 'profiled nmethods': size=118848Kb used=37049Kb max_used=63726Kb free=81798Kb
 bounds [0x0000020383090000, 0x0000020386ee0000, 0x000002038a4a0000]
CodeHeap 'non-nmethods': size=8064Kb used=6188Kb max_used=6285Kb free=1875Kb
 bounds [0x000002038a4a0000, 0x000002038aad0000, 0x000002038ac80000]
CodeCache: size=245760Kb, used=78490Kb, max_used=111504Kb, free=167267Kb
 total_blobs=22831, nmethods=21374, adapters=1354, full_count=0
Compilation: enabled, stopped_count=0, restarted_count=0

Compilation events (20 events):
Event: 8748.982 Thread 0x00000203c77d3650 nmethod 94469 0x000002038b517b90 code [0x000002038b517d20, 0x000002038b517fe8]
Event: 8748.982 Thread 0x00000203c77d21e0 nmethod 94435 0x000002038d2d3910 code [0x000002038d2d3be0, 0x000002038d2d48c8]
Event: 8748.982 Thread 0x00000203c77d3d20 94471       4       java.lang.PublicMethods$MethodList::filter (104 bytes)
Event: 8748.983 Thread 0x00000203c77d1440 94472   !   3       jdk.proxy1.$Proxy91::annotationType (29 bytes)
Event: 8748.983 Thread 0x00000203c77d1440 nmethod 94472 0x0000020385b7e410 code [0x0000020385b7e5e0, 0x0000020385b7e9e8]
Event: 8748.983 Thread 0x00000203c77ce490 94473       4       org.gradle.internal.reflect.annotations.impl.DefaultTypeAnnotationMetadataStore$HasAnnotationMetadataBuilder$$Lambda/0x00000008007de6b8::apply (13 bytes)
Event: 8748.983 Thread 0x00000203c77d7a70 nmethod 94470 0x000002038c0f4690 code [0x000002038c0f4880, 0x000002038c0f4db0]
Event: 8748.983 Thread 0x00000203c77ce490 nmethod 94473 0x000002038c8d1a10 code [0x000002038c8d1ba0, 0x000002038c8d1d00]
Event: 8748.987 Thread 0x00000203c77d3d20 nmethod 94471 0x000002038bc9e990 code [0x000002038bc9eb80, 0x000002038bc9f470]
Event: 8748.988 Thread 0x000002039b35e780 nmethod 93948% 0x000002038cb39790 code [0x000002038cb39f40, 0x000002038cb415f8]
Event: 8748.988 Thread 0x000002039b364900 94474       3       org.objectweb.asm.Handle::hashCode (43 bytes)
Event: 8748.988 Thread 0x000002039b35e780 94475       4       org.gradle.internal.instantiation.generator.AsmBackedClassGenerator$ClassBuilderImpl::access$2600 (4 bytes)
Event: 8748.988 Thread 0x000002039b364900 nmethod 94474 0x0000020385b49310 code [0x0000020385b494e0, 0x0000020385b49720]
Event: 8748.988 Thread 0x000002039b35e780 nmethod 94475 0x000002038c294090 code [0x000002038c294220, 0x000002038c294290]
Event: 8748.988 Thread 0x00000203c77d21e0 94476       4       org.gradle.internal.instantiation.generator.AsmBackedClassGenerator$ClassBuilderImpl::access$6900 (4 bytes)
Event: 8748.988 Thread 0x00000203c77d3d20 94477       4       org.gradle.internal.instantiation.generator.AsmBackedClassGenerator$ClassBuilderImpl::access$6000 (4 bytes)
Event: 8748.988 Thread 0x00000203c77d21e0 nmethod 94476 0x000002038c294690 code [0x000002038c294820, 0x000002038c294890]
Event: 8748.988 Thread 0x00000203c77d3d20 nmethod 94477 0x000002038c2c0890 code [0x000002038c2c0a20, 0x000002038c2c0a90]
Event: 8748.989 Thread 0x00000203c77d6600 94478       4       java.lang.invoke.MemberName::getType (19 bytes)
Event: 8748.991 Thread 0x00000203c77d6600 nmethod 94478 0x000002038cd66b10 code [0x000002038cd66d00, 0x000002038cd67290]

GC Heap History (20 events):
Event: 4626.793 GC heap before
{Heap before GC invocations=110 (full 0):
 garbage-first heap   total 1331200K, used 543679K [0x0000000700000000, 0x0000000800000000)
  region size 2048K, 101 young (206848K), 30 survivors (61440K)
 Metaspace       used 303950K, committed 307456K, reserved 1376256K
  class space    used 38705K, committed 40192K, reserved 1048576K
}
Event: 4626.798 GC heap after
{Heap after GC invocations=111 (full 0):
 garbage-first heap   total 1331200K, used 378969K [0x0000000700000000, 0x0000000800000000)
  region size 2048K, 9 young (18432K), 9 survivors (18432K)
 Metaspace       used 303950K, committed 307456K, reserved 1376256K
  class space    used 38705K, committed 40192K, reserved 1048576K
}
Event: 5291.911 GC heap before
{Heap before GC invocations=112 (full 0):
 garbage-first heap   total 1284096K, used 1177689K [0x0000000700000000, 0x0000000800000000)
  region size 2048K, 376 young (770048K), 9 survivors (18432K)
 Metaspace       used 303977K, committed 307328K, reserved 1376256K
  class space    used 38688K, committed 40192K, reserved 1048576K
}
Event: 5291.916 GC heap after
{Heap after GC invocations=113 (full 0):
 garbage-first heap   total 1284096K, used 379745K [0x0000000700000000, 0x0000000800000000)
  region size 2048K, 9 young (18432K), 9 survivors (18432K)
 Metaspace       used 303977K, committed 307328K, reserved 1376256K
  class space    used 38688K, committed 40192K, reserved 1048576K
}
Event: 5797.105 GC heap before
{Heap before GC invocations=113 (full 0):
 garbage-first heap   total 1284096K, used 1153889K [0x0000000700000000, 0x0000000800000000)
  region size 2048K, 376 young (770048K), 9 survivors (18432K)
 Metaspace       used 304374K, committed 307392K, reserved 1376256K
  class space    used 38696K, committed 40192K, reserved 1048576K
}
Event: 5797.112 GC heap after
{Heap after GC invocations=114 (full 0):
 garbage-first heap   total 1284096K, used 368940K [0x0000000700000000, 0x0000000800000000)
  region size 2048K, 9 young (18432K), 9 survivors (18432K)
 Metaspace       used 304374K, committed 307392K, reserved 1376256K
  class space    used 38696K, committed 40192K, reserved 1048576K
}
Event: 5797.211 GC heap before
{Heap before GC invocations=114 (full 0):
 garbage-first heap   total 1284096K, used 432428K [0x0000000700000000, 0x0000000800000000)
  region size 2048K, 42 young (86016K), 9 survivors (18432K)
 Metaspace       used 304375K, committed 307392K, reserved 1376256K
  class space    used 38696K, committed 40192K, reserved 1048576K
}
Event: 5797.215 GC heap after
{Heap after GC invocations=115 (full 0):
 garbage-first heap   total 1284096K, used 381102K [0x0000000700000000, 0x0000000800000000)
  region size 2048K, 15 young (30720K), 15 survivors (30720K)
 Metaspace       used 304375K, committed 307392K, reserved 1376256K
  class space    used 38696K, committed 40192K, reserved 1048576K
}
Event: 6709.446 GC heap before
{Heap before GC invocations=116 (full 0):
 garbage-first heap   total 1284096K, used 1142958K [0x0000000700000000, 0x0000000800000000)
  region size 2048K, 376 young (770048K), 15 survivors (30720K)
 Metaspace       used 304756K, committed 307520K, reserved 1376256K
  class space    used 38711K, committed 40192K, reserved 1048576K
}
Event: 6709.451 GC heap after
{Heap after GC invocations=117 (full 0):
 garbage-first heap   total 1284096K, used 372232K [0x0000000700000000, 0x0000000800000000)
  region size 2048K, 11 young (22528K), 11 survivors (22528K)
 Metaspace       used 304756K, committed 307520K, reserved 1376256K
  class space    used 38711K, committed 40192K, reserved 1048576K
}
Event: 6709.519 GC heap before
{Heap before GC invocations=117 (full 0):
 garbage-first heap   total 1284096K, used 1117704K [0x0000000700000000, 0x0000000800000000)
  region size 2048K, 376 young (770048K), 11 survivors (22528K)
 Metaspace       used 304853K, committed 307584K, reserved 1376256K
  class space    used 38712K, committed 40192K, reserved 1048576K
}
Event: 6709.528 GC heap after
{Heap after GC invocations=118 (full 0):
 garbage-first heap   total 1284096K, used 389608K [0x0000000700000000, 0x0000000800000000)
  region size 2048K, 24 young (49152K), 24 survivors (49152K)
 Metaspace       used 304853K, committed 307584K, reserved 1376256K
  class space    used 38712K, committed 40192K, reserved 1048576K
}
Event: 6709.784 GC heap before
{Heap before GC invocations=118 (full 0):
 garbage-first heap   total 1284096K, used 1020392K [0x0000000700000000, 0x0000000800000000)
  region size 2048K, 334 young (684032K), 24 survivors (49152K)
 Metaspace       used 304899K, committed 307648K, reserved 1376256K
  class space    used 38717K, committed 40192K, reserved 1048576K
}
Event: 6709.788 GC heap after
{Heap after GC invocations=119 (full 0):
 garbage-first heap   total 1284096K, used 371746K [0x0000000700000000, 0x0000000800000000)
  region size 2048K, 15 young (30720K), 15 survivors (30720K)
 Metaspace       used 304899K, committed 307648K, reserved 1376256K
  class space    used 38717K, committed 40192K, reserved 1048576K
}
Event: 8005.342 GC heap before
{Heap before GC invocations=120 (full 0):
 garbage-first heap   total 1249280K, used 1137698K [0x0000000700000000, 0x0000000800000000)
  region size 2048K, 366 young (749568K), 15 survivors (30720K)
 Metaspace       used 300761K, committed 305856K, reserved 1376256K
  class space    used 38132K, committed 40128K, reserved 1048576K
}
Event: 8005.345 GC heap after
{Heap after GC invocations=121 (full 0):
 garbage-first heap   total 1249280K, used 349927K [0x0000000700000000, 0x0000000800000000)
  region size 2048K, 5 young (10240K), 5 survivors (10240K)
 Metaspace       used 300761K, committed 305856K, reserved 1376256K
  class space    used 38132K, committed 40128K, reserved 1048576K
}
Event: 8225.234 GC heap before
{Heap before GC invocations=121 (full 0):
 garbage-first heap   total 1249280K, used 1111783K [0x0000000700000000, 0x0000000800000000)
  region size 2048K, 366 young (749568K), 5 survivors (10240K)
 Metaspace       used 300941K, committed 305920K, reserved 1376256K
  class space    used 38135K, committed 40128K, reserved 1048576K
}
Event: 8225.242 GC heap after
{Heap after GC invocations=122 (full 0):
 garbage-first heap   total 1249280K, used 356250K [0x0000000700000000, 0x0000000800000000)
  region size 2048K, 12 young (24576K), 12 survivors (24576K)
 Metaspace       used 300941K, committed 305920K, reserved 1376256K
  class space    used 38135K, committed 40128K, reserved 1048576K
}
Event: 8225.295 GC heap before
{Heap before GC invocations=122 (full 0):
 garbage-first heap   total 1249280K, used 395162K [0x0000000700000000, 0x0000000800000000)
  region size 2048K, 33 young (67584K), 12 survivors (24576K)
 Metaspace       used 300942K, committed 305920K, reserved 1376256K
  class space    used 38135K, committed 40128K, reserved 1048576K
}
Event: 8225.300 GC heap after
{Heap after GC invocations=123 (full 0):
 garbage-first heap   total 1249280K, used 362917K [0x0000000700000000, 0x0000000800000000)
  region size 2048K, 15 young (30720K), 15 survivors (30720K)
 Metaspace       used 300942K, committed 305920K, reserved 1376256K
  class space    used 38135K, committed 40128K, reserved 1048576K
}

Dll operation events (3 events):
Event: 0.004 Loaded shared library C:\Program Files\Android\Android Studio\jbr\bin\java.dll
Event: 0.007 Loaded shared library C:\Program Files\Android\Android Studio\jbr\bin\zip.dll
Event: 0.175 Loaded shared library C:\Program Files\Android\Android Studio\jbr\bin\verify.dll

Deoptimization events (20 events):
Event: 8748.958 Thread 0x00000203c7416970 Uncommon trap: trap_request=0xffffffde fr.pc=0x000002038ae77000 relative=0x0000000000000620
Event: 8748.958 Thread 0x00000203c7416970 Uncommon trap: reason=class_check action=maybe_recompile pc=0x000002038ae77000 method=org.gradle.api.internal.file.DefaultFilePropertyFactory$AbstractFileVar.fileProvider(Lorg/gradle/api/provider/Provider;)Lorg/gradle/api/file/FileSystemLocationProperty; 
Event: 8748.958 Thread 0x00000203c7416970 DEOPT PACKING pc=0x000002038ae77000 sp=0x0000001db64f9ae0
Event: 8748.958 Thread 0x00000203c7416970 DEOPT UNPACKING pc=0x000002038a4f7da2 sp=0x0000001db64f9ac0 mode 2
Event: 8748.959 Thread 0x00000203c7416970 Uncommon trap: trap_request=0xffffffde fr.pc=0x000002038ae77000 relative=0x0000000000000620
Event: 8748.959 Thread 0x00000203c7416970 Uncommon trap: reason=class_check action=maybe_recompile pc=0x000002038ae77000 method=org.gradle.api.internal.file.DefaultFilePropertyFactory$AbstractFileVar.fileProvider(Lorg/gradle/api/provider/Provider;)Lorg/gradle/api/file/FileSystemLocationProperty; 
Event: 8748.959 Thread 0x00000203c7416970 DEOPT PACKING pc=0x000002038ae77000 sp=0x0000001db64f9ae0
Event: 8748.959 Thread 0x00000203c7416970 DEOPT UNPACKING pc=0x000002038a4f7da2 sp=0x0000001db64f9ac0 mode 2
Event: 8748.960 Thread 0x00000203c7416970 Uncommon trap: trap_request=0xffffffde fr.pc=0x000002038ae77000 relative=0x0000000000000620
Event: 8748.960 Thread 0x00000203c7416970 Uncommon trap: reason=class_check action=maybe_recompile pc=0x000002038ae77000 method=org.gradle.api.internal.file.DefaultFilePropertyFactory$AbstractFileVar.fileProvider(Lorg/gradle/api/provider/Provider;)Lorg/gradle/api/file/FileSystemLocationProperty; 
Event: 8748.960 Thread 0x00000203c7416970 DEOPT PACKING pc=0x000002038ae77000 sp=0x0000001db64f9ae0
Event: 8748.960 Thread 0x00000203c7416970 DEOPT UNPACKING pc=0x000002038a4f7da2 sp=0x0000001db64f9ac0 mode 2
Event: 8748.961 Thread 0x00000203c7416970 Uncommon trap: trap_request=0xffffffde fr.pc=0x000002038ae77000 relative=0x0000000000000620
Event: 8748.961 Thread 0x00000203c7416970 Uncommon trap: reason=class_check action=maybe_recompile pc=0x000002038ae77000 method=org.gradle.api.internal.file.DefaultFilePropertyFactory$AbstractFileVar.fileProvider(Lorg/gradle/api/provider/Provider;)Lorg/gradle/api/file/FileSystemLocationProperty; 
Event: 8748.961 Thread 0x00000203c7416970 DEOPT PACKING pc=0x000002038ae77000 sp=0x0000001db64f9ae0
Event: 8748.961 Thread 0x00000203c7416970 DEOPT UNPACKING pc=0x000002038a4f7da2 sp=0x0000001db64f9ac0 mode 2
Event: 8748.988 Thread 0x00000203c7416970 Uncommon trap: trap_request=0xffffff45 fr.pc=0x000002038bde1aa8 relative=0x00000000000001e8
Event: 8748.988 Thread 0x00000203c7416970 Uncommon trap: reason=unstable_if action=reinterpret pc=0x000002038bde1aa8 method=org.gradle.internal.instantiation.generator.AbstractClassGenerator.isNameProperty(Lorg/gradle/internal/instantiation/generator/AbstractClassGenerator$PropertyMetadata;)Z @ 2
Event: 8748.988 Thread 0x00000203c7416970 DEOPT PACKING pc=0x000002038bde1aa8 sp=0x0000001db64f9620
Event: 8748.988 Thread 0x00000203c7416970 DEOPT UNPACKING pc=0x000002038a4f7da2 sp=0x0000001db64f95b0 mode 2

Classes loaded (20 events):
Event: 3809.811 Loading class java/security/KeyStore$PrivateKeyEntry
Event: 3809.811 Loading class java/security/KeyStore$Entry
Event: 3809.811 Loading class java/security/KeyStore$Entry done
Event: 3809.811 Loading class java/security/KeyStore$PrivateKeyEntry done
Event: 3809.826 Loading class java/security/cert/CertificateEncodingException
Event: 3809.826 Loading class java/security/cert/CertificateEncodingException done
Event: 3809.951 Loading class java/nio/BufferOverflowException
Event: 3809.951 Loading class java/nio/BufferOverflowException done
Event: 3809.952 Loading class java/security/DigestException
Event: 3809.952 Loading class java/security/DigestException done
Event: 3809.956 Loading class java/util/concurrent/ForkJoinTask$AdaptedInterruptibleRunnable
Event: 3809.956 Loading class java/util/concurrent/ForkJoinTask$AdaptedInterruptibleRunnable done
Event: 3809.970 Loading class sun/security/rsa/RSACore$BlindingParameters
Event: 3809.970 Loading class sun/security/rsa/RSACore$BlindingParameters done
Event: 3809.972 Loading class sun/security/rsa/RSACore$BlindingRandomPair
Event: 3809.972 Loading class sun/security/rsa/RSACore$BlindingRandomPair done
Event: 5763.601 Loading class java/nio/file/CopyMoveHelper
Event: 5763.601 Loading class java/nio/file/CopyMoveHelper done
Event: 5763.601 Loading class java/nio/file/CopyMoveHelper$CopyOptions
Event: 5763.601 Loading class java/nio/file/CopyMoveHelper$CopyOptions done

Classes unloaded (20 events):
Event: 8225.344 Thread 0x000002039b26a240 Unloading class 0x000000080028ac00 'jdk/internal/reflect/GeneratedSerializationConstructorAccessor9'
Event: 8225.344 Thread 0x000002039b26a240 Unloading class 0x0000000800209c00 'java/lang/invoke/LambdaForm$MH+0x0000000800209c00'
Event: 8225.344 Thread 0x000002039b26a240 Unloading class 0x00000008001cbc00 'java/lang/invoke/LambdaForm$MH+0x00000008001cbc00'
Event: 8225.344 Thread 0x000002039b26a240 Unloading class 0x00000008001c9c00 'java/lang/invoke/LambdaForm$MH+0x00000008001c9c00'
Event: 8225.344 Thread 0x000002039b26a240 Unloading class 0x00000008001c8c00 'java/lang/invoke/LambdaForm$MH+0x00000008001c8c00'
Event: 8225.344 Thread 0x000002039b26a240 Unloading class 0x00000008001c8800 'java/lang/invoke/LambdaForm$MH+0x00000008001c8800'
Event: 8225.344 Thread 0x000002039b26a240 Unloading class 0x00000008001c8000 'java/lang/invoke/LambdaForm$MH+0x00000008001c8000'
Event: 8225.344 Thread 0x000002039b26a240 Unloading class 0x00000008001c1000 'java/lang/invoke/LambdaForm$MH+0x00000008001c1000'
Event: 8225.344 Thread 0x000002039b26a240 Unloading class 0x00000008001bd000 'java/lang/invoke/LambdaForm$MH+0x00000008001bd000'
Event: 8225.344 Thread 0x000002039b26a240 Unloading class 0x0000000800198000 'java/lang/invoke/LambdaForm$MH+0x0000000800198000'
Event: 8225.344 Thread 0x000002039b26a240 Unloading class 0x0000000800184800 'java/lang/invoke/LambdaForm$MH+0x0000000800184800'
Event: 8225.344 Thread 0x000002039b26a240 Unloading class 0x000000080012d800 'java/lang/invoke/LambdaForm$MH+0x000000080012d800'
Event: 8225.344 Thread 0x000002039b26a240 Unloading class 0x000000080012d000 'java/lang/invoke/LambdaForm$MH+0x000000080012d000'
Event: 8225.344 Thread 0x000002039b26a240 Unloading class 0x000000080012cc00 'java/lang/invoke/LambdaForm$MH+0x000000080012cc00'
Event: 8225.344 Thread 0x000002039b26a240 Unloading class 0x0000000800114000 'java/lang/invoke/LambdaForm$DMH+0x0000000800114000'
Event: 8225.344 Thread 0x000002039b26a240 Unloading class 0x0000000800109400 'java/lang/invoke/LambdaForm$MH+0x0000000800109400'
Event: 8225.344 Thread 0x000002039b26a240 Unloading class 0x0000000800108000 'java/lang/invoke/LambdaForm$MH+0x0000000800108000'
Event: 8225.344 Thread 0x000002039b26a240 Unloading class 0x00000008000c1400 'java/lang/invoke/LambdaForm$MH+0x00000008000c1400'
Event: 8225.344 Thread 0x000002039b26a240 Unloading class 0x00000008000c1000 'java/lang/invoke/LambdaForm$MH+0x00000008000c1000'
Event: 8225.344 Thread 0x000002039b26a240 Unloading class 0x00000008000c0800 'java/lang/invoke/LambdaForm$MH+0x00000008000c0800'

Classes redefined (0 events):
No events

Internal exceptions (20 events):
Event: 8225.458 Thread 0x00000203c7414f30 Exception <a 'sun/nio/fs/WindowsException'{0x00000007455109d0}> (0x00000007455109d0) 
thrown [s\src\hotspot\share\prims\jni.cpp, line 537]
Event: 8225.458 Thread 0x00000203c7414f30 Exception <a 'sun/nio/fs/WindowsException'{0x0000000745511560}> (0x0000000745511560) 
thrown [s\src\hotspot\share\prims\jni.cpp, line 537]
Event: 8225.458 Thread 0x00000203c7414f30 Exception <a 'sun/nio/fs/WindowsException'{0x00000007455156a0}> (0x00000007455156a0) 
thrown [s\src\hotspot\share\prims\jni.cpp, line 537]
Event: 8225.458 Thread 0x00000203c7414f30 Exception <a 'sun/nio/fs/WindowsException'{0x0000000745516208}> (0x0000000745516208) 
thrown [s\src\hotspot\share\prims\jni.cpp, line 537]
Event: 8225.458 Thread 0x00000203c7414f30 Exception <a 'sun/nio/fs/WindowsException'{0x0000000745516dd0}> (0x0000000745516dd0) 
thrown [s\src\hotspot\share\prims\jni.cpp, line 537]
Event: 8225.458 Thread 0x00000203c7414f30 Exception <a 'sun/nio/fs/WindowsException'{0x000000074551d958}> (0x000000074551d958) 
thrown [s\src\hotspot\share\prims\jni.cpp, line 537]
Event: 8748.714 Thread 0x00000203c7416970 Exception <a 'sun/nio/fs/WindowsException'{0x000000074402fdf0}> (0x000000074402fdf0) 
thrown [s\src\hotspot\share\prims\jni.cpp, line 537]
Event: 8748.714 Thread 0x00000203c7416970 Exception <a 'sun/nio/fs/WindowsException'{0x0000000744031220}> (0x0000000744031220) 
thrown [s\src\hotspot\share\prims\jni.cpp, line 537]
Event: 8748.715 Thread 0x00000203c7416970 Exception <a 'sun/nio/fs/WindowsException'{0x0000000744032640}> (0x0000000744032640) 
thrown [s\src\hotspot\share\prims\jni.cpp, line 537]
Event: 8748.715 Thread 0x00000203c7416970 Exception <a 'sun/nio/fs/WindowsException'{0x0000000744033a60}> (0x0000000744033a60) 
thrown [s\src\hotspot\share\prims\jni.cpp, line 537]
Event: 8748.731 Thread 0x00000203c7416970 Exception <a 'sun/nio/fs/WindowsException'{0x0000000742c24ea0}> (0x0000000742c24ea0) 
thrown [s\src\hotspot\share\prims\jni.cpp, line 537]
Event: 8748.731 Thread 0x00000203c7416970 Exception <a 'sun/nio/fs/WindowsException'{0x0000000742c26498}> (0x0000000742c26498) 
thrown [s\src\hotspot\share\prims\jni.cpp, line 537]
Event: 8748.731 Thread 0x00000203c7416970 Exception <a 'sun/nio/fs/WindowsException'{0x0000000742c286d0}> (0x0000000742c286d0) 
thrown [s\src\hotspot\share\prims\jni.cpp, line 537]
Event: 8748.829 Thread 0x00000203c7416970 Implicit null exception at 0x000002038b70424d to 0x000002038b708618
Event: 8748.842 Thread 0x00000203c7416970 Implicit null exception at 0x000002038b8fce3e to 0x000002038b8fcec4
Event: 8748.930 Thread 0x00000203c7416970 Implicit null exception at 0x000002038b4f7e9b to 0x000002038b4fb0d8
Event: 8748.934 Thread 0x00000203c7416970 Exception <a 'sun/nio/fs/WindowsException'{0x000000073e383b48}> (0x000000073e383b48) 
thrown [s\src\hotspot\share\prims\jni.cpp, line 537]
Event: 8748.934 Thread 0x00000203c7416970 Exception <a 'sun/nio/fs/WindowsException'{0x000000073e384e20}> (0x000000073e384e20) 
thrown [s\src\hotspot\share\prims\jni.cpp, line 537]
Event: 8748.934 Thread 0x00000203c7416970 Exception <a 'sun/nio/fs/WindowsException'{0x000000073e3863b8}> (0x000000073e3863b8) 
thrown [s\src\hotspot\share\prims\jni.cpp, line 537]
Event: 8748.934 Thread 0x00000203c7416970 Exception <a 'sun/nio/fs/WindowsException'{0x000000073e3876e0}> (0x000000073e3876e0) 
thrown [s\src\hotspot\share\prims\jni.cpp, line 537]

ZGC Phase Switch (0 events):
No events

VM Operations (20 events):
Event: 8225.342 Executing VM operation: G1PauseRemark
Event: 8225.363 Executing VM operation: G1PauseRemark done
Event: 8225.398 Executing VM operation: G1PauseCleanup
Event: 8225.398 Executing VM operation: G1PauseCleanup done
Event: 8227.397 Executing VM operation: Cleanup
Event: 8227.397 Executing VM operation: Cleanup done
Event: 8236.973 Executing VM operation: HandshakeAllThreads (HandshakeForDeflation)
Event: 8236.973 Executing VM operation: HandshakeAllThreads (HandshakeForDeflation) done
Event: 8236.973 Executing VM operation: RendezvousGCThreads
Event: 8236.973 Executing VM operation: RendezvousGCThreads done
Event: 8297.102 Executing VM operation: HandshakeAllThreads (HandshakeForDeflation)
Event: 8297.103 Executing VM operation: HandshakeAllThreads (HandshakeForDeflation) done
Event: 8297.103 Executing VM operation: RendezvousGCThreads
Event: 8297.103 Executing VM operation: RendezvousGCThreads done
Event: 8620.743 Executing VM operation: Cleanup
Event: 8620.743 Executing VM operation: Cleanup done
Event: 8748.813 Executing VM operation: Cleanup
Event: 8748.813 Executing VM operation: Cleanup done
Event: 8748.944 Executing VM operation: ICBufferFull
Event: 8748.944 Executing VM operation: ICBufferFull done

Memory protections (0 events):
No events

Nmethod flushes (20 events):
Event: 8225.361 Thread 0x000002039b26a240 flushing  nmethod 0x0000020386bd3390
Event: 8225.361 Thread 0x000002039b26a240 flushing  nmethod 0x0000020385552190
Event: 8225.361 Thread 0x000002039b26a240 flushing  nmethod 0x0000020385adfa90
Event: 8225.361 Thread 0x000002039b26a240 flushing  nmethod 0x0000020386138290
Event: 8225.361 Thread 0x000002039b26a240 flushing  nmethod 0x0000020386441f90
Event: 8225.361 Thread 0x000002039b26a240 flushing  nmethod 0x0000020386652810
Event: 8225.361 Thread 0x000002039b26a240 flushing  nmethod 0x0000020386657e90
Event: 8225.361 Thread 0x000002039b26a240 flushing  nmethod 0x0000020383616d10
Event: 8225.361 Thread 0x000002039b26a240 flushing  nmethod 0x0000020383c46610
Event: 8225.361 Thread 0x000002039b26a240 flushing  nmethod 0x0000020383edbe90
Event: 8225.361 Thread 0x000002039b26a240 flushing  nmethod 0x0000020383edc590
Event: 8225.361 Thread 0x000002039b26a240 flushing  nmethod 0x00000203842b6890
Event: 8225.361 Thread 0x000002039b26a240 flushing  nmethod 0x00000203842b9590
Event: 8225.361 Thread 0x000002039b26a240 flushing  nmethod 0x000002038445d610
Event: 8225.361 Thread 0x000002039b26a240 flushing  nmethod 0x000002038472de10
Event: 8225.361 Thread 0x000002039b26a240 flushing  nmethod 0x000002038472ef90
Event: 8225.361 Thread 0x000002039b26a240 flushing  nmethod 0x00000203851bc390
Event: 8225.361 Thread 0x000002039b26a240 flushing  nmethod 0x000002038574e590
Event: 8225.361 Thread 0x000002039b26a240 flushing  nmethod 0x000002038575bc90
Event: 8225.361 Thread 0x000002039b26a240 flushing  nmethod 0x00000203864e0990

Events (20 events):
Event: 8748.768 Thread 0x00000203c7416970 Thread added: 0x00000203b6832e50
Event: 8748.768 Thread 0x00000203c7416970 Thread added: 0x00000203b6831410
Event: 8748.768 Thread 0x00000203c7416970 Thread added: 0x00000203b68327c0
Event: 8748.768 Thread 0x00000203c7416970 Thread added: 0x00000203b68334e0
Event: 8748.768 Thread 0x00000203c7416970 Thread added: 0x00000203b03fdf40
Event: 8748.768 Thread 0x00000203c7416970 Thread added: 0x00000203b03fb7e0
Event: 8748.769 Thread 0x00000203c7416970 Thread added: 0x00000203b03faac0
Event: 8748.769 Thread 0x00000203c7416970 Thread added: 0x00000203b03fb150
Event: 8748.769 Thread 0x00000203c7416970 Thread added: 0x00000203b03fbe70
Event: 8748.781 Thread 0x00000203c7416970 Thread added: 0x00000203b03fcb90
Event: 8748.789 Thread 0x00000203c7416970 Thread added: 0x00000203b03fc500
Event: 8748.793 Thread 0x00000203c7416970 Thread added: 0x00000203b03fd8b0
Event: 8748.817 Thread 0x00000203c77d06a0 Thread added: 0x00000203c77ceb60
Event: 8748.817 Thread 0x00000203c77d06a0 Thread added: 0x00000203c77ce490
Event: 8748.828 Thread 0x00000203c77d06a0 Thread added: 0x00000203c77d21e0
Event: 8748.828 Thread 0x00000203c77d06a0 Thread added: 0x00000203c77d3d20
Event: 8748.831 Thread 0x00000203c77d3d20 Thread added: 0x00000203c77d2f80
Event: 8748.832 Thread 0x000002039b364900 Thread added: 0x00000203c77d3650
Event: 8748.849 Thread 0x00000203c77d1440 Thread added: 0x00000203c77d7a70
Event: 8748.850 Thread 0x00000203c77d1b10 Thread added: 0x00000203c77d6600


Dynamic libraries:
0x00007ff688030000 - 0x00007ff68803a000 	C:\Program Files\Android\Android Studio\jbr\bin\java.exe
0x00007ff8f8d00000 - 0x00007ff8f8f66000 	C:\WINDOWS\SYSTEM32\ntdll.dll
0x00007ff8f7970000 - 0x00007ff8f7a39000 	C:\WINDOWS\System32\KERNEL32.DLL
0x00007ff8f6270000 - 0x00007ff8f666a000 	C:\WINDOWS\System32\KERNELBASE.dll
0x00007ff8f5fc0000 - 0x00007ff8f610c000 	C:\WINDOWS\System32\ucrtbase.dll
0x00007ff8c5660000 - 0x00007ff8c567b000 	C:\Program Files\Android\Android Studio\jbr\bin\VCRUNTIME140.dll
0x00007ff8c8630000 - 0x00007ff8c8648000 	C:\Program Files\Android\Android Studio\jbr\bin\jli.dll
0x00007ff8f7fa0000 - 0x00007ff8f8167000 	C:\WINDOWS\System32\USER32.dll
0x00007ff8f5f90000 - 0x00007ff8f5fb7000 	C:\WINDOWS\System32\win32u.dll
0x00007ff8f5200000 - 0x00007ff8f5492000 	C:\WINDOWS\WinSxS\amd64_microsoft.windows.common-controls_6595b64144ccf1df_6.0.26100.8521_none_3e08b75ce33403b3\COMCTL32.dll
0x00007ff8f8c70000 - 0x00007ff8f8c9b000 	C:\WINDOWS\System32\GDI32.dll
0x00007ff8f6a70000 - 0x00007ff8f6b19000 	C:\WINDOWS\System32\msvcrt.dll
0x00007ff8f67f0000 - 0x00007ff8f691b000 	C:\WINDOWS\System32\gdi32full.dll
0x00007ff8f6110000 - 0x00007ff8f61b3000 	C:\WINDOWS\System32\msvcp_win.dll
0x00007ff8f7df0000 - 0x00007ff8f7e22000 	C:\WINDOWS\System32\IMM32.DLL
0x00007ff8d3d10000 - 0x00007ff8d3d1c000 	C:\Program Files\Android\Android Studio\jbr\bin\vcruntime140_1.dll
0x00007ff8b4f80000 - 0x00007ff8b500d000 	C:\Program Files\Android\Android Studio\jbr\bin\msvcp140.dll
0x00007ff869860000 - 0x00007ff86a4f6000 	C:\Program Files\Android\Android Studio\jbr\bin\server\jvm.dll
0x00007ff8f8940000 - 0x00007ff8f89f6000 	C:\WINDOWS\System32\ADVAPI32.dll
0x00007ff8f78c0000 - 0x00007ff8f796a000 	C:\WINDOWS\System32\sechost.dll
0x00007ff8f8b50000 - 0x00007ff8f8c68000 	C:\WINDOWS\System32\RPCRT4.dll
0x00007ff8f7e30000 - 0x00007ff8f7eb0000 	C:\WINDOWS\System32\WS2_32.dll
0x00007ff8e5920000 - 0x00007ff8e5956000 	C:\WINDOWS\SYSTEM32\WINMM.dll
0x00007ff8ecdb0000 - 0x00007ff8ecdbb000 	C:\WINDOWS\SYSTEM32\VERSION.dll
0x00007ff8f57f0000 - 0x00007ff8f584e000 	C:\WINDOWS\SYSTEM32\POWRPROF.dll
0x00007ff8f56c0000 - 0x00007ff8f56d4000 	C:\WINDOWS\SYSTEM32\UMPDC.dll
0x00007ff8f43b0000 - 0x00007ff8f43cb000 	C:\WINDOWS\SYSTEM32\kernel.appcore.dll
0x00007ff8c8150000 - 0x00007ff8c815a000 	C:\Program Files\Android\Android Studio\jbr\bin\jimage.dll
0x00007ff8f5860000 - 0x00007ff8f5aa2000 	C:\WINDOWS\SYSTEM32\DBGHELP.DLL
0x00007ff8f85b0000 - 0x00007ff8f8933000 	C:\WINDOWS\System32\combase.dll
0x00007ff8f7ec0000 - 0x00007ff8f7f99000 	C:\WINDOWS\System32\OLEAUT32.dll
0x00007ff8f56e0000 - 0x00007ff8f571b000 	C:\WINDOWS\SYSTEM32\dbgcore.DLL
0x00007ff8f61c0000 - 0x00007ff8f6268000 	C:\WINDOWS\System32\bcryptPrimitives.dll
0x00007ff8c8540000 - 0x00007ff8c854e000 	C:\Program Files\Android\Android Studio\jbr\bin\instrument.dll
0x00007ff8c1190000 - 0x00007ff8c11b0000 	C:\Program Files\Android\Android Studio\jbr\bin\java.dll
0x00007ff8bfa50000 - 0x00007ff8bfa68000 	C:\Program Files\Android\Android Studio\jbr\bin\zip.dll
0x00007ff8f7130000 - 0x00007ff8f78b4000 	C:\WINDOWS\System32\SHELL32.dll
0x00007ff8f3220000 - 0x00007ff8f3aa0000 	C:\WINDOWS\SYSTEM32\windows.storage.dll
0x00007ff8f6b20000 - 0x00007ff8f6c16000 	C:\WINDOWS\System32\SHCORE.dll
0x00007ff8f6c20000 - 0x00007ff8f6c87000 	C:\WINDOWS\System32\shlwapi.dll
0x00007ff8f5eb0000 - 0x00007ff8f5ed9000 	C:\WINDOWS\SYSTEM32\profapi.dll
0x00007ff8c5fc0000 - 0x00007ff8c5fd0000 	C:\Program Files\Android\Android Studio\jbr\bin\net.dll
0x00007ff8edf20000 - 0x00007ff8ee049000 	C:\WINDOWS\SYSTEM32\WINHTTP.dll
0x00007ff8f48c0000 - 0x00007ff8f492c000 	C:\WINDOWS\system32\mswsock.dll
0x00007ff8bf9e0000 - 0x00007ff8bf9f6000 	C:\Program Files\Android\Android Studio\jbr\bin\nio.dll
0x00007ff8bf9c0000 - 0x00007ff8bf9d0000 	C:\Program Files\Android\Android Studio\jbr\bin\verify.dll
0x00007ff8c5990000 - 0x00007ff8c59b7000 	C:\Users\dkzwyly\.gradle\native\1def1411415f61bf3af743bc5b6707747c0891f09f0c88961ee8f79bc544acac\windows-amd64\native-platform.dll
0x00007ff8b4e30000 - 0x00007ff8b4ea8000 	C:\Users\dkzwyly\.gradle\native\0.2.7\x86_64-windows-gnu\gradle-fileevents.dll
0x00007ff8bfba0000 - 0x00007ff8bfba9000 	C:\Program Files\Android\Android Studio\jbr\bin\management.dll
0x00007ff8bfa40000 - 0x00007ff8bfa4b000 	C:\Program Files\Android\Android Studio\jbr\bin\management_ext.dll
0x00007ff8f8a00000 - 0x00007ff8f8a08000 	C:\WINDOWS\System32\PSAPI.DLL
0x00007ff8f3dd0000 - 0x00007ff8f3e03000 	C:\WINDOWS\SYSTEM32\IPHLPAPI.DLL
0x00007ff8f7120000 - 0x00007ff8f712a000 	C:\WINDOWS\System32\NSI.dll
0x00007ff8c59e0000 - 0x00007ff8c59e9000 	C:\Program Files\Android\Android Studio\jbr\bin\extnet.dll
0x00007ff8f5bd0000 - 0x00007ff8f5beb000 	C:\WINDOWS\SYSTEM32\CRYPTSP.dll
0x00007ff8f4d80000 - 0x00007ff8f4db9000 	C:\WINDOWS\system32\rsaenh.dll
0x00007ff8f4930000 - 0x00007ff8f4963000 	C:\WINDOWS\SYSTEM32\USERENV.dll
0x00007ff8f5e80000 - 0x00007ff8f5eaa000 	C:\WINDOWS\SYSTEM32\bcrypt.dll
0x00007ff8f5000000 - 0x00007ff8f500c000 	C:\WINDOWS\SYSTEM32\CRYPTBASE.dll
0x00007ff8d3c50000 - 0x00007ff8d3c58000 	C:\WINDOWS\system32\wshunix.dll
0x00007ff8d5870000 - 0x00007ff8d5888000 	C:\WINDOWS\system32\napinsp.dll
0x00007ff8f3e10000 - 0x00007ff8f3f5a000 	C:\WINDOWS\SYSTEM32\DNSAPI.dll
0x00007ff8f4700000 - 0x00007ff8f470d000 	C:\WINDOWS\SYSTEM32\DSPARSE.dll
0x00007ff8d3d40000 - 0x00007ff8d3d53000 	C:\WINDOWS\System32\winrnr.dll
0x00007ff8d29e0000 - 0x00007ff8d2a02000 	C:\WINDOWS\system32\nlansp_c.dll
0x00007ff8ed570000 - 0x00007ff8ed586000 	C:\WINDOWS\system32\wshbth.dll
0x00000000690f0000 - 0x00000000690fa000 	C:\Program Files\National Instruments\Shared\mDNS Responder\nimdnsNSP.dll
0x00000000690e0000 - 0x00000000690f0000 	C:\WINDOWS\SYSTEM32\nimdnsResponder.dll
0x00007ff8ec9b0000 - 0x00007ff8ec9bb000 	C:\Windows\System32\rasadhlp.dll
0x00007ff8ecf50000 - 0x00007ff8ecfd6000 	C:\WINDOWS\System32\fwpuclnt.dll
0x00007ff8f57b0000 - 0x00007ff8f57e6000 	C:\WINDOWS\SYSTEM32\ntmarta.dll
0x00007ff8f20c0000 - 0x00007ff8f2160000 	C:\WINDOWS\system32\apphelp.dll
0x00007ff865b70000 - 0x00007ff865b8e000 	C:\Users\dkzwyly\AppData\Local\Temp\native-platform7125440420906397429dir\native-platform.dll
0x00007ff8773a0000 - 0x00007ff8773a7000 	C:\Program Files\Android\Android Studio\jbr\bin\rmi.dll

JVMTI agents:
C:\Users\dkzwyly\.gradle\wrapper\dists\gradle-8.13-bin\1kt5c3xenhkoz43mf8y2z09rz\gradle-8.13\lib\agents\gradle-instrumentation-agent-8.13.jar path:C:\Program Files\Android\Android Studio\jbr\bin\instrument.dll, loaded, initialized, instrumentlib options:none

dbghelp: loaded successfully - version: 4.0.5 - missing functions: none
symbol engine: initialized successfully - sym options: 0x614 - pdb path: .;C:\Program Files\Android\Android Studio\jbr\bin;C:\WINDOWS\SYSTEM32;C:\WINDOWS\WinSxS\amd64_microsoft.windows.common-controls_6595b64144ccf1df_6.0.26100.8521_none_3e08b75ce33403b3;C:\Program Files\Android\Android Studio\jbr\bin\server;C:\Users\dkzwyly\.gradle\native\1def1411415f61bf3af743bc5b6707747c0891f09f0c88961ee8f79bc544acac\windows-amd64;C:\Users\dkzwyly\.gradle\native\0.2.7\x86_64-windows-gnu;C:\Program Files\National Instruments\Shared\mDNS Responder;C:\Users\dkzwyly\AppData\Local\Temp\native-platform7125440420906397429dir

VM Arguments:
jvm_args: --add-opens=java.base/java.lang=ALL-UNNAMED --add-opens=java.base/java.lang.invoke=ALL-UNNAMED --add-opens=java.base/java.util=ALL-UNNAMED --add-opens=java.prefs/java.util.prefs=ALL-UNNAMED --add-exports=jdk.compiler/com.sun.tools.javac.api=ALL-UNNAMED --add-exports=jdk.compiler/com.sun.tools.javac.util=ALL-UNNAMED --add-opens=java.base/java.util=ALL-UNNAMED --add-opens=java.prefs/java.util.prefs=ALL-UNNAMED --add-opens=java.base/java.nio.charset=ALL-UNNAMED --add-opens=java.base/java.net=ALL-UNNAMED --add-opens=java.base/java.util.concurrent.atomic=ALL-UNNAMED --add-opens=java.xml/javax.xml.namespace=ALL-UNNAMED -Xmx4096m -Dfile.encoding=UTF-8 -Duser.country=CN -Duser.language=zh -Duser.variant -javaagent:C:\Users\dkzwyly\.gradle\wrapper\dists\gradle-8.13-bin\1kt5c3xenhkoz43mf8y2z09rz\gradle-8.13\lib\agents\gradle-instrumentation-agent-8.13.jar 
java_command: org.gradle.launcher.daemon.bootstrap.GradleDaemon 8.13
java_class_path (initial): C:\Users\dkzwyly\.gradle\wrapper\dists\gradle-8.13-bin\1kt5c3xenhkoz43mf8y2z09rz\gradle-8.13\lib\gradle-daemon-main-8.13.jar
Launcher Type: SUN_STANDARD

[Global flags]
     intx CICompilerCount                          = 15                                        {product} {ergonomic}
     uint ConcGCThreads                            = 6                                         {product} {ergonomic}
     uint G1ConcRefinementThreads                  = 23                                        {product} {ergonomic}
   size_t G1HeapRegionSize                         = 2097152                                   {product} {ergonomic}
    uintx GCDrainStackTargetSize                   = 64                                        {product} {ergonomic}
   size_t InitialHeapSize                          = 1035993088                                {product} {ergonomic}
   size_t MarkStackSize                            = 4194304                                   {product} {ergonomic}
   size_t MaxHeapSize                              = 4294967296                                {product} {command line}
   size_t MaxNewSize                               = 2575302656                                {product} {ergonomic}
   size_t MinHeapDeltaBytes                        = 2097152                                   {product} {ergonomic}
   size_t MinHeapSize                              = 8388608                                   {product} {ergonomic}
    uintx NonNMethodCodeHeapSize                   = 8192380                                {pd product} {ergonomic}
    uintx NonProfiledCodeHeapSize                  = 121732930                              {pd product} {ergonomic}
    uintx ProfiledCodeHeapSize                     = 121732930                              {pd product} {ergonomic}
    uintx ReservedCodeCacheSize                    = 251658240                              {pd product} {ergonomic}
     bool SegmentedCodeCache                       = true                                      {product} {ergonomic}
   size_t SoftMaxHeapSize                          = 4294967296                             {manageable} {ergonomic}
     bool UseCompressedOops                        = true                           {product lp64_product} {ergonomic}
     bool UseG1GC                                  = true                                      {product} {ergonomic}
     bool UseLargePagesIndividualAllocation        = false                                  {pd product} {ergonomic}

Logging:
Log output configuration:
 #0: stdout all=warning uptime,level,tags foldmultilines=false
 #1: stderr all=off uptime,level,tags foldmultilines=false

Environment Variables:
JAVA_HOME=C:\Program Files\Java\jdk-25.0.3
PATH=C:\Program Files\Common Files\Oracle\Java\javapath;C:\WINDOWS\system32;C:\WINDOWS;C:\WINDOWS\System32\Wbem;C:\WINDOWS\System32\WindowsPowerShell\v1.0\;C:\WINDOWS\System32\OpenSSH\;C:\Program Files\NVIDIA Corporation\NVIDIA App\NvDLISR;C:\Program Files (x86)\NVIDIA Corporation\PhysX\Common;C:\Program Files\Microsoft SQL Server\170\Tools\Binn\;C:\Program Files\Microsoft SQL Server\Client SDK\ODBC\170\Tools\Binn\;C:\Program Files\Git\cmd;C:\Program Files\Git LFS;C:\Program Files\Java\jdk-25.0.3\bin;C:\Program Files\dotnet\;C:\Program Files (x86)\Windows Kits\10\Windows Performance Toolkit\;C:\Program Files\MySQL\MySQL Shell 8.0\bin\;C:\Users\dkzwyly\AppData\Local\Microsoft\WindowsApps;C:\Users\dkzwyly\.dotnet\tools;C:\Users\dkzwyly\AppData\Local\Programs\Microsoft VS Code\bin;C:\Users\dkzwyly\AppData\Local\JetBrains\Toolbox\scripts;C:\Program Files\MySQL\MySQL Server 8.0\bin;C:\Users\dkzwyly\.dotnet\tools
USERNAME=dkzwyly
OS=Windows_NT
PROCESSOR_IDENTIFIER=AMD64 Family 26 Model 68 Stepping 0, AuthenticAMD
TMP=C:\Users\dkzwyly\AppData\Local\Temp
TEMP=C:\Users\dkzwyly\AppData\Local\Temp




Periodic native trim disabled

JNI global refs:
JNI global refs: 40, weak refs: 0

JNI global refs memory usage: 835, weak refs: 833

Process memory usage:
Resident Set Size: 2141936K (3% of 64636592K total physical memory with 35280872K free physical memory)

OOME stack traces (most recent first):
Classloader memory used:
Loader org.gradle.internal.classloader.VisitableURLClassLoader                         : 123M
Loader org.gradle.internal.classloader.VisitableURLClassLoader$InstrumentingVisitableURLClassLoader: 100620K
Loader bootstrap                                                                       : 38740K
Loader org.gradle.initialization.MixInLegacyTypesClassLoader                           : 16486K
Loader jdk.internal.loader.ClassLoaders$AppClassLoader                                 : 9168K
Loader org.gradle.internal.classloader.VisitableURLClassLoader                         : 8743K
Loader jdk.internal.loader.ClassLoaders$PlatformClassLoader                            : 1090K
Loader jdk.internal.reflect.DelegatingClassLoader                                      : 781K
Loader jdk.internal.jrtfs.JrtFileSystemProvider$JrtFsLoader                            : 350K
Loader org.gradle.groovy.scripts.internal.DefaultScriptCompilationHandler$ScriptClassLoader: 190K
Loader org.codehaus.groovy.runtime.callsite.CallSiteClassLoader                        : 106K
Loader sun.reflect.misc.MethodUtil                                                     : 2984B

Classes loaded by more than one classloader:
Class Program                                                                         : loaded 7 times (x 74B)
Class com.intellij.gradle.toolingExtension.util.GradleVersionUtil                     : loaded 5 times (x 71B)
Class com.amazon.ion.impl._Private_IonBinaryWriterBuilder                             : loaded 4 times (x 115B)
Class com.amazon.ion.BufferConfiguration$DataHandler                                  : loaded 4 times (x 70B)
Class com.amazon.ion.impl._Private_LocalSymbolTable                                   : loaded 4 times (x 70B)
Class com.amazon.ion.ReadOnlyValueException                                           : loaded 4 times (x 84B)
Class com.amazon.ion.IonSexp                                                          : loaded 4 times (x 70B)
Class com.amazon.ion.impl.bin.IonManagedBinaryWriter$UserState$1                      : loaded 4 times (x 85B)
Class org.jetbrains.plugins.gradle.tooling.serialization.internal.IdeaProjectSerializationService$ReadContext: loaded 4 times (x 72B)
Class com.amazon.ion.UnexpectedEofException                                           : loaded 4 times (x 84B)
Class com.android.ide.gradle.model.LegacyAndroidGradlePluginProperties                : loaded 4 times (x 70B)
Class org.jetbrains.plugins.gradle.tooling.serialization.GradleExtensionsSerializationService$ReadContext: loaded 4 times (x 72B)
Class com.amazon.ion.impl.lite.ContainerlessContext                                   : loaded 4 times (x 80B)
Class com.amazon.ion.impl._Private_RecyclingQueue$Recycler                            : loaded 4 times (x 70B)
Class com.intellij.gradle.toolingExtension.impl.model.sourceSetModel.GradleSourceSetSerialisationService$SourceSetModelWriteContext: loaded 4 times (x 72B)
Class com.intellij.gradle.toolingExtension.impl.model.sourceSetModel.GradleSourceSetSerialisationService$SourceSetModelReadContext: loaded 4 times (x 72B)
Class com.intellij.gradle.toolingExtension.impl.model.utilTurnOffDefaultTasksModel.TurnOffDefaultTasks: loaded 4 times (x 70B)
Class com.amazon.ion.IonCatalog                                                       : loaded 4 times (x 70B)
Class com.amazon.ion.system.IonSystemBuilder                                          : loaded 4 times (x 75B)
Class com.amazon.ion.impl._Private_IonWriterBase                                      : loaded 4 times (x 162B)
Class [Lcom.amazon.ion.impl.bin.IonManagedBinaryWriter$SymbolState;                   : loaded 4 times (x 69B)
Class com.intellij.gradle.toolingExtension.impl.model.taskModel.GradleTaskSerialisationService$Companion: loaded 4 times (x 71B)
Class org.jetbrains.plugins.gradle.tooling.serialization.GradleExtensionsSerializationService$WriteContext: loaded 4 times (x 72B)
Class org.jetbrains.plugins.gradle.javaModel.JavaGradleManifestModel                  : loaded 4 times (x 70B)
Class com.amazon.ion.impl.bin.IonManagedBinaryWriter$UserState$2                      : loaded 4 times (x 85B)
Class com.amazon.ion.impl._Private_IonValue                                           : loaded 4 times (x 70B)
Class com.amazon.ion.SymbolTable                                                      : loaded 4 times (x 70B)
Class com.intellij.gradle.toolingExtension.impl.model.sourceSetModel.GradleSourceSetSerialisationService$Companion: loaded 4 times (x 71B)
Class com.amazon.ion.impl.bin.IonManagedBinaryWriter$ImportDescriptor                 : loaded 4 times (x 76B)
Class com.amazon.ion.SubstituteSymbolTableException                                   : loaded 4 times (x 84B)
Class com.amazon.ion.impl.SymbolTokenImpl                                             : loaded 4 times (x 81B)
Class com.amazon.ion.IonText                                                          : loaded 4 times (x 70B)
Class com.amazon.ion.impl.bin.utf8.Pool$Allocator                                     : loaded 4 times (x 70B)
Class com.amazon.ion.impl.bin.utf8.Utf8StringEncoder$Result                           : loaded 4 times (x 74B)
Class [Lcom.amazon.ion.impl.bin.IonRawBinaryWriter$ContainerType;                     : loaded 4 times (x 69B)
Class com.amazon.ion.IonBufferConfiguration$Builder                                   : loaded 4 times (x 78B)
Class com.amazon.ion.impl.lite.IonDecimalLite                                         : loaded 4 times (x 188B)
Class org.jetbrains.plugins.gradle.model.GradleExtension                              : loaded 4 times (x 70B)
Class com.amazon.ion.impl.bin.IonRawBinaryWriter$PreallocationMode$3                  : loaded 4 times (x 82B)
Class com.android.ide.gradle.model.GradlePluginModel                                  : loaded 4 times (x 70B)
Class org.jetbrains.kotlin.idea.gradleTooling.PrepareKotlinIdeImportTaskModel         : loaded 4 times (x 70B)
Class com.amazon.ion.impl.bin.IonRawBinaryWriter$PreallocationMode$2                  : loaded 4 times (x 82B)
Class com.amazon.ion.IonInt                                                           : loaded 4 times (x 70B)
Class com.intellij.gradle.toolingExtension.impl.model.dependencyDownloadPolicyModel.GradleDependencyDownloadPolicy: loaded 4 times (x 70B)
Class org.jetbrains.kotlin.idea.gradleTooling.KotlinMPPGradleModel                    : loaded 4 times (x 70B)
Class [Lcom.amazon.ion.impl.bin._Private_IonManagedBinaryWriterBuilder$AllocatorMode; : loaded 4 times (x 69B)
Class com.amazon.ion.impl.bin.IonRawBinaryWriter$PreallocationMode$1                  : loaded 4 times (x 82B)
Class com.amazon.ion.impl.bin.IonManagedBinaryWriter$UserState$3                      : loaded 4 times (x 85B)
Class com.amazon.ion.util.GzipStreamInterceptor                                       : loaded 4 times (x 85B)
Class com.amazon.ion.IonException                                                     : loaded 4 times (x 84B)
Class org.jetbrains.plugins.gradle.tooling.util.IntObjectMap$ObjectFactory            : loaded 4 times (x 70B)
Class com.amazon.ion.impl._Private_ValueFactory                                       : loaded 4 times (x 70B)
Class com.amazon.ion.impl.lite.IonClobLite                                            : loaded 4 times (x 220B)
Class org.gradle.internal.impldep.gnu.trove.TObjectHash                               : loaded 4 times (x 94B)
Class [Lcom.intellij.openapi.externalSystem.model.project.dependencies.ResolutionState;: loaded 4 times (x 69B)
Class org.jetbrains.plugins.gradle.model.DependencyAccessorsModel                     : loaded 4 times (x 70B)
Class com.amazon.ion.impl.lite.IonNullLite                                            : loaded 4 times (x 175B)
Class org.jetbrains.plugins.gradle.tooling.serialization.AnnotationProcessingModelSerializationService: loaded 4 times (x 77B)
Class com.amazon.ion.impl._Private_LocalSymbolTableFactory                            : loaded 4 times (x 70B)
Class com.amazon.ion.impl.bin.IonManagedBinaryWriter$ImportedSymbolResolverMode$1$1$1 : loaded 4 times (x 76B)
Class com.amazon.ion.system.IonTextWriterBuilder                                      : loaded 4 times (x 98B)
Class org.jetbrains.plugins.gradle.tooling.serialization.ExternalTestsSerializationService: loaded 4 times (x 77B)
Class com.amazon.ion.IonSequence                                                      : loaded 4 times (x 70B)
Class org.jetbrains.plugins.gradle.model.UnresolvedExternalDependency                 : loaded 4 times (x 70B)
Class com.amazon.ion.IonLob                                                           : loaded 4 times (x 70B)
Class com.amazon.ion.IonBlob                                                          : loaded 4 times (x 70B)
Class com.amazon.ion.impl.bin.IonRawBinaryWriter$PatchPoint                           : loaded 4 times (x 73B)
Class com.intellij.gradle.toolingExtension.impl.model.projectModel.GradleExternalProjectSerializationService: loaded 4 times (x 77B)
Class com.amazon.ion.impl._Private_IonBinaryWriterBuilder$Mutable                     : loaded 4 times (x 115B)
Class com.amazon.ion.impl.bin.IonManagedBinaryWriter$UserState$4                      : loaded 4 times (x 85B)
Class com.amazon.ion.system.IonBinaryWriterBuilder                                    : loaded 4 times (x 99B)
Class org.jetbrains.plugins.gradle.model.AnnotationProcessingModel                    : loaded 4 times (x 70B)
Class org.jetbrains.plugins.gradle.model.GradleExtensions                             : loaded 4 times (x 70B)
Class com.amazon.ion.impl.bin.IonRawBinaryWriter$StreamCloseMode                      : loaded 4 times (x 79B)
Class org.jetbrains.plugins.gradle.model.tests.ExternalTestsModel                     : loaded 4 times (x 70B)
Class com.amazon.ion.IonDecimal                                                       : loaded 4 times (x 70B)
Class com.amazon.ion.BufferConfiguration$OversizedValueHandler                        : loaded 4 times (x 70B)
Class com.amazon.ion.impl._Private_IonSystem                                          : loaded 4 times (x 70B)
Class com.amazon.ion.impl.bin.utf8.Utf8StringEncoderPool                              : loaded 4 times (x 74B)
Class org.jetbrains.plugins.gradle.model.GradleConfiguration                          : loaded 4 times (x 70B)
Class com.intellij.gradle.toolingExtension.impl.model.dependencyModel.DependencyWriteContext: loaded 4 times (x 72B)
Class com.intellij.gradle.toolingExtension.impl.model.projectModel.GradleExternalProjectSerializationService$ReadContext: loaded 4 times (x 73B)
Class com.amazon.ion.impl._Private_Utils                                              : loaded 4 times (x 71B)
Class org.jetbrains.plugins.gradle.model.GradleProperty                               : loaded 4 times (x 70B)
Class com.intellij.gradle.toolingExtension.model.repositoryModel.ProjectRepositoriesModel: loaded 4 times (x 70B)
Class com.intellij.util.ThrowableConsumer                                             : loaded 4 times (x 70B)
Class com.amazon.ion.IonLoader                                                        : loaded 4 times (x 70B)
Class com.amazon.ion.IonBool                                                          : loaded 4 times (x 70B)
Class com.amazon.ion.impl.bin.utf8.Utf8StringEncoder                                  : loaded 4 times (x 80B)
Class [Lcom.amazon.ion.impl.bin.IonManagedBinaryWriter$UserState;                     : loaded 4 times (x 69B)
Class org.gradle.internal.impldep.gnu.trove.TObjectIntProcedure                       : loaded 4 times (x 70B)
Class com.amazon.ion.IonNumber                                                        : loaded 4 times (x 70B)
Class com.amazon.ion.impl.lite.IonTextLite                                            : loaded 4 times (x 181B)
Class com.amazon.ion.impl.lite.IonLobLite                                             : loaded 4 times (x 184B)
Class org.jetbrains.plugins.gradle.tooling.ModelBuilderService$Parameter              : loaded 4 times (x 70B)
Class com.amazon.ion.IonClob                                                          : loaded 4 times (x 70B)
Class com.amazon.ion.IonReader                                                        : loaded 4 times (x 70B)
Class org.jetbrains.plugins.gradle.model.AnnotationProcessingConfig                   : loaded 4 times (x 70B)
Class com.amazon.ion.system.IonReaderBuilder                                          : loaded 4 times (x 95B)
Class org.jetbrains.plugins.gradle.tooling.util.ObjectCollector$Processor             : loaded 4 times (x 70B)
Class com.amazon.ion.impl.bin.AbstractIonWriter                                       : loaded 4 times (x 161B)
Class com.amazon.ion.impl.SymbolTableAsStruct                                         : loaded 4 times (x 70B)
Class com.amazon.ion.impl._Private_Utils$1                                            : loaded 4 times (x 89B)
Class com.amazon.ion.impl.lite.IonSequenceLite                                        : loaded 4 times (x 432B)
Class org.jetbrains.kotlin.idea.gradleTooling.AndroidAwareGradleModelProvider$Companion: loaded 4 times (x 71B)
Class com.android.ide.gradle.model.dependencies.Coordinates                           : loaded 4 times (x 70B)
Class [Lcom.amazon.ion.impl.bin.IonRawBinaryWriter$StreamCloseMode;                   : loaded 4 times (x 69B)
Class com.amazon.ion.impl.lite.IonSymbolLite                                          : loaded 4 times (x 246B)
Class org.jetbrains.plugins.gradle.model.GradleSourceSetModel                         : loaded 4 times (x 70B)
Class com.amazon.ion.impl.bin.IonManagedBinaryWriter$ImportedSymbolResolverMode$1     : loaded 4 times (x 80B)
Class com.intellij.util.containers.IntObjectHashMap$ArrayProducer                     : loaded 4 times (x 70B)
Class com.intellij.gradle.toolingExtension.impl.model.sourceSetDependencyModel.GradleSourceSetDependencySerialisationService: loaded 4 times (x 77B)
Class org.jetbrains.plugins.gradle.tooling.serialization.internal.IdeaProjectSerializationService$WriteContext: loaded 4 times (x 72B)
Class com.amazon.ion.impl.bin.BlockAllocatorProvider                                  : loaded 4 times (x 72B)
Class com.amazon.ion.impl.bin.AbstractIonWriter$WriteValueOptimization                : loaded 4 times (x 79B)
Class org.jetbrains.plugins.gradle.tooling.serialization.ExternalTestsSerializationService$ReadContext: loaded 4 times (x 72B)
Class com.amazon.ion.impl.BlockedBuffer$BufferedOutputStream                          : loaded 4 times (x 90B)
Class com.amazon.ion.impl.bin.IonBinaryWriterAdapter$Factory                          : loaded 4 times (x 70B)
Class [Lcom.amazon.ion.SymbolTable;                                                   : loaded 4 times (x 69B)
Class com.amazon.ion.impl.bin.IonRawBinaryWriter$1                                    : loaded 4 times (x 77B)
Class com.amazon.ion.system.IonWriterBuilderBase                                      : loaded 4 times (x 83B)
Class com.amazon.ion.impl._Private_RecyclingQueue                                     : loaded 4 times (x 80B)
Class org.jetbrains.plugins.gradle.tooling.serialization.RepositoriesModelSerializationService$WriteContext: loaded 4 times (x 72B)
Class com.amazon.ion.impl.bin.IonManagedBinaryWriter$ImportedSymbolResolverMode$2     : loaded 4 times (x 80B)
Class com.amazon.ion.impl.IonWriterSystemTextMarkup                                   : loaded 4 times (x 192B)
Class org.jetbrains.plugins.gradle.model.GradleBuildScriptClasspathModel              : loaded 4 times (x 70B)
Class com.amazon.ion.IonStruct                                                        : loaded 4 times (x 70B)
Class com.amazon.ion.impl.bin.IonManagedBinaryWriter$SymbolState                      : loaded 4 times (x 80B)
Class com.amazon.ion.UnsupportedIonVersionException                                   : loaded 4 times (x 85B)
Class [Lcom.amazon.ion.impl.bin.IonRawBinaryWriter$StreamFlushMode;                   : loaded 4 times (x 69B)
Class org.gradle.internal.impldep.com.google.common.base.Preconditions                : loaded 4 times (x 71B)
Class org.jetbrains.plugins.gradle.tooling.util.IntObjectMap$1                        : loaded 4 times (x 77B)
Class com.intellij.gradle.toolingExtension.impl.model.taskModel.GradleTaskSerialisationService: loaded 4 times (x 76B)
Class com.amazon.ion.system.SimpleCatalog                                             : loaded 4 times (x 91B)
Class com.amazon.ion.BufferConfiguration                                              : loaded 4 times (x 73B)
Class com.android.ide.gradle.model.LegacyV1AgpVersionModel                            : loaded 4 times (x 70B)
Class org.jetbrains.plugins.gradle.model.GradleSourceSetDependencyModel               : loaded 4 times (x 70B)
Class org.jetbrains.kotlin.idea.projectModel.KotlinTaskProperties                     : loaded 4 times (x 70B)
Class com.amazon.ion.IonString                                                        : loaded 4 times (x 70B)
Class org.jetbrains.plugins.gradle.tooling.serialization.internal.IdeaProjectSerializationService: loaded 4 times (x 77B)
Class com.intellij.gradle.toolingExtension.impl.model.utilDummyModel.DummyModel       : loaded 4 times (x 70B)
Class org.gradle.internal.impldep.gnu.trove.TObjectHashingStrategy                    : loaded 4 times (x 70B)
Class org.jetbrains.plugins.gradle.model.FileCollectionDependency                     : loaded 4 times (x 70B)
Class com.amazon.ion.impl.lite.IonTimestampLite                                       : loaded 4 times (x 192B)
Class com.amazon.ion.impl.LocalSymbolTableAsStruct                                    : loaded 4 times (x 126B)
Class com.intellij.gradle.toolingExtension.impl.model.buildScriptClasspathModel.GradleBuildScriptClasspathSerializationService: loaded 4 times (x 77B)
Class com.amazon.ion.impl.bin.IonManagedBinaryWriter$ImportedSymbolResolverMode       : loaded 4 times (x 80B)
Class com.amazon.ion.impl.LocalSymbolTable$Factory                                    : loaded 4 times (x 77B)
Class com.amazon.ion.IonFloat                                                         : loaded 4 times (x 70B)
Class com.amazon.ion.impl.lite.IonSystemLite                                          : loaded 4 times (x 275B)
Class com.amazon.ion.util.InputStreamInterceptor                                      : loaded 4 times (x 70B)
Class com.amazon.ion.impl.bin.IonRawBinaryWriter$PreallocationMode                    : loaded 4 times (x 82B)
Class com.amazon.ion.impl.bin._Private_IonRawWriter                                   : loaded 4 times (x 70B)
Class com.amazon.ion.IonWriter                                                        : loaded 4 times (x 70B)
Class com.amazon.ion.impl.lite.IonListLite                                            : loaded 4 times (x 490B)
Class com.amazon.ion.impl.lite.IonSexpLite                                            : loaded 4 times (x 490B)
Class [Lcom.amazon.ion.impl.bin.IonRawBinaryWriter$PreallocationMode;                 : loaded 4 times (x 69B)
Class com.amazon.ion.util._Private_FastAppendable                                     : loaded 4 times (x 70B)
Class com.amazon.ion.impl._Private_IonReaderBuilder$TwoElementInputStream             : loaded 4 times (x 92B)
Class com.amazon.ion.impl.lite.IonIntLite                                             : loaded 4 times (x 189B)
Class com.intellij.gradle.toolingExtension.impl.model.sourceSetModel.GradleSourceSetSerialisationService: loaded 4 times (x 77B)
Class com.amazon.ion.impl.bin.IonManagedBinaryWriter$ImportedSymbolContext            : loaded 4 times (x 72B)
Class com.amazon.ion.IonSystem                                                        : loaded 4 times (x 70B)
Class org.jetbrains.plugins.gradle.tooling.serialization.internal.adapter.Supplier    : loaded 4 times (x 70B)
Class com.amazon.ion.IonList                                                          : loaded 4 times (x 70B)
Class org.jetbrains.plugins.gradle.tooling.serialization.SerializationService         : loaded 4 times (x 70B)
Class com.amazon.ion.impl.LocalSymbolTable                                            : loaded 4 times (x 121B)
Class com.amazon.ion.impl.lite.IonBlobLite                                            : loaded 4 times (x 219B)
Class org.jetbrains.plugins.gradle.tooling.serialization.internal.IdeaProjectSerializationService$WriteContext$8: loaded 4 times (x 83B)
Class com.amazon.ion.impl._Private_RecyclingQueue$ElementFactory                      : loaded 4 times (x 70B)
Class com.amazon.ion.impl._Private_IonContainer                                       : loaded 4 times (x 70B)
Class com.intellij.gradle.toolingExtension.impl.model.buildScriptClasspathModel.GradleBuildScriptClasspathSerializationService$ReadContext: loaded 4 times (x 72B)
Class org.gradle.internal.impldep.gnu.trove.TObjectIntHashMap                         : loaded 4 times (x 109B)
Class com.amazon.ion.impl.bin.IonManagedBinaryWriter                                  : loaded 4 times (x 166B)
Class com.amazon.ion.impl.bin.WriteBuffer                                             : loaded 4 times (x 78B)
Class org.jetbrains.plugins.gradle.tooling.serialization.internal.IdeaProjectSerializationService$WriteContext$7: loaded 4 times (x 83B)
Class org.jetbrains.plugins.gradle.model.RepositoryModels                             : loaded 4 times (x 70B)
Class com.amazon.ion.impl.lite.ValueFactoryLite                                       : loaded 4 times (x 218B)
Class org.jetbrains.plugins.gradle.tooling.util.IntObjectMap                          : loaded 4 times (x 73B)
Class org.jetbrains.plugins.gradle.tooling.serialization.internal.IdeaProjectSerializationService$WriteContext$6: loaded 4 times (x 83B)
Class com.amazon.ion.IonType                                                          : loaded 4 times (x 79B)
Class com.amazon.ion.impl.lite._Private_LiteDomTrampoline                             : loaded 4 times (x 71B)
Class com.amazon.ion.impl._Private_RecyclingQueue$ElementIterator                     : loaded 4 times (x 82B)
Class com.amazon.ion.impl._Private_RecyclingStack$$Iterator                           : loaded 4 times (x 99B)
Class com.amazon.ion.impl.SharedSymbolTable                                           : loaded 4 times (x 93B)
Class com.amazon.ion.impl.bin.IonRawBinaryWriter                                      : loaded 4 times (x 169B)
Class com.amazon.ion.impl.bin.IntList                                                 : loaded 4 times (x 77B)
Class com.amazon.ion.SymbolToken                                                      : loaded 4 times (x 70B)
Class com.intellij.gradle.toolingExtension.impl.model.sourceSetDependencyModel.GradleSourceSetDependencySerialisationService$SourceSetDependencyModelWriteContext: loaded 4 times (x 72B)
Class org.jetbrains.plugins.gradle.tooling.serialization.internal.IdeaProjectSerializationService$WriteContext$5: loaded 4 times (x 83B)
Class com.amazon.ion.BufferConfiguration$Builder                                      : loaded 4 times (x 78B)
Class com.intellij.gradle.toolingExtension.impl.model.sourceSetDependencyModel.GradleSourceSetDependencySerialisationService$Companion: loaded 4 times (x 71B)
Class org.jetbrains.plugins.gradle.tooling.serialization.internal.IdeaProjectSerializationService$WriteContext$4: loaded 4 times (x 83B)
Class org.jetbrains.kotlin.idea.gradleTooling.AndroidAwareGradleModelProvider         : loaded 4 times (x 79B)
Class org.jetbrains.plugins.gradle.tooling.serialization.internal.IdeaProjectSerializationService$WriteContext$3: loaded 4 times (x 83B)
Class org.jetbrains.plugins.gradle.tooling.serialization.AnnotationProcessingModelSerializationService$ReadContext: loaded 4 times (x 72B)
Class com.amazon.ion.impl.bin.PooledBlockAllocatorProvider                            : loaded 4 times (x 73B)
Class com.amazon.ion.IonContainer                                                     : loaded 4 times (x 70B)
Class com.amazon.ion.impl.lite.IonValueLite                                           : loaded 4 times (x 147B)
Class com.amazon.ion.impl._Private_IonSymbol                                          : loaded 4 times (x 70B)
Class org.jetbrains.plugins.gradle.tooling.serialization.internal.IdeaProjectSerializationService$WriteContext$2: loaded 4 times (x 83B)
Class com.amazon.ion.impl._Private_SymtabExtendsCache                                 : loaded 4 times (x 72B)
Class com.amazon.ion.impl.bin.utf8.Pool                                               : loaded 4 times (x 74B)
Class org.jetbrains.plugins.gradle.model.ExternalProject                              : loaded 4 times (x 70B)
Class org.jetbrains.plugins.gradle.tooling.serialization.internal.IdeaProjectSerializationService$WriteContext$1: loaded 4 times (x 83B)
Class [Lcom.amazon.ion.util.InputStreamInterceptor;                                   : loaded 4 times (x 69B)
Class com.amazon.ion.impl.bin.IonManagedBinaryWriter$SymbolState$4                    : loaded 4 times (x 80B)
Class com.intellij.gradle.toolingExtension.impl.model.sourceSetArtifactIndex.GradleSourceSetArtifactBuildRequest: loaded 4 times (x 70B)
Class com.amazon.ion.impl.lite.IonBoolLite                                            : loaded 4 times (x 178B)
Class org.gradle.internal.impldep.gnu.trove.TObjectHash$NULL                          : loaded 4 times (x 71B)
Class com.amazon.ion.IonBinaryWriter                                                  : loaded 4 times (x 70B)
Class com.amazon.ion.impl.bin.IonRawBinaryWriter$StreamFlushMode                      : loaded 4 times (x 79B)
Class com.amazon.ion.impl.bin.IonManagedBinaryWriter$SymbolState$3                    : loaded 4 times (x 80B)
Class com.amazon.ion.impl.bin.IonRawBinaryWriter$ContainerInfo                        : loaded 4 times (x 74B)
Class com.intellij.gradle.toolingExtension.impl.model.warmUp.GradleTaskWarmUpRequest  : loaded 4 times (x 70B)
Class com.amazon.ion.IonNull                                                          : loaded 4 times (x 70B)
Class com.amazon.ion.impl.bin.IonManagedBinaryWriter$SymbolState$2                    : loaded 4 times (x 80B)
Class org.jetbrains.plugins.gradle.model.ExternalSourceSet                            : loaded 4 times (x 70B)
Class org.jetbrains.plugins.gradle.model.ProjectImportModelProvider                   : loaded 4 times (x 70B)
Class com.intellij.gradle.toolingExtension.impl.model.dependencyModel.DependencyReadContext: loaded 4 times (x 72B)
Class com.intellij.gradle.toolingExtension.impl.model.sourceSetDependencyModel.GradleSourceSetDependencySerialisationService$SourceSetDependencyModelReadContext: loaded 4 times (x 72B)
Class org.jetbrains.plugins.gradle.model.VersionCatalogsModel                         : loaded 4 times (x 70B)
Class [Lcom.amazon.ion.IonType;                                                       : loaded 4 times (x 69B)
Class com.amazon.ion.impl.LocalSymbolTableAsStruct$Factory                            : loaded 4 times (x 79B)
Class com.amazon.ion.impl.bin.IonManagedBinaryWriter$SymbolState$1                    : loaded 4 times (x 80B)
Class org.jetbrains.kotlin.idea.gradleTooling.model.kapt.KaptGradleModel              : loaded 4 times (x 70B)
Class org.gradle.internal.impldep.gnu.trove.PrimeFinder                               : loaded 4 times (x 71B)
Class com.intellij.util.containers.IntObjectHashMap                                   : loaded 4 times (x 72B)
Class org.jetbrains.kotlin.idea.gradleTooling.KotlinDslScriptAdditionalTask           : loaded 4 times (x 70B)
Class org.jetbrains.plugins.gradle.model.ClasspathEntryModel                          : loaded 4 times (x 70B)
Class org.jetbrains.plugins.gradle.model.ExternalDependency                           : loaded 4 times (x 70B)
Class org.jetbrains.plugins.gradle.model.IntelliJProjectSettings                      : loaded 4 times (x 70B)
Class com.amazon.ion.UnknownSymbolException                                           : loaded 4 times (x 86B)
Class com.android.ide.gradle.model.composites.BuildMap                                : loaded 4 times (x 70B)
Class com.amazon.ion.impl.bin.IonRawBinaryWriter$ThrowingRunnable                     : loaded 4 times (x 70B)
Class com.amazon.ion.impl.bin.IonManagedBinaryWriter$LocalSymbolTableView             : loaded 4 times (x 107B)
Class com.amazon.ion.impl._Private_RecyclingStack$Recycler                            : loaded 4 times (x 70B)
Class org.jetbrains.plugins.gradle.tooling.serialization.ExternalTestsSerializationService$WriteContext: loaded 4 times (x 72B)
Class org.jetbrains.kotlin.idea.gradleTooling.KotlinGradleModel                       : loaded 4 times (x 70B)
Class com.amazon.ion.impl.bin.IonManagedBinaryWriter$SymbolResolverBuilder            : loaded 4 times (x 70B)
Class com.amazon.ion.system.IonSystemBuilder$Mutable                                  : loaded 4 times (x 75B)
Class org.jetbrains.plugins.gradle.tooling.serialization.KotlinDslScriptsModelSerializationService: loaded 4 times (x 81B)
Class org.jetbrains.plugins.gradle.model.ExternalProjectDependency                    : loaded 4 times (x 70B)
Class com.amazon.ion.impl.bin.BlockAllocator                                          : loaded 4 times (x 80B)
Class [Lcom.amazon.ion.SymbolToken;                                                   : loaded 4 times (x 69B)
Class com.amazon.ion.IonTimestamp                                                     : loaded 4 times (x 70B)
Class com.amazon.ion.impl.bin.PooledBlockAllocatorProvider$PooledBlockAllocator       : loaded 4 times (x 81B)
Class com.intellij.gradle.toolingExtension.impl.model.projectModel.GradleExternalProjectSerializationService$WriteContext: loaded 4 times (x 73B)
Class org.jetbrains.plugins.gradle.tooling.serialization.GradleExtensionsSerializationService: loaded 4 times (x 77B)
Class com.amazon.ion.impl.bin._Private_IonManagedBinaryWriterBuilder                  : loaded 4 times (x 72B)
Class com.amazon.ion.impl._Private_IonWriter                                          : loaded 4 times (x 70B)
Class com.amazon.ion.impl.bin.IonManagedBinaryWriter$UserState                        : loaded 4 times (x 85B)
Class org.jetbrains.plugins.gradle.tooling.serialization.RepositoriesModelSerializationService$ReadContext: loaded 4 times (x 72B)
Class [Lcom.amazon.ion.impl.bin.AbstractIonWriter$WriteValueOptimization;             : loaded 4 times (x 69B)
Class org.jetbrains.plugins.gradle.tooling.serialization.RepositoriesModelSerializationService: loaded 4 times (x 82B)
Class com.amazon.ion.impl.bin.Symbols                                                 : loaded 4 times (x 71B)
Class com.amazon.ion.IonBufferConfiguration                                           : loaded 4 times (x 73B)
Class com.android.ide.gradle.model.artifacts.AdditionalClassifierArtifactsModel       : loaded 4 times (x 70B)
Class org.gradle.internal.impldep.gnu.trove.TObjectIdentityHashingStrategy            : loaded 4 times (x 78B)
Class org.jetbrains.plugins.gradle.tooling.serialization.ProjectDependenciesSerializationService$ReadContext: loaded 4 times (x 72B)
Class com.intellij.openapi.externalSystem.model.project.dependencies.ProjectDependencies: loaded 4 times (x 70B)
Class com.intellij.openapi.externalSystem.model.project.IExternalSystemSourceType     : loaded 4 times (x 70B)
Class com.amazon.ion.impl._Private_IonReaderBuilder$Mutable                           : loaded 4 times (x 97B)
Class com.amazon.ion.IonDatagram                                                      : loaded 4 times (x 70B)
Class com.amazon.ion.impl._Private_RecyclingStack$ElementFactory                      : loaded 4 times (x 70B)
Class com.amazon.ion.impl.bin.IonManagedBinaryWriter$ImportedSymbolResolverMode$1$1   : loaded 4 times (x 78B)
Class com.amazon.ion.impl._Private_ByteTransferSink                                   : loaded 4 times (x 70B)
Class [Lcom.amazon.ion.util.GzipStreamInterceptor;                                    : loaded 4 times (x 69B)
Class com.intellij.openapi.externalSystem.model.project.dependencies.ResolutionState  : loaded 4 times (x 79B)
Class org.jetbrains.plugins.gradle.tooling.util.ObjectCollector                       : loaded 4 times (x 72B)
Class org.jetbrains.plugins.gradle.model.GradleTaskModel                              : loaded 4 times (x 70B)
Class com.amazon.ion.impl.bin._Private_IonManagedBinaryWriterBuilder$AllocatorMode    : loaded 4 times (x 80B)
Class com.amazon.ion.impl._Private_SymbolToken                                        : loaded 4 times (x 70B)
Class com.amazon.ion.impl.bin.IonManagedBinaryWriter$SymbolResolver                   : loaded 4 times (x 70B)
Class com.amazon.ion.ValueFactory                                                     : loaded 4 times (x 70B)
Class [Lcom.amazon.ion.impl.bin.IonManagedBinaryWriter$ImportedSymbolResolverMode;    : loaded 4 times (x 69B)
Class com.amazon.ion.impl.IonWriterSystemText                                         : loaded 4 times (x 190B)
Class com.amazon.ion.impl.lite.IonContext                                             : loaded 4 times (x 70B)
Class com.amazon.ion.impl.lite.IonLoaderLite                                          : loaded 4 times (x 82B)
Class com.amazon.ion.impl.bin.utf8.Utf8StringEncoderPool$1                            : loaded 4 times (x 76B)
Class org.jetbrains.plugins.gradle.model.ExternalTask                                 : loaded 4 times (x 70B)
Class com.intellij.openapi.externalSystem.model.ExternalSystemException               : loaded 4 times (x 86B)
Class com.amazon.ion.impl.bin.Block                                                   : loaded 4 times (x 79B)
Class com.amazon.ion.impl.lite.IonStringLite                                          : loaded 4 times (x 212B)
Class com.amazon.ion.impl.bin.PooledBlockAllocatorProvider$PooledBlockAllocator$1     : loaded 4 times (x 79B)
Class org.gradle.internal.impldep.gnu.trove.TObjectCanonicalHashingStrategy           : loaded 4 times (x 80B)
Class org.jetbrains.plugins.gradle.model.ExternalLibraryDependency                    : loaded 4 times (x 70B)
Class com.intellij.gradle.toolingExtension.impl.model.buildScriptClasspathModel.GradleBuildScriptClasspathSerializationService$WriteContext: loaded 4 times (x 72B)
Class com.amazon.ion.IonMutableCatalog                                                : loaded 4 times (x 70B)
Class com.amazon.ion.impl._Private_IonReaderBuilder                                   : loaded 4 times (x 97B)
Class com.amazon.ion.impl._Private_RecyclingStack                                     : loaded 4 times (x 79B)
Class org.jetbrains.plugins.gradle.ExternalDependencyId                               : loaded 4 times (x 70B)
Class org.gradle.internal.impldep.gnu.trove.Equality                                  : loaded 4 times (x 70B)
Class com.amazon.ion.impl.bin._Private_IonManagedBinaryWriterBuilder$AllocatorMode$2  : loaded 4 times (x 80B)
Class com.amazon.ion.impl._Private_IonTextWriterBuilder                               : loaded 4 times (x 102B)
Class com.amazon.ion.impl.lite.IonFloatLite                                           : loaded 4 times (x 186B)
Class org.jetbrains.kotlin.tooling.core.KotlinToolingVersion                          : loaded 4 times (x 75B)
Class org.jetbrains.plugins.gradle.tooling.serialization.ProjectDependenciesSerializationService: loaded 4 times (x 77B)
Class org.jetbrains.plugins.gradle.tooling.serialization.ProjectDependenciesSerializationService$WriteContext: loaded 4 times (x 72B)
Class com.amazon.ion.impl.bin._Private_IonManagedBinaryWriterBuilder$AllocatorMode$1  : loaded 4 times (x 80B)
Class com.amazon.ion.Decimal                                                          : loaded 4 times (x 133B)
Class com.amazon.ion.impl.bin.AbstractSymbolTable                                     : loaded 4 times (x 107B)
Class com.amazon.ion.impl._Private_ReaderWriter                                       : loaded 4 times (x 70B)
Class com.amazon.ion.IonValue                                                         : loaded 4 times (x 70B)
Class com.amazon.ion.impl.lite.IonStructLite                                          : loaded 4 times (x 298B)
Class com.intellij.compose.ide.plugin.gradleTooling.rt.ComposeResourcesModel          : loaded 4 times (x 70B)
Class org.jetbrains.kotlin.idea.gradleTooling.KotlinGradlePluginVersion               : loaded 4 times (x 70B)
Class org.gradle.internal.impldep.gnu.trove.THash                                     : loaded 4 times (x 81B)
Class org.jetbrains.plugins.gradle.tooling.serialization.AnnotationProcessingModelSerializationService$WriteContext: loaded 4 times (x 72B)
Class com.amazon.ion.IonSymbol                                                        : loaded 4 times (x 70B)
Class com.amazon.ion.impl.bin.utf8.Poolable                                           : loaded 4 times (x 79B)
Class com.amazon.ion.facet.Faceted                                                    : loaded 4 times (x 70B)
Class org.jetbrains.plugins.gradle.tooling.serialization.ToolingStreamApiUtils        : loaded 4 times (x 71B)
Class com.amazon.ion.system.IonWriterBuilder                                          : loaded 4 times (x 74B)
Class com.amazon.ion.IonBufferConfiguration$OversizedSymbolTableHandler               : loaded 4 times (x 70B)
Class com.amazon.ion.impl.lite.IonContainerLite                                       : loaded 4 times (x 248B)
Class com.amazon.ion.impl.bin._Private_IonManagedWriter                               : loaded 4 times (x 70B)
Class com.amazon.ion.impl.bin.Symbols$2                                               : loaded 4 times (x 107B)
Class com.amazon.ion.impl.IonWriterSystem                                             : loaded 4 times (x 171B)
Class com.android.ide.gradle.model.GradlePropertiesModel                              : loaded 4 times (x 70B)
Class com.android.ide.gradle.model.dependencies.DeclaredDependencies                  : loaded 4 times (x 70B)
Class org.jetbrains.plugins.gradle.model.IntelliJSettings                             : loaded 4 times (x 70B)
Class org.jetbrains.kotlin.idea.gradleTooling.KotlinSourceSetContainer                : loaded 4 times (x 70B)
Class com.amazon.ion.impl.bin.IonRawBinaryWriter$ContainerType                        : loaded 4 times (x 79B)
Class com.amazon.ion.impl._Private_IonTextWriterBuilder$Mutable                       : loaded 4 times (x 102B)
Class org.jetbrains.kotlin.idea.gradleTooling.model.samWithReceiver.SamWithReceiverModelBuilderService: loaded 3 times (x 85B)
Class com.intellij.gradle.toolingExtension.impl.model.sourceSetModel.GradleSourceSetModelBuilder: loaded 3 times (x 86B)
Class org.jetbrains.kotlin.idea.gradleTooling.AbstractKotlinGradleModelBuilder        : loaded 3 times (x 81B)
Class com.android.ide.gradle.model.builder.AndroidStudioToolingPluginKt               : loaded 3 times (x 71B)
Class org.gradle.internal.impldep.com.google.gson.internal.bind.CollectionTypeAdapterFactory$Adapter: loaded 3 times (x 74B)
Class org.gradle.internal.impldep.com.google.gson.internal.bind.TypeAdapters$26       : loaded 3 times (x 75B)
Class org.gradle.internal.impldep.com.google.gson.internal.bind.TypeAdapters          : loaded 3 times (x 71B)
Class org.gradle.internal.impldep.com.google.gson.TypeAdapter$1                       : loaded 3 times (x 74B)
Class com.google.common.base.Joiner                                                   : loaded 3 times (x 79B)
Class org.jetbrains.plugins.gradle.tooling.Message                                    : loaded 3 times (x 72B)
Class org.gradle.internal.impldep.com.google.gson.internal.bind.TypeAdapters$25       : loaded 3 times (x 75B)
Class org.jetbrains.kotlin.idea.gradleTooling.reflect.KotlinCompilerArgumentsResolverReflectionImpl: loaded 3 times (x 75B)
Class org.gradle.internal.impldep.com.google.gson.internal.bind.ArrayTypeAdapter      : loaded 3 times (x 74B)
Class org.jetbrains.kotlin.idea.gradleTooling.ModelBuilderUtilsKt                     : loaded 3 times (x 71B)
Class org.gradle.internal.impldep.com.google.gson.internal.bind.CollectionTypeAdapterFactory: loaded 3 times (x 75B)
Class org.gradle.internal.impldep.com.google.common.collect.AbstractIterator          : loaded 3 times (x 82B)
Class org.jetbrains.plugins.gradle.model.DefaultGradleExtension                       : loaded 3 times (x 80B)
Class org.jetbrains.plugins.gradle.tooling.util.GradleContainerUtil                   : loaded 3 times (x 71B)
Class com.intellij.gradle.toolingExtension.impl.util.javaPluginUtil.ExtensionJavaPluginAccessor: loaded 3 times (x 82B)
Class com.intellij.util.ExceptionUtilRt$RethrownStack                                 : loaded 3 times (x 82B)
Class org.gradle.internal.impldep.com.google.gson.internal.bind.TypeAdapters$24       : loaded 3 times (x 75B)
Class com.google.common.collect.UnmodifiableIterator                                  : loaded 3 times (x 80B)
Class org.jetbrains.plugins.gradle.model.DefaultFileCollectionDependency              : loaded 3 times (x 110B)
Class com.google.common.collect.RegularImmutableSet                                   : loaded 3 times (x 149B)
Class com.google.common.collect.Iterators$MergingIterator                             : loaded 3 times (x 81B)
Class com.intellij.gradle.toolingExtension.impl.model.sourceSetModel.DefaultGradleSourceSetModel: loaded 3 times (x 80B)
Class org.jetbrains.plugins.gradle.tooling.serialization.ExternalTestsSerializationService$1: loaded 3 times (x 76B)
Class org.jetbrains.kotlin.idea.gradleTooling.reflect.KotlinCompilerArgumentsResolverReflection: loaded 3 times (x 70B)
Class org.jetbrains.kotlin.tooling.core.InternerImpl$Store$Strong                     : loaded 3 times (x 76B)
Class org.gradle.internal.impldep.com.google.gson.internal.bind.TypeAdapters$23       : loaded 3 times (x 75B)
Class org.jetbrains.kotlin.idea.gradleTooling.reflect.KotlinSourceSetReflectionImpl   : loaded 3 times (x 82B)
Class com.google.common.collect.ImmutableCollection$Builder                           : loaded 3 times (x 76B)
Class org.gradle.internal.impldep.com.google.common.collect.Iterators                 : loaded 3 times (x 71B)
Class com.intellij.gradle.toolingExtension.impl.model.dependencyDownloadPolicyModel.DefaultGradleDependencyDownloadPolicy: loaded 3 times (x 77B)
Class org.gradle.internal.impldep.com.google.gson.ToNumberPolicy                      : loaded 3 times (x 83B)
Class org.gradle.internal.impldep.com.google.gson.internal.bind.TypeAdapters$22       : loaded 3 times (x 75B)
Class org.jetbrains.plugins.gradle.model.DefaultGradleExtensions                      : loaded 3 times (x 88B)
Class com.google.common.collect.ImmutableList$SubList                                 : loaded 3 times (x 209B)
Class com.google.common.collect.ForwardingObject                                      : loaded 3 times (x 72B)
Class com.intellij.openapi.externalSystem.model.project.dependencies.ProjectDependencyNodeImpl: loaded 3 times (x 93B)
Class org.jetbrains.plugins.gradle.model.scala.ScalaModel                             : loaded 3 times (x 70B)
Class org.gradle.internal.impldep.com.google.gson.internal.reflect.ReflectionHelper$RecordNotSupportedHelper: loaded 3 times (x 78B)
Class org.gradle.internal.impldep.com.google.gson.internal.bind.TypeAdapters$27       : loaded 3 times (x 75B)
Class com.intellij.gradle.toolingExtension.impl.model.utilTurnOffDefaultTasksModel.DefaultTurnOffDefaultTasks: loaded 3 times (x 71B)
Class com.intellij.gradle.toolingExtension.impl.model.dependencyGraphModel.GradleDependencyGraphModelBuilder: loaded 3 times (x 82B)
Class com.intellij.compose.ide.plugin.gradleTooling.rt.ComposeResourcesExtension      : loaded 3 times (x 72B)
Class org.gradle.internal.impldep.com.google.gson.internal.ObjectConstructor          : loaded 3 times (x 70B)
Class org.gradle.internal.impldep.com.google.gson.internal.sql.SqlDateTypeAdapter     : loaded 3 times (x 74B)
Class org.gradle.internal.impldep.com.google.gson.stream.MalformedJsonException       : loaded 3 times (x 82B)
Class com.google.common.collect.Iterators$ArrayItr                                    : loaded 3 times (x 97B)
Class org.gradle.internal.impldep.com.google.gson.internal.bind.TypeAdapters$21       : loaded 3 times (x 75B)
Class org.jetbrains.kotlin.idea.gradleTooling.KotlinTasksPropertyUtilsKt              : loaded 3 times (x 71B)
Class com.google.common.collect.ImmutableSet$SetBuilderImpl                           : loaded 3 times (x 76B)
Class com.intellij.gradle.toolingExtension.impl.util.javaPluginUtil.JavaPluginUtil    : loaded 3 times (x 71B)
Class org.jetbrains.plugins.gradle.tooling.ModelBuilderContext                        : loaded 3 times (x 70B)
Class org.jetbrains.plugins.gradle.tooling.builder.ScalaModelBuilderImpl              : loaded 3 times (x 81B)
Class com.intellij.gradle.toolingExtension.impl.util.collectionUtil.GradleCollectionVisitor: loaded 3 times (x 70B)
Class org.gradle.internal.impldep.com.google.gson.JsonElement                         : loaded 3 times (x 92B)
Class org.gradle.internal.impldep.com.google.gson.FieldNamingPolicy                   : loaded 3 times (x 83B)
Class org.gradle.internal.impldep.com.google.gson.internal.bind.TypeAdapters$20       : loaded 3 times (x 75B)
Class org.jetbrains.kotlin.idea.gradleTooling.KotlinGradlePluginVersion$Companion     : loaded 3 times (x 71B)
Class com.google.common.collect.ImmutableList$Builder                                 : loaded 3 times (x 77B)
Class com.android.ide.gradle.model.dependencies.DeclaredDependenciesModelBuilder      : loaded 3 times (x 75B)
Class com.google.common.collect.ImmutableList                                         : loaded 3 times (x 206B)
Class org.gradle.internal.impldep.com.google.gson.JsonPrimitive                       : loaded 3 times (x 93B)
Class org.jetbrains.kotlin.idea.gradleTooling.reflect.KotlinExtensionReflection$Companion: loaded 3 times (x 71B)
Class org.jetbrains.kotlin.idea.gradleTooling.reflect.KotlinExtensionReflection       : loaded 3 times (x 72B)
Class com.google.common.collect.ImmutableRangeSet$AsSet                               : loaded 3 times (x 300B)
Class [Lorg.gradle.internal.impldep.com.google.gson.FieldNamingStrategy;              : loaded 3 times (x 69B)
Class com.intellij.gradle.toolingExtension.impl.util.javaPluginUtil.JavaPluginAccessor: loaded 3 times (x 70B)
Class org.gradle.internal.impldep.com.google.gson.internal.bind.DefaultDateTypeAdapter$DateType$1: loaded 3 times (x 73B)
Class org.gradle.internal.impldep.com.google.gson.internal.bind.TreeTypeAdapter       : loaded 3 times (x 75B)
Class com.google.common.collect.ImmutableRangeSet$1                                   : loaded 3 times (x 210B)
Class com.android.ide.gradle.model.impl.GradlePluginModelImpl                         : loaded 3 times (x 76B)
Class Build_gradle                                                                    : loaded 3 times (x 130B)
Class com.google.common.collect.RegularImmutableAsList                                : loaded 3 times (x 217B)
Class org.gradle.internal.impldep.com.google.gson.internal.bind.DefaultDateTypeAdapter: loaded 3 times (x 74B)
Class org.gradle.internal.impldep.com.google.gson.internal.bind.ReflectiveTypeAdapterFactory$RecordAdapter: loaded 3 times (x 77B)
Class [Lorg.gradle.internal.impldep.com.google.gson.ReflectionAccessFilter$FilterResult;: loaded 3 times (x 69B)
Class com.intellij.gradle.toolingExtension.impl.util.collectionUtil.GradleCollections : loaded 3 times (x 71B)
Class org.jetbrains.kotlin.idea.gradleTooling.AbstractKotlinGradleModelBuilder$Companion: loaded 3 times (x 71B)
Class [Lorg.gradle.internal.impldep.com.google.gson.ToNumberPolicy;                   : loaded 3 times (x 69B)
Class org.gradle.internal.impldep.com.google.gson.Gson$1                              : loaded 3 times (x 76B)
Class com.google.common.base.CharMatcher$IsEither                                     : loaded 3 times (x 111B)
Class org.gradle.internal.impldep.com.google.common.collect.Iterators$9               : loaded 3 times (x 81B)
Class org.jetbrains.kotlin.idea.gradleTooling.KotlinTaskPropertiesImpl                : loaded 3 times (x 78B)
Class org.jetbrains.plugins.gradle.tooling.serialization.GradleExtensionsSerializationService$3: loaded 3 times (x 76B)
Class com.android.ide.gradle.model.dependencies.DeclaredDependenciesImpl              : loaded 3 times (x 76B)
Class com.android.ide.gradle.model.composites.BuildMapImpl                            : loaded 3 times (x 75B)
Class com.intellij.gradle.toolingExtension.impl.model.sourceSetDependencyModel.DefaultGradleSourceSetDependencyModel: loaded 3 times (x 77B)
Class com.intellij.gradle.toolingExtension.impl.model.dependencyModel.GradleDependencyTraverser: loaded 3 times (x 80B)
Class org.jetbrains.plugins.gradle.tooling.builder.ProjectExtensionsDataBuilderImpl   : loaded 3 times (x 78B)
Class com.google.common.base.CharMatcher$InRange                                      : loaded 3 times (x 111B)
Class org.jetbrains.kotlin.idea.gradleTooling.reflect.GradleReflectionLogger          : loaded 3 times (x 75B)
Class org.jetbrains.kotlin.idea.gradleTooling.model.lombok.LombokModelBuilderService  : loaded 3 times (x 87B)
Class com.google.common.collect.Range                                                 : loaded 3 times (x 87B)
Class org.gradle.internal.impldep.com.google.gson.internal.bind.TypeAdapters$28       : loaded 3 times (x 75B)
Class com.google.common.collect.Iterators                                             : loaded 3 times (x 71B)
Class org.gradle.internal.impldep.com.google.gson.JsonSyntaxException                 : loaded 3 times (x 82B)
Class com.intellij.gradle.toolingExtension.impl.model.utilDummyModel.DefaultDummyModel: loaded 3 times (x 73B)
Class org.gradle.internal.impldep.com.google.gson.internal.bind.ReflectiveTypeAdapterFactory$Adapter: loaded 3 times (x 77B)
Class org.gradle.internal.impldep.com.google.common.base.Objects                      : loaded 3 times (x 71B)
Class org.jetbrains.kotlin.idea.gradleTooling.reflect.ParameterList$Companion         : loaded 3 times (x 71B)
Class org.gradle.internal.impldep.com.google.gson.Gson$2                              : loaded 3 times (x 76B)
Class com.google.common.collect.RangeSet                                              : loaded 3 times (x 70B)
Class org.jetbrains.kotlin.idea.gradleTooling.OrphanSourceSetImportingChecker         : loaded 3 times (x 74B)
Class com.google.common.base.CharMatcher$1                                            : loaded 3 times (x 113B)
Class com.google.common.base.CharMatcher$NamedFastMatcher                             : loaded 3 times (x 112B)
Class com.google.common.base.Joiner$2                                                 : loaded 3 times (x 79B)
Class com.google.common.collect.RangeGwtSerializationDependencies                     : loaded 3 times (x 71B)
Class org.jetbrains.kotlin.idea.gradleTooling.model.parcelize.ParcelizeModelBuilderService: loaded 3 times (x 81B)
Class com.google.common.collect.ImmutableList$1                                       : loaded 3 times (x 97B)
Class org.jetbrains.kotlin.idea.gradleTooling.reflect.TypeToken$Companion             : loaded 3 times (x 71B)
Class org.jetbrains.plugins.gradle.model.tests.DefaultExternalTestsModel              : loaded 3 times (x 77B)
Class com.google.common.collect.PeekingIterator                                       : loaded 3 times (x 70B)
Class com.google.common.base.CharMatcher                                              : loaded 3 times (x 111B)
Class com.google.common.base.Joiner$1                                                 : loaded 3 times (x 80B)
Class com.google.common.collect.Lists$StringAsImmutableList                           : loaded 3 times (x 207B)
Class com.intellij.gradle.toolingExtension.impl.model.dependencyModel.GradleDependencyResolver: loaded 3 times (x 72B)
Class org.gradle.internal.impldep.com.google.gson.internal.bind.TypeAdapters$29       : loaded 3 times (x 75B)
Class org.gradle.internal.impldep.com.google.gson.internal.bind.JsonTreeReader        : loaded 3 times (x 98B)
Class org.jetbrains.kotlin.idea.gradleTooling.reflect.ReflectionReceiver$Static       : loaded 3 times (x 77B)
Class org.gradle.internal.impldep.com.google.gson.Gson$3                              : loaded 3 times (x 75B)
Class org.gradle.internal.impldep.com.google.gson.internal.Streams$AppendableWriter   : loaded 3 times (x 99B)
Class org.gradle.internal.impldep.com.google.gson.internal.Primitives                 : loaded 3 times (x 71B)
Class org.jetbrains.kotlin.idea.gradleTooling.reflect.ParameterList                   : loaded 3 times (x 173B)
Class org.jetbrains.plugins.gradle.tooling.serialization.GradleExtensionsSerializationService$2: loaded 3 times (x 76B)
Class org.gradle.internal.impldep.com.google.gson.stream.JsonWriter                   : loaded 3 times (x 98B)
Class org.gradle.internal.impldep.com.google.gson.internal.bind.ReflectiveTypeAdapterFactory: loaded 3 times (x 75B)
Class org.jetbrains.plugins.gradle.model.DefaultGradleConfiguration                   : loaded 3 times (x 79B)
Class com.intellij.gradle.toolingExtension.impl.model.dependencyModel.auxiliary.AuxiliaryConfigurationArtifacts: loaded 3 times (x 74B)
Class com.android.ide.gradle.model.builder.LegacyAndroidGradlePluginPropertiesModelBuilder$Companion: loaded 3 times (x 71B)
Class com.google.common.base.Preconditions                                            : loaded 3 times (x 71B)
Class org.jetbrains.plugins.gradle.model.DefaultDependencyAccessorsModel              : loaded 3 times (x 76B)
Class org.gradle.internal.impldep.com.google.gson.Gson$4                              : loaded 3 times (x 76B)
Class com.android.ide.gradle.model.artifacts.builder.AdditionalClassifierArtifactsModelBuilder: loaded 3 times (x 79B)
Class org.gradle.internal.impldep.com.google.gson.FieldNamingStrategy                 : loaded 3 times (x 70B)
Class com.intellij.gradle.toolingExtension.impl.modelBuilder.DefaultMessageReportBuilder: loaded 3 times (x 94B)
Class com.intellij.openapi.externalSystem.model.project.dependencies.ProjectDependencyNode: loaded 3 times (x 70B)
Class com.google.common.base.CharMatcher$Is                                           : loaded 3 times (x 111B)
Class com.google.common.base.CharMatcher$Negated                                      : loaded 3 times (x 113B)
Class com.intellij.gradle.toolingExtension.impl.model.sourceSetModel.GradleSourceSetModelBuilder$3: loaded 3 times (x 83B)
Class org.jetbrains.plugins.gradle.tooling.Message$Kind                               : loaded 3 times (x 79B)
Class com.google.common.base.CharMatcher$And                                          : loaded 3 times (x 112B)
Class org.jetbrains.plugins.gradle.tooling.MessageReportBuilder                       : loaded 3 times (x 70B)
Class com.intellij.gradle.toolingExtension.impl.model.sourceSetModel.GradleSourceSetModelBuilder$2: loaded 3 times (x 83B)
Class org.gradle.internal.impldep.com.google.gson.internal.sql.SqlTypesSupport$2      : loaded 3 times (x 74B)
Class org.jetbrains.plugins.gradle.tooling.builder.AnnotationProcessingModelBuilder   : loaded 3 times (x 86B)
Class com.intellij.gradle.toolingExtension.impl.model.sourceSetModel.GradleSourceSetModelBuilder$1: loaded 3 times (x 83B)
Class org.jetbrains.kotlin.idea.gradleTooling.reflect.KotlinAndroidSourceSetInfoReflection: loaded 3 times (x 70B)
Class org.gradle.internal.impldep.com.google.gson.Gson$5                              : loaded 3 times (x 76B)
Class org.gradle.internal.impldep.com.google.gson.internal.bind.TypeAdapters$31       : loaded 3 times (x 76B)
Class org.jetbrains.kotlin.idea.gradleTooling.model.parcelize.ParcelizeGradleModel    : loaded 3 times (x 70B)
Class org.gradle.internal.impldep.com.google.gson.internal.sql.SqlTypesSupport$1      : loaded 3 times (x 74B)
Class org.jetbrains.kotlin.idea.gradleTooling.KotlinMPPGradleModelBuilder$Companion   : loaded 3 times (x 71B)
Class com.intellij.gradle.toolingExtension.impl.model.projectModel.GradleExternalProjectModelBuilder: loaded 3 times (x 86B)
Class com.intellij.gradle.toolingExtension.impl.model.taskModel.DefaultGradleTaskModel: loaded 3 times (x 75B)
Class org.gradle.internal.impldep.com.google.gson.JsonNull                            : loaded 3 times (x 92B)
Class org.jetbrains.plugins.gradle.tooling.internal.VersionCatalogsModelImpl          : loaded 3 times (x 76B)
Class com.google.common.collect.ImmutableSet$RegularSetBuilderImpl                    : loaded 3 times (x 77B)
Class com.google.common.collect.ImmutableRangeSet$ComplementRanges                    : loaded 3 times (x 207B)
Class org.jetbrains.kotlin.idea.gradleTooling.reflect.KotlinCompilerArgumentsResolverReflectionKt: loaded 3 times (x 71B)
Class org.jetbrains.plugins.gradle.model.web.WebConfiguration                         : loaded 3 times (x 70B)
Class org.gradle.internal.impldep.com.google.gson.internal.bind.ReflectiveTypeAdapterFactory$FieldReflectionAdapter: loaded 3 times (x 77B)
Class org.jetbrains.plugins.gradle.model.ear.EarConfiguration                         : loaded 3 times (x 70B)
Class org.jetbrains.kotlin.idea.gradleTooling.reflect.ReflectionReceiver$Instance     : loaded 3 times (x 77B)
Class org.jetbrains.kotlin.idea.gradleTooling.reflect.KotlinMultiplatformImportReflectionImpl: loaded 3 times (x 76B)
Class org.jetbrains.kotlin.idea.gradleTooling.ResolveCompilerArgumentsKt              : loaded 3 times (x 71B)
Class org.gradle.internal.impldep.com.google.gson.internal.bind.TypeAdapters$32       : loaded 3 times (x 76B)
Class org.jetbrains.plugins.gradle.tooling.internal.DefaultRepositoryModels           : loaded 3 times (x 76B)
Class org.jetbrains.kotlin.idea.gradleTooling.model.lombok.LombokModel                : loaded 3 times (x 70B)
Class org.jetbrains.kotlin.idea.gradleTooling.reflect.ReflectionLogger                : loaded 3 times (x 70B)
Class org.gradle.internal.impldep.com.google.gson.internal.bind.TypeAdapterRuntimeTypeWrapper: loaded 3 times (x 74B)
Class org.gradle.internal.impldep.com.google.common.collect.Iterators$ArrayItr        : loaded 3 times (x 97B)
Class org.gradle.internal.IoActions                                                   : loaded 3 times (x 71B)
Class org.jetbrains.plugins.gradle.tooling.ModelBuilderService$Ex                     : loaded 3 times (x 70B)
Class com.intellij.openapi.externalSystem.model.project.dependencies.ComponentDependencies: loaded 3 times (x 70B)
Class org.jetbrains.kotlin.idea.gradleTooling.model.assignment.AssignmentModel        : loaded 3 times (x 70B)
Class org.gradle.internal.impldep.com.google.gson.internal.Excluder                   : loaded 3 times (x 75B)
Class org.gradle.internal.impldep.com.google.gson.JsonIOException                     : loaded 3 times (x 82B)
Class org.gradle.internal.impldep.com.google.gson.internal.bind.NumberTypeAdapter$1   : loaded 3 times (x 76B)
Class com.google.common.collect.AbstractIterator                                      : loaded 3 times (x 82B)
Class org.gradle.internal.impldep.com.google.gson.internal.bind.ReflectiveTypeAdapterFactory$1: loaded 3 times (x 79B)
Class [Lorg.jetbrains.kotlin.idea.gradleTooling.reflect.Parameter;                    : loaded 3 times (x 69B)
Class [Lcom.intellij.openapi.externalSystem.model.project.IExternalSystemSourceType;  : loaded 3 times (x 69B)
Class org.gradle.internal.impldep.com.google.gson.internal.bind.TypeAdapters$EnumTypeAdapter: loaded 3 times (x 74B)
Class org.gradle.internal.impldep.com.google.gson.internal.bind.TypeAdapters$33       : loaded 3 times (x 76B)
Class org.gradle.internal.impldep.com.google.gson.internal.bind.MapTypeAdapterFactory$Adapter: loaded 3 times (x 74B)
Class org.jetbrains.kotlin.tooling.core.KotlinToolingVersion$Maturity                 : loaded 3 times (x 79B)
Class org.gradle.internal.impldep.com.google.common.collect.AbstractIndexedListIterator: loaded 3 times (x 96B)
Class org.jetbrains.plugins.gradle.tooling.ModelBuilderContext$DataProvider           : loaded 3 times (x 70B)
Class org.jetbrains.plugins.gradle.tooling.serialization.ToolingStreamApiUtilsKt      : loaded 3 times (x 71B)
Class org.gradle.internal.impldep.com.google.gson.FieldNamingPolicy$7                 : loaded 3 times (x 83B)
Class org.gradle.internal.impldep.com.google.gson.internal.ConstructorConstructor$19  : loaded 3 times (x 76B)
Class org.jetbrains.plugins.gradle.model.ModelFactory                                 : loaded 3 times (x 71B)
Class org.jetbrains.kotlin.idea.gradleTooling.MultiplatformModelImportingChecker      : loaded 3 times (x 70B)
Class com.intellij.gradle.toolingExtension.impl.model.dependencyGraphModel.GradleDependencyReportGenerator: loaded 3 times (x 73B)
Class org.jetbrains.kotlin.idea.gradleTooling.PrepareKotlinIdeaImportTaskModelBuilder$Messages: loaded 3 times (x 71B)
Class com.google.common.collect.UnmodifiableListIterator                              : loaded 3 times (x 95B)
Class org.jetbrains.kotlin.idea.gradleTooling.model.kapt.KaptGradleModelImpl          : loaded 3 times (x 77B)
Class org.gradle.internal.impldep.com.google.gson.LongSerializationPolicy             : loaded 3 times (x 80B)
Class org.gradle.internal.impldep.com.google.gson.FieldNamingPolicy$6                 : loaded 3 times (x 83B)
Class org.gradle.internal.impldep.com.google.gson.ToNumberPolicy$4                    : loaded 3 times (x 83B)
Class org.jetbrains.plugins.gradle.model.AbstractExternalDependency                   : loaded 3 times (x 106B)
Class com.google.common.collect.AbstractIndexedListIterator                           : loaded 3 times (x 96B)
Class org.jetbrains.plugins.gradle.tooling.util.BiFunction                            : loaded 3 times (x 70B)
Class org.gradle.api.GradleException                                                  : loaded 3 times (x 82B)
Class org.jetbrains.kotlin.idea.gradleTooling.model.samWithReceiver.SamWithReceiverModel: loaded 3 times (x 70B)
Class com.intellij.openapi.externalSystem.model.project.dependencies.ProjectDependenciesImpl: loaded 3 times (x 77B)
Class org.gradle.internal.impldep.com.google.gson.internal.bind.TypeAdapters$34       : loaded 3 times (x 76B)
Class com.intellij.gradle.toolingExtension.impl.model.sourceSetArtifactIndex.GradleSourceSetArtifactModel: loaded 3 times (x 76B)
Class org.gradle.internal.impldep.com.google.gson.FieldNamingPolicy$5                 : loaded 3 times (x 83B)
Class org.gradle.internal.impldep.com.google.gson.ToNumberPolicy$3                    : loaded 3 times (x 83B)
Class org.gradle.internal.impldep.com.google.gson.internal.sql.SqlTimestampTypeAdapter$1: loaded 3 times (x 75B)
Class com.intellij.gradle.toolingExtension.impl.model.buildScriptClasspathModel.GradleBuildScriptClasspathCache: loaded 3 times (x 75B)
Class com.google.common.base.CharMatcher$NegatedFastMatcher                           : loaded 3 times (x 113B)
Class org.jetbrains.plugins.gradle.tooling.builder.ProjectRepositoriesModelBuilder    : loaded 3 times (x 78B)
Class com.google.common.collect.AbstractRangeSet                                      : loaded 3 times (x 114B)
Class org.gradle.internal.impldep.com.google.gson.internal.sql.SqlTypesSupport        : loaded 3 times (x 71B)
Class org.gradle.internal.impldep.com.google.gson.ToNumberStrategy                    : loaded 3 times (x 70B)
Class org.gradle.internal.impldep.com.google.gson.FieldNamingPolicy$4                 : loaded 3 times (x 83B)
Class org.gradle.internal.impldep.com.google.gson.ToNumberPolicy$2                    : loaded 3 times (x 83B)
Class org.jetbrains.plugins.gradle.tooling.internal.ClasspathEntryModelImpl           : loaded 3 times (x 80B)
Class org.jetbrains.kotlin.idea.gradleTooling.model.noarg.NoArgModel                  : loaded 3 times (x 70B)
Class org.jetbrains.kotlin.idea.gradleTooling.KotlinGradleModelImpl                   : loaded 3 times (x 84B)
Class com.intellij.gradle.toolingExtension.impl.util.GradleProjectUtil                : loaded 3 times (x 71B)
Class org.gradle.internal.impldep.com.google.gson.internal.sql.SqlTimestampTypeAdapter: loaded 3 times (x 76B)
Class org.jetbrains.kotlin.idea.gradleTooling.reflect.ReflectionReceiver              : loaded 3 times (x 70B)
Class com.intellij.gradle.toolingExtension.impl.util.GradleObjectUtil                 : loaded 3 times (x 71B)
Class com.intellij.openapi.externalSystem.model.project.dependencies.ArtifactDependencyNodeImpl: loaded 3 times (x 95B)
Class com.google.common.base.Predicate                                                : loaded 3 times (x 70B)
Class [Lcom.intellij.openapi.externalSystem.model.project.ExternalSystemSourceType;   : loaded 3 times (x 69B)
Class org.jetbrains.kotlin.idea.gradleTooling.KotlinMPPGradleModelBinaryBuilder       : loaded 3 times (x 86B)
Class org.jetbrains.plugins.gradle.tooling.builder.WarModelBuilderImplKt              : loaded 3 times (x 71B)
Class org.jetbrains.plugins.gradle.tooling.serialization.GradleExtensionsSerializationService$1: loaded 3 times (x 76B)
Class org.gradle.internal.impldep.com.google.gson.FieldNamingPolicy$3                 : loaded 3 times (x 83B)
Class org.gradle.internal.impldep.com.google.gson.ToNumberPolicy$1                    : loaded 3 times (x 83B)
Class org.jetbrains.plugins.gradle.tooling.builder.IntelliJSettingsBuilder            : loaded 3 times (x 78B)
Class org.gradle.internal.impldep.com.google.common.collect.PeekingIterator           : loaded 3 times (x 70B)
Class org.gradle.internal.impldep.com.google.gson.internal.sql.SqlDateTypeAdapter$1   : loaded 3 times (x 75B)
Class org.jetbrains.plugins.gradle.model.DefaultExternalTask                          : loaded 3 times (x 83B)
Class com.google.common.base.CharMatcher$FastMatcher                                  : loaded 3 times (x 111B)
Class org.gradle.internal.impldep.com.google.common.collect.Lists$StringAsImmutableList: loaded 3 times (x 207B)
Class org.jetbrains.kotlin.idea.gradleTooling.PrepareKotlinIdeaImportTaskModelBuilder : loaded 3 times (x 86B)
Class org.gradle.internal.impldep.com.google.gson.FieldNamingPolicy$2                 : loaded 3 times (x 83B)
Class org.gradle.internal.impldep.com.google.gson.internal.bind.TypeAdapters$19       : loaded 3 times (x 75B)
Class com.intellij.gradle.toolingExtension.impl.model.dependencyModel.GradleDependencyResolver$1: loaded 3 times (x 77B)
Class org.gradle.api.Action                                                           : loaded 3 times (x 70B)
Class org.gradle.internal.Cast                                                        : loaded 3 times (x 71B)
Class org.jetbrains.kotlin.idea.gradleTooling.model.allopen.AllOpenModelBuilderService: loaded 3 times (x 85B)
Class org.gradle.internal.impldep.com.google.gson.FieldNamingPolicy$1                 : loaded 3 times (x 83B)
Class org.gradle.internal.impldep.com.google.gson.stream.JsonReader                   : loaded 3 times (x 97B)
Class org.gradle.internal.impldep.com.google.gson.internal.bind.TypeAdapters$18       : loaded 3 times (x 75B)
Class com.android.ide.gradle.model.dependencies.DeclaredDependenciesModelBuilderKt    : loaded 3 times (x 71B)
Class com.intellij.gradle.toolingExtension.impl.modelBuilder.DefaultModelBuilderContext: loaded 3 times (x 77B)
Class com.intellij.gradle.toolingExtension.impl.model.warmUp.GradleTaskWarmUpService  : loaded 3 times (x 86B)
Class org.gradle.internal.impldep.com.google.gson.internal.bind.JsonAdapterAnnotationTypeAdapterFactory: loaded 3 times (x 75B)
Class org.gradle.internal.impldep.com.google.gson.internal.bind.ObjectTypeAdapter$1   : loaded 3 times (x 76B)
Class org.gradle.internal.impldep.com.google.gson.internal.sql.SqlTimeTypeAdapter     : loaded 3 times (x 74B)
Class org.gradle.internal.impldep.com.google.gson.internal.bind.TypeAdapters$17       : loaded 3 times (x 75B)
Class org.jetbrains.kotlin.idea.gradleTooling.reflect.KotlinSourceSetReflectionKt     : loaded 3 times (x 71B)
Class com.android.ide.gradle.model.composites.BuildMapModelBuilder                    : loaded 3 times (x 75B)
Class com.google.common.base.CharMatcher$Or                                           : loaded 3 times (x 112B)
Class org.jetbrains.kotlin.idea.gradleTooling.KotlinGradleModelBuilder                : loaded 3 times (x 86B)
Class org.gradle.internal.impldep.com.google.gson.internal.reflect.ReflectionHelper$RecordHelper: loaded 3 times (x 75B)
Class com.intellij.gradle.toolingExtension.impl.model.resourceFilterModel.GradleResourceFilterModelBuilder: loaded 3 times (x 71B)
Class org.gradle.internal.impldep.com.google.gson.internal.bind.DateTypeAdapter$1     : loaded 3 times (x 75B)
Class org.gradle.internal.impldep.com.google.gson.internal.bind.TypeAdapters$16       : loaded 3 times (x 75B)
Class org.gradle.internal.impldep.com.google.common.collect.Iterators$SingletonIterator: loaded 3 times (x 81B)
Class org.jetbrains.plugins.gradle.tooling.builder.IntelliJProjectSettingsBuilder     : loaded 3 times (x 78B)
Class org.jetbrains.plugins.gradle.tooling.DefaultMessageBuilder                      : loaded 3 times (x 84B)
Class org.jetbrains.plugins.gradle.tooling.builder.ExternalTestsModelBuilderImpl      : loaded 3 times (x 78B)
Class org.jetbrains.kotlin.tooling.core.InternerKt                                    : loaded 3 times (x 71B)
Class [Lorg.gradle.internal.impldep.com.google.gson.FieldNamingPolicy;                : loaded 3 times (x 69B)
Class org.gradle.internal.impldep.com.google.gson.internal.Excluder$1                 : loaded 3 times (x 74B)
Class org.gradle.internal.impldep.com.google.gson.internal.bind.TypeAdapters$15       : loaded 3 times (x 75B)
Class com.intellij.gradle.toolingExtension.impl.model.dependencyDownloadPolicyModel.GradleDependencyDownloadPolicyBuilder: loaded 3 times (x 86B)
Class org.gradle.internal.impldep.com.google.gson.internal.bind.ObjectTypeAdapter     : loaded 3 times (x 74B)
Class org.gradle.internal.impldep.com.google.gson.internal.Streams                    : loaded 3 times (x 71B)
Class org.jetbrains.plugins.gradle.model.DefaultExternalProjectDependency             : loaded 3 times (x 120B)
Class com.google.common.collect.ImmutableSet                                          : loaded 3 times (x 145B)
Class com.google.common.base.CharMatcher$BitSetMatcher                                : loaded 3 times (x 112B)
Class org.gradle.internal.impldep.com.google.common.collect.Lists                     : loaded 3 times (x 71B)
Class org.jetbrains.kotlin.idea.gradleTooling.KotlinDslScriptTaskModelBuilder         : loaded 3 times (x 86B)
Class org.jetbrains.kotlin.idea.gradleTooling.UtilsKt                                 : loaded 3 times (x 71B)
Class org.gradle.internal.impldep.com.google.gson.internal.bind.TypeAdapters$14       : loaded 3 times (x 75B)
Class org.gradle.internal.impldep.com.google.common.collect.Iterators$MergingIterator : loaded 3 times (x 81B)
Class com.intellij.openapi.externalSystem.model.project.dependencies.ArtifactDependencyNode: loaded 3 times (x 70B)
Class org.jetbrains.kotlin.idea.gradleTooling.KotlinMPPGradleModelBinary              : loaded 3 times (x 70B)
Class com.intellij.gradle.toolingExtension.impl.model.sourceSetArtifactIndex.GradleSourceSetArtifactIndex: loaded 3 times (x 78B)
Class org.gradle.internal.impldep.com.google.gson.internal.bind.TypeAdapters$13       : loaded 3 times (x 75B)
Class com.intellij.gradle.toolingExtension.impl.model.dependencyModel.auxiliary.AuxiliaryArtifactResolver: loaded 3 times (x 70B)
Class org.jetbrains.plugins.gradle.tooling.util.BooleanBiFunction                     : loaded 3 times (x 70B)
Class org.jetbrains.plugins.gradle.tooling.serialization.internal.adapter.InternalBuildIdentifier: loaded 3 times (x 75B)
Class com.intellij.util.ExceptionUtilRt                                               : loaded 3 times (x 71B)
Class org.jetbrains.plugins.gradle.tooling.builder.DependencyAccessorsModelBuilder    : loaded 3 times (x 81B)
Class org.jetbrains.plugins.gradle.tooling.builder.EarModelBuilderImplKt              : loaded 3 times (x 71B)
Class com.intellij.gradle.toolingExtension.impl.util.GradleIdeaPluginUtil             : loaded 3 times (x 71B)
Class org.jetbrains.plugins.gradle.tooling.builder.MavenRepositoriesModelBuilder      : loaded 3 times (x 81B)
Class org.gradle.internal.impldep.com.google.gson.internal.bind.TypeAdapters$12       : loaded 3 times (x 75B)
Class org.gradle.internal.impldep.com.google.gson.internal.bind.TypeAdapters$9        : loaded 3 times (x 75B)
Class com.google.common.collect.NullnessCasts                                         : loaded 3 times (x 71B)
Class org.gradle.internal.impldep.com.google.gson.JsonObject                          : loaded 3 times (x 93B)
Class [Lorg.jetbrains.plugins.gradle.tooling.Message$Kind;                            : loaded 3 times (x 69B)
Class org.gradle.internal.impldep.com.google.gson.internal.bind.TypeAdapters$11       : loaded 3 times (x 75B)
Class org.gradle.internal.impldep.com.google.gson.internal.bind.TypeAdapters$8        : loaded 3 times (x 75B)
Class org.gradle.internal.impldep.com.google.gson.ReflectionAccessFilter$FilterResult : loaded 3 times (x 79B)
Class org.jetbrains.plugins.gradle.model.DefaultUnresolvedExternalDependency          : loaded 3 times (x 111B)
Class org.gradle.internal.impldep.com.google.gson.internal.reflect.ReflectionHelper   : loaded 3 times (x 71B)
Class org.jetbrains.kotlin.idea.gradleTooling.PrepareKotlinIdeaImportTaskModelBuilder$Companion: loaded 3 times (x 71B)
Class org.jetbrains.plugins.gradle.tooling.ModelBuilderService                        : loaded 3 times (x 70B)
Class com.android.ide.gradle.model.impl.GradlePluginModelImpl$Companion               : loaded 3 times (x 71B)
Class com.google.common.collect.Lists$ReverseList$1                                   : loaded 3 times (x 99B)
Class com.google.common.collect.ImmutableRangeSet$Builder                             : loaded 3 times (x 77B)
Class org.gradle.internal.impldep.com.google.gson.internal.bind.TypeAdapters$7        : loaded 3 times (x 75B)
Class org.gradle.internal.impldep.com.google.gson.internal.bind.TypeAdapters$10       : loaded 3 times (x 75B)
Class org.jetbrains.kotlin.idea.gradleTooling.reflect.KotlinMultiplatformImportReflectionImpl$Companion: loaded 3 times (x 71B)
Class com.android.ide.gradle.model.builder.GradlePropertiesModelBuilder               : loaded 3 times (x 75B)
Class org.gradle.internal.impldep.com.google.common.collect.ImmutableCollection       : loaded 3 times (x 125B)
Class com.android.ide.gradle.model.builder.GradlePluginModelBuilder                   : loaded 3 times (x 75B)
Class org.jetbrains.kotlin.tooling.core.Interner                                      : loaded 3 times (x 70B)
Class org.jetbrains.plugins.gradle.tooling.serialization.RepositoriesModelSerializationService$1: loaded 3 times (x 76B)
Class com.google.common.collect.SingletonImmutableList                                : loaded 3 times (x 207B)
Class org.gradle.internal.impldep.com.google.gson.JsonParseException                  : loaded 3 times (x 82B)
Class org.gradle.internal.impldep.com.google.gson.internal.bind.TypeAdapters$6        : loaded 3 times (x 75B)
Class org.jetbrains.kotlin.idea.gradleTooling.KotlinGradlePluginVersionImpl           : loaded 3 times (x 78B)
Class org.gradle.api.UncheckedIOException                                             : loaded 3 times (x 82B)
Class com.google.common.collect.Lists$RandomAccessReverseList                         : loaded 3 times (x 200B)
Class com.intellij.gradle.toolingExtension.impl.model.buildScriptClasspathModel.GradleBuildScriptClasspathModelBuilder: loaded 3 times (x 86B)
Class org.jetbrains.kotlin.idea.gradleTooling.reflect.KotlinSourceSetReflection       : loaded 3 times (x 70B)
Class com.intellij.gradle.toolingExtension.impl.javaModel.manifestModel.DefaultJavaGradleManifestModel: loaded 3 times (x 76B)
Class com.intellij.openapi.externalSystem.model.project.ExternalSystemSourceType      : loaded 3 times (x 85B)
Class org.jetbrains.kotlin.idea.gradleTooling.PrepareKotlinIdeaImportTaskModelBuilder$KotlinNativePlatformDependenciesKt: loaded 3 times (x 71B)
Class org.jetbrains.kotlin.idea.gradleTooling.model.kapt.KaptModelBuilderService      : loaded 3 times (x 86B)
Class com.intellij.gradle.toolingExtension.impl.model.sourceSetArtifactIndex.GradleSourceSetArtifactIndexBuilder: loaded 3 times (x 86B)
Class org.gradle.internal.impldep.com.google.gson.internal.bind.TypeAdapters$5        : loaded 3 times (x 75B)
Class org.jetbrains.kotlin.idea.gradleTooling.reflect.Parameter                       : loaded 3 times (x 72B)
Class com.intellij.gradle.toolingExtension.impl.modelBuilder.ExtraModelBuilder        : loaded 3 times (x 85B)
Class org.jetbrains.plugins.gradle.tooling.builder.WarModelBuilderImpl                : loaded 3 times (x 86B)
Class org.gradle.internal.impldep.com.google.gson.internal.bind.DefaultDateTypeAdapter$DateType: loaded 3 times (x 73B)
Class com.google.common.collect.ImmutableList$ReverseImmutableList                    : loaded 3 times (x 209B)
Class org.gradle.internal.impldep.com.google.gson.internal.bind.TypeAdapters$4        : loaded 3 times (x 75B)
Class com.intellij.openapi.externalSystem.model.project.dependencies.DependencyNode   : loaded 3 times (x 70B)
Class org.gradle.internal.impldep.com.google.gson.internal.bind.TypeAdapters$34$1     : loaded 3 times (x 74B)
Class org.gradle.internal.impldep.com.google.gson.GsonBuilder                         : loaded 3 times (x 72B)
Class org.gradle.internal.impldep.com.google.common.collect.Iterators$1               : loaded 3 times (x 81B)
Class org.jetbrains.kotlin.tooling.core.InternerImpl                                  : loaded 3 times (x 76B)
Class org.gradle.internal.impldep.com.google.gson.internal.ConstructorConstructor     : loaded 3 times (x 72B)
Class org.gradle.internal.impldep.com.google.gson.internal.bind.TypeAdapters$3        : loaded 3 times (x 75B)
Class org.gradle.internal.impldep.com.google.common.collect.ImmutableList             : loaded 3 times (x 206B)
Class org.jetbrains.plugins.gradle.tooling.AbstractModelBuilderService                : loaded 3 times (x 86B)
Class com.google.common.collect.ImmutableRangeSet                                     : loaded 3 times (x 115B)
Class org.gradle.internal.impldep.com.google.gson.internal.bind.TypeAdapters$2        : loaded 3 times (x 75B)
Class com.intellij.gradle.toolingExtension.impl.model.sourceSetDependencyModel.GradleSourceSetDependencyModelBuilder: loaded 3 times (x 86B)
Class org.jetbrains.plugins.gradle.model.DefaultExternalProject                       : loaded 3 times (x 95B)
Class com.intellij.gradle.toolingExtension.impl.model.sourceSetDependencyModel.GradleSourceSetDependencyResolver: loaded 3 times (x 72B)
Class org.gradle.internal.impldep.com.google.gson.internal.bind.TypeAdapters$1        : loaded 3 times (x 75B)
Class org.jetbrains.plugins.gradle.DefaultExternalDependencyId                        : loaded 3 times (x 80B)
Class org.jetbrains.kotlin.idea.gradleTooling.reflect.KotlinLanguageSettingsReflection: loaded 3 times (x 70B)
Class org.jetbrains.kotlin.idea.gradleTooling.reflect.KotlinSourceSetReflectionImpl$Companion: loaded 3 times (x 71B)
Class com.intellij.gradle.toolingExtension.impl.model.buildScriptClasspathModel.DefaultGradleBuildScriptClasspathModel: loaded 3 times (x 83B)
Class [Lcom.android.ide.gradle.model.builder.LegacyAndroidGradlePluginPropertiesModelBuilder$PluginType;: loaded 3 times (x 69B)
Class org.jetbrains.kotlin.idea.gradleTooling.model.noarg.NoArgModelBuilderService    : loaded 3 times (x 85B)
Class org.gradle.internal.impldep.com.google.common.collect.UnmodifiableListIterator  : loaded 3 times (x 95B)
Class org.jetbrains.kotlin.idea.gradleTooling.reflect.ReflectionKt                    : loaded 3 times (x 71B)
Class org.jetbrains.kotlin.idea.gradleTooling.AndroidAwareGradleModelProvider$Result  : loaded 3 times (x 72B)
Class org.gradle.internal.impldep.com.google.gson.reflect.TypeToken                   : loaded 3 times (x 75B)
Class com.google.common.collect.RegularImmutableList                                  : loaded 3 times (x 213B)
Class com.intellij.gradle.toolingExtension.impl.javaModel.manifestModel.JavaGradleManifestModelBuilder: loaded 3 times (x 86B)
Class org.jetbrains.kotlin.idea.gradleTooling.KotlinDslScriptTaskModelBuilder$Companion: loaded 3 times (x 71B)
Class com.google.common.collect.Iterators$1                                           : loaded 3 times (x 81B)
Class org.jetbrains.kotlin.idea.gradleTooling.reflect.TypeToken                       : loaded 3 times (x 72B)
Class com.google.common.base.Function                                                 : loaded 3 times (x 70B)
Class org.gradle.internal.impldep.com.google.gson.internal.ReflectionAccessFilterHelper: loaded 3 times (x 71B)
Class org.jetbrains.plugins.gradle.tooling.builder.EarModelBuilderImpl                : loaded 3 times (x 86B)
Class org.jetbrains.plugins.gradle.tooling.ModelBuilderService$ParameterizedModelBuilderService: loaded 3 times (x 70B)
Class org.gradle.internal.impldep.com.google.gson.LongSerializationPolicy$1           : loaded 3 times (x 80B)
Class org.jetbrains.plugins.gradle.tooling.Message$FilePosition                       : loaded 3 times (x 75B)
Class com.google.common.collect.SingletonImmutableSet                                 : loaded 3 times (x 146B)
Class org.gradle.internal.impldep.com.google.gson.internal.sql.SqlTimeTypeAdapter$1   : loaded 3 times (x 75B)
Class org.gradle.internal.impldep.com.google.common.collect.UnmodifiableIterator      : loaded 3 times (x 80B)
Class com.intellij.gradle.toolingExtension.impl.modelBuilder.DefaultMessageReporter   : loaded 3 times (x 75B)
Class org.jetbrains.kotlin.idea.gradleTooling.model.allopen.AllOpenModel              : loaded 3 times (x 70B)
Class com.android.ide.gradle.model.impl.GradlePropertiesModelImpl                     : loaded 3 times (x 78B)
Class org.gradle.internal.impldep.com.google.gson.internal.bind.TypeAdapters$EnumTypeAdapter$1: loaded 3 times (x 77B)
Class org.gradle.internal.impldep.com.google.gson.internal.$Gson$Types                : loaded 3 times (x 71B)
Class org.jetbrains.kotlin.idea.gradleTooling.model.annotation.AnnotationBasedPluginModel: loaded 3 times (x 70B)
Class org.gradle.internal.impldep.com.google.common.collect.Multimap                  : loaded 3 times (x 70B)
Class com.intellij.gradle.toolingExtension.impl.model.dependencyDownloadPolicyModel.GradleDependencyDownloadPolicyCache: loaded 3 times (x 75B)
Class org.gradle.internal.impldep.com.google.common.collect.Iterators$5               : loaded 3 times (x 82B)
Class org.jetbrains.plugins.gradle.tooling.MessageReporter                            : loaded 3 times (x 70B)
Class com.intellij.compose.ide.plugin.gradleTooling.rt.ComposeResourcesModelBuilder   : loaded 3 times (x 78B)
Class org.jetbrains.kotlin.idea.gradleTooling.model.assignment.AssignmentModelBuilderService: loaded 3 times (x 85B)
Class org.gradle.internal.impldep.com.google.gson.internal.bind.SerializationDelegatingTypeAdapter: loaded 3 times (x 74B)
Class com.intellij.gradle.toolingExtension.impl.model.buildScriptClasspathModel.GradleBuildScriptClasspathSerializationService$1: loaded 3 times (x 76B)
Class com.google.common.collect.RegularImmutableSortedSet                             : loaded 3 times (x 300B)
Class org.jetbrains.kotlin.tooling.core.InternerImpl$Store                            : loaded 3 times (x 70B)
Class org.jetbrains.kotlin.tooling.core.KotlinToolingVersionKt                        : loaded 3 times (x 71B)
Class com.google.common.base.CharMatcher$IsNot                                        : loaded 3 times (x 111B)
Class com.intellij.gradle.toolingExtension.impl.model.dependencyModel.GradleDependencyTraverser$Itr: loaded 3 times (x 83B)
Class org.gradle.internal.impldep.com.google.gson.LongSerializationPolicy$2           : loaded 3 times (x 80B)
Class com.intellij.util.ExceptionUtilRt$1                                             : loaded 3 times (x 129B)
Class com.android.ide.gradle.model.builder.LegacyAndroidGradlePluginPropertiesModelBuilder: loaded 3 times (x 80B)
Class org.gradle.internal.impldep.com.google.gson.internal.bind.ReflectiveTypeAdapterFactory$BoundField: loaded 3 times (x 75B)
Class com.intellij.openapi.externalSystem.model.project.dependencies.UnknownDependencyNode: loaded 3 times (x 87B)
Class com.intellij.gradle.toolingExtension.impl.model.sourceSetModel.GradleSourceSetResolutionContext: loaded 3 times (x 73B)
Class org.jetbrains.plugins.gradle.tooling.builder.VersionCatalogsModelBuilder        : loaded 3 times (x 86B)
Class com.intellij.openapi.externalSystem.model.project.dependencies.AbstractDependencyNode: loaded 3 times (x 87B)
Class com.intellij.gradle.toolingExtension.impl.model.utilDummyModel.DummyModelBuilder: loaded 3 times (x 86B)
Class org.jetbrains.plugins.gradle.tooling.serialization.internal.adapter.InternalProjectIdentifier: loaded 3 times (x 76B)
Class org.gradle.internal.impldep.com.google.gson.internal.bind.ArrayTypeAdapter$1    : loaded 3 times (x 75B)
Class com.intellij.gradle.toolingExtension.impl.model.dependencyModel.auxiliary.AuxiliaryArtifactResolverImpl: loaded 3 times (x 76B)
Class com.google.common.collect.SortedIterable                                        : loaded 3 times (x 70B)
Class com.android.ide.gradle.model.builder.LegacyAndroidGradlePluginPropertiesModelBuilder$PluginType: loaded 3 times (x 79B)
Class com.google.common.collect.Lists$ReverseList                                     : loaded 3 times (x 200B)
Class com.google.common.collect.ImmutableSortedSet                                    : loaded 3 times (x 300B)
Class org.jetbrains.plugins.gradle.tooling.builder.ProjectExtensionsDataBuilderImpl$Companion: loaded 3 times (x 71B)
Class org.jetbrains.kotlin.idea.gradleTooling.KotlinMPPGradleModelBuilder             : loaded 3 times (x 86B)
Class com.google.common.collect.Iterators$4                                           : loaded 3 times (x 82B)
Class com.intellij.gradle.toolingExtension.impl.model.utilTurnOffDefaultTasksModel.TurnOffDefaultTasksModelBuilder: loaded 3 times (x 86B)
Class org.gradle.internal.impldep.com.google.gson.internal.LazilyParsedNumber         : loaded 3 times (x 78B)
Class org.gradle.internal.impldep.com.google.gson.internal.bind.NumberTypeAdapter     : loaded 3 times (x 74B)
Class org.gradle.internal.impldep.com.google.gson.annotations.SerializedName          : loaded 3 times (x 70B)
Class org.gradle.internal.impldep.com.google.gson.Gson$FutureTypeAdapter              : loaded 3 times (x 76B)
Class org.jetbrains.plugins.gradle.tooling.MessageBuilder                             : loaded 3 times (x 70B)
Class [Lorg.gradle.internal.impldep.com.google.gson.LongSerializationPolicy;          : loaded 3 times (x 69B)
Class com.intellij.compose.ide.plugin.gradleTooling.rt.ComposeResourcesExtension$Companion: loaded 3 times (x 71B)
Class [Lorg.jetbrains.kotlin.tooling.core.KotlinToolingVersion$Maturity;              : loaded 3 times (x 69B)
Class org.gradle.internal.impldep.com.google.common.base.ExtraObjectsMethodsForWeb    : loaded 3 times (x 71B)
Class org.gradle.internal.impldep.com.google.gson.Gson                                : loaded 3 times (x 72B)
Class [Lorg.gradle.internal.impldep.com.google.gson.ToNumberStrategy;                 : loaded 3 times (x 69B)
Class org.gradle.internal.impldep.com.google.gson.internal.bind.DateTypeAdapter       : loaded 3 times (x 74B)
Class org.jetbrains.kotlin.idea.gradleTooling.GetAdditionalVisibleSourceSetsKt        : loaded 3 times (x 71B)
Class org.jetbrains.plugins.gradle.model.DefaultGradleProperty                        : loaded 3 times (x 78B)
Class com.google.common.collect.ImmutableAsList                                       : loaded 3 times (x 209B)
Class com.google.common.collect.Iterators$9                                           : loaded 3 times (x 81B)
Class com.intellij.gradle.toolingExtension.impl.model.taskModel.GradleTaskModelBuilder: loaded 3 times (x 86B)
Class org.jetbrains.kotlin.idea.gradleTooling.model.annotation.AnnotationBasedPluginModelBuilderService: loaded 3 times (x 85B)
Class com.google.common.collect.Iterators$5                                           : loaded 3 times (x 82B)
Class com.intellij.gradle.toolingExtension.impl.model.repositoryModel.DefaultProjectRepositoriesModel: loaded 3 times (x 76B)
Class org.gradle.internal.impldep.com.google.gson.TypeAdapter                         : loaded 3 times (x 73B)
Class org.gradle.internal.impldep.com.google.gson.internal.reflect.ReflectionHelper$RecordSupportedHelper: loaded 3 times (x 78B)
Class org.gradle.internal.impldep.com.google.gson.internal.bind.JsonTreeWriter        : loaded 3 times (x 98B)
Class org.gradle.internal.impldep.com.google.gson.JsonArray                           : loaded 3 times (x 100B)
Class org.gradle.internal.impldep.com.google.gson.internal.bind.MapTypeAdapterFactory : loaded 3 times (x 75B)
Class com.android.ide.gradle.model.builder.AndroidStudioToolingPlugin                 : loaded 3 times (x 75B)
Class com.google.common.collect.ImmutableSet$CachingAsList                            : loaded 3 times (x 148B)
Class com.google.common.collect.Lists                                                 : loaded 3 times (x 71B)
Class com.android.ide.gradle.model.builder.LegacyV1AgpVersionModelBuilder             : loaded 3 times (x 75B)
Class org.jetbrains.kotlin.idea.gradleTooling.reflect.KotlinMultiplatformImportReflection: loaded 3 times (x 70B)
Class org.gradle.internal.impldep.com.google.gson.annotations.JsonAdapter             : loaded 3 times (x 70B)
Class org.jetbrains.plugins.gradle.model.DefaultExternalLibraryDependency             : loaded 3 times (x 111B)
Class com.android.ide.gradle.model.dependencies.DeclaredDependenciesModelBuilder$Companion: loaded 3 times (x 71B)
Class com.android.ide.gradle.model.dependencies.CoordinatesImpl                       : loaded 3 times (x 77B)
Class com.google.common.base.CharMatcher$ForPredicate                                 : loaded 3 times (x 112B)
Class com.google.common.collect.ImmutableCollection                                   : loaded 3 times (x 125B)
Class com.google.common.base.CharMatcher$AnyOf                                        : loaded 3 times (x 112B)
Class org.gradle.internal.impldep.com.google.gson.TypeAdapterFactory                  : loaded 3 times (x 70B)
Class org.gradle.internal.impldep.com.google.common.collect.Iterators$4               : loaded 3 times (x 82B)
Class com.google.common.collect.MapMakerInternalMap$Strength$2                        : loaded 2 times (x 80B)
Class org.jetbrains.kotlin.load.java.JvmAnnotationNames                               : loaded 2 times (x 71B)
Class jdk.internal.jrtfs.SystemImage                                                  : loaded 2 times (x 74B)
Class kotlin.coroutines.intrinsics.IntrinsicsKt__IntrinsicsKt                         : loaded 2 times (x 71B)
Class kotlin.text.RegexKt                                                             : loaded 2 times (x 71B)
Class jdk.internal.jimage.ImageReader$Node                                            : loaded 2 times (x 84B)
Class net.rubygrapefruit.platform.internal.Platform$Window32Bit                       : loaded 2 times (x 79B)
Class org.jetbrains.kotlin.config.AnalysisFlag                                        : loaded 2 times (x 72B)
Class com.android.builder.model.v2.models.ModelBuilderParameter                       : loaded 2 times (x 70B)
Class com.google.common.collect.ImmutableSortedAsList                                 : loaded 2 times (x 221B)
Class com.google.common.cache.LocalCache$LocalManualCache$1                           : loaded 2 times (x 75B)
Class kotlin.io.FilesKt__UtilsKt                                                      : loaded 2 times (x 71B)
Class com.google.common.collect.Lists$TransformingRandomAccessList                    : loaded 2 times (x 199B)
Class kotlin.collections.CollectionsKt__CollectionsJVMKt                              : loaded 2 times (x 71B)
Class org.gradle.api.internal.classpath.DefaultModuleRegistry                         : loaded 2 times (x 86B)
Class com.google.common.util.concurrent.AbstractFuture$UnsafeAtomicHelper             : loaded 2 times (x 78B)
Class com.google.common.collect.HashBiMap$Inverse                                     : loaded 2 times (x 142B)
Class com.android.builder.model.v2.ide.Installation                                   : loaded 2 times (x 70B)
Class com.google.common.collect.ImmutableMultimap$Values                              : loaded 2 times (x 126B)
Class org.jetbrains.kotlin.name.FqNameUnsafe                                          : loaded 2 times (x 72B)
Class [Lorg.jetbrains.org.objectweb.asm.Type;                                         : loaded 2 times (x 69B)
Class org.gradle.api.internal.ClassPathProvider                                       : loaded 2 times (x 70B)
Class jdk.internal.jimage.BasicImageReader$1                                          : loaded 2 times (x 77B)
Class org.jetbrains.org.objectweb.asm.AnnotationWriter                                : loaded 2 times (x 78B)
Class org.jetbrains.kotlin.load.kotlin.KotlinJvmBinaryClass$AnnotationVisitor         : loaded 2 times (x 70B)
Class com.google.common.collect.Iterators$6                                           : loaded 2 times (x 81B)
Class com.google.common.util.concurrent.ListenableFuture                              : loaded 2 times (x 70B)
Class com.google.common.cache.ReferenceEntry                                          : loaded 2 times (x 70B)
Class com.google.common.base.Converter                                                : loaded 2 times (x 90B)
Class com.google.common.base.AbstractIterator$State                                   : loaded 2 times (x 79B)
Class kotlin.sequences.SequencesKt                                                    : loaded 2 times (x 71B)
Class kotlin.collections.CollectionsKt__IteratorsKt                                   : loaded 2 times (x 71B)
Class com.google.common.reflect.Types$ClassOwnership$1                                : loaded 2 times (x 80B)
Class org.jetbrains.kotlin.cli.common.CompilerSystemProperties                        : loaded 2 times (x 80B)
Class [Lorg.objectweb.asm.AnnotationVisitor;                                          : loaded 2 times (x 69B)
Class com.google.common.collect.Sets$3                                                : loaded 2 times (x 139B)
Class org.gradle.tooling.internal.adapter.ObjectGraphAdapter                          : loaded 2 times (x 70B)
Class com.google.common.collect.ImmutableSet$JdkBackedSetBuilderImpl                  : loaded 2 times (x 76B)
Class [Lorg.gradle.api.internal.ClassPathProvider;                                    : loaded 2 times (x 69B)
Class org.gradle.tooling.ToolingModelContract                                         : loaded 2 times (x 70B)
Class kotlin.sequences.Sequence                                                       : loaded 2 times (x 70B)
Class com.android.ide.common.repository.AgpVersion$PreviewKind$Companion              : loaded 2 times (x 71B)
Class com.google.common.util.concurrent.internal.InternalFutureFailureAccess          : loaded 2 times (x 72B)
Class [Lcom.android.builder.model.v2.ide.CodeShrinker;                                : loaded 2 times (x 69B)
Class com.google.common.collect.AbstractMapBasedMultimap                              : loaded 2 times (x 139B)
Class com.google.common.util.concurrent.AbstractFuture                                : loaded 2 times (x 106B)
Class com.google.common.base.FunctionalEquivalence                                    : loaded 2 times (x 83B)
Class org.apache.commons.io.output.NullWriter                                         : loaded 2 times (x 99B)
Class com.android.builder.model.v2.ide.PrivacySandboxSdkInfo                          : loaded 2 times (x 70B)
Class kotlin.text.StringsKt                                                           : loaded 2 times (x 71B)
Class kotlin.sequences.SequenceScope                                                  : loaded 2 times (x 73B)
Class kotlin.text.MatchResult                                                         : loaded 2 times (x 70B)
Class com.google.common.collect.NaturalOrdering                                       : loaded 2 times (x 115B)
Class kotlin.text.StringsKt__StringNumberConversionsJVMKt                             : loaded 2 times (x 71B)
Class com.google.common.collect.Sets$2                                                : loaded 2 times (x 139B)
Class com.android.builder.model.v2.models.BasicAndroidProject                         : loaded 2 times (x 70B)
Class com.google.common.io.CharStreams                                                : loaded 2 times (x 71B)
Class com.google.common.reflect.TypeResolver$TypeTable                                : loaded 2 times (x 73B)
Class org.jetbrains.kotlin.config.ExplicitApiMode                                     : loaded 2 times (x 79B)
Class com.google.common.collect.ImmutableMultiset                                     : loaded 2 times (x 163B)
Class org.objectweb.asm.RecordComponentVisitor                                        : loaded 2 times (x 77B)
Class com.google.common.cache.CacheLoader$SupplierToCacheLoader                       : loaded 2 times (x 75B)
Class kotlin.coroutines.jvm.internal.RestrictedContinuationImpl                       : loaded 2 times (x 87B)
Class org.gradle.util.internal.DefaultGradleVersion$Stage                             : loaded 2 times (x 75B)
Class com.google.common.base.Splitter$SplittingIterator                               : loaded 2 times (x 84B)
Class org.jetbrains.org.objectweb.asm.AnnotationVisitor                               : loaded 2 times (x 77B)
Class jdk.internal.jimage.decompressor.ResourceDecompressorFactory                    : loaded 2 times (x 74B)
Class com.google.common.util.concurrent.AbstractFuture$SafeAtomicHelper               : loaded 2 times (x 79B)
Class com.google.common.cache.LocalCache$LocalLoadingCache                            : loaded 2 times (x 134B)
Class com.google.common.collect.Maps$ViewCachingAbstractMap                           : loaded 2 times (x 125B)
Class com.google.common.collect.MapMakerInternalMap$Strength$1                        : loaded 2 times (x 80B)
Class org.apache.commons.io.FilenameUtils                                             : loaded 2 times (x 71B)
Class jdk.internal.jimage.decompressor.Decompressor                                   : loaded 2 times (x 72B)
Class jdk.internal.jimage.ImageReader$Resource                                        : loaded 2 times (x 84B)
Class com.google.common.reflect.TypeResolver$TypeTable$1                              : loaded 2 times (x 73B)
Class org.jetbrains.kotlin.cli.common.CompilerSystemProperties$value$1                : loaded 2 times (x 125B)
Class com.google.common.collect.Maps$EntryTransformer                                 : loaded 2 times (x 70B)
Class [Lkotlin.Pair;                                                                  : loaded 2 times (x 69B)
Class kotlin.text.StringsKt__StringNumberConversionsKt                                : loaded 2 times (x 71B)
Class kotlin.io.FilesKt__FileReadWriteKt                                              : loaded 2 times (x 71B)
Class com.google.common.collect.UsingToStringOrdering                                 : loaded 2 times (x 114B)
Class kotlin.text.MatchNamedGroupCollection                                           : loaded 2 times (x 70B)
Class kotlin.jvm.internal.markers.KMutableList                                        : loaded 2 times (x 70B)
Class org.gradle.internal.time.MonotonicClock                                         : loaded 2 times (x 77B)
Class org.gradle.internal.service.ServiceLookupException                              : loaded 2 times (x 82B)
Class kotlin.collections.CollectionsKt___CollectionsKt$asSequence$$inlined$Sequence$1 : loaded 2 times (x 75B)
Class org.gradle.internal.service.UnknownServiceException                             : loaded 2 times (x 83B)
Class org.gradle.api.internal.classpath.ModuleRegistry                                : loaded 2 times (x 70B)
Class org.gradle.internal.installation.GradleInstallation$1                           : loaded 2 times (x 75B)
Class [Lcom.google.common.base.Function;                                              : loaded 2 times (x 69B)
Class com.google.common.collect.ImmutableBiMap                                        : loaded 2 times (x 143B)
Class com.google.common.cache.CacheLoader                                             : loaded 2 times (x 74B)
Class [Lorg.objectweb.asm.SymbolTable$Entry;                                          : loaded 2 times (x 69B)
Class jdk.internal.jrtfs.JrtFileAttributes                                            : loaded 2 times (x 83B)
Class com.google.common.base.CharMatcher$JavaLetter                                   : loaded 2 times (x 111B)
Class com.google.common.collect.AbstractListMultimap                                  : loaded 2 times (x 172B)
Class com.android.builder.model.v2.models.ndk.NativeModule                            : loaded 2 times (x 70B)
Class [Lcom.google.common.cache.LocalCache$EntryFactory;                              : loaded 2 times (x 69B)
Class kotlin.sequences.SequencesKt___SequencesKt$sortedWith$1                         : loaded 2 times (x 75B)
Class org.gradle.internal.classloader.ClassLoaderFactory                              : loaded 2 times (x 70B)
Class org.jetbrains.kotlin.utils.DescriptionAware                                     : loaded 2 times (x 70B)
Class net.rubygrapefruit.platform.internal.LibraryDef                                 : loaded 2 times (x 72B)
Class [Lcom.google.common.base.Supplier;                                              : loaded 2 times (x 69B)
Class jdk.internal.jimage.ImageReader$SharedImageReader                               : loaded 2 times (x 95B)
Class org.gradle.tooling.internal.adapter.ProtocolToModelAdapter$MethodInvocationCache: loaded 2 times (x 73B)
Class com.google.common.cache.LocalCache$Segment                                      : loaded 2 times (x 154B)
Class com.android.builder.model.v2.models.Versions                                    : loaded 2 times (x 70B)
Class org.gradle.api.internal.DefaultClassPathProvider                                : loaded 2 times (x 76B)
Class com.google.common.collect.ComparatorOrdering                                    : loaded 2 times (x 115B)
Class net.rubygrapefruit.platform.internal.Platform$Linux                             : loaded 2 times (x 83B)
Class org.apache.commons.io.function.IOBiFunction                                     : loaded 2 times (x 70B)
Class [Lorg.apache.commons.io.FileSystem;                                             : loaded 2 times (x 69B)
Class com.android.builder.model.v2.ide.LibraryInfo                                    : loaded 2 times (x 70B)
Class org.apache.commons.io.CloseableURLConnection                                    : loaded 2 times (x 116B)
Class com.google.common.base.CommonPattern                                            : loaded 2 times (x 74B)
Class com.android.builder.model.v2.ide.ArtifactDependenciesAdjacencyList              : loaded 2 times (x 70B)
Class com.google.common.cache.LocalCache$LocalManualCache                             : loaded 2 times (x 99B)
Class org.gradle.internal.service.CachingServiceLocator                               : loaded 2 times (x 82B)
Class com.android.builder.model.v2.ide.Library                                        : loaded 2 times (x 70B)
Class com.google.common.reflect.TypeToken$2                                           : loaded 2 times (x 110B)
Class org.objectweb.asm.AnnotationVisitor                                             : loaded 2 times (x 78B)
Class com.google.common.collect.Sets$1                                                : loaded 2 times (x 139B)
Class com.android.ide.common.gradle.Numeric                                           : loaded 2 times (x 77B)
Class org.apache.commons.io.filefilter.ConditionalFileFilter                          : loaded 2 times (x 70B)
Class com.google.common.collect.AbstractMapBasedMultimap$AsMap$AsMapEntries           : loaded 2 times (x 138B)
Class com.google.common.collect.Streams                                               : loaded 2 times (x 71B)
Class com.google.common.collect.AbstractMapBasedMultimap$KeySet                       : loaded 2 times (x 137B)
Class com.google.common.math.IntMath                                                  : loaded 2 times (x 71B)
Class kotlin.collections.AbstractList$SubList                                         : loaded 2 times (x 198B)
Class kotlin.jvm.internal.CallableReference                                           : loaded 2 times (x 106B)
Class [Lorg.jetbrains.kotlin.cli.common.messages.CompilerMessageSeverity;             : loaded 2 times (x 69B)
Class jdk.internal.jimage.ImageReader                                                 : loaded 2 times (x 75B)
Class com.google.common.base.Splitter                                                 : loaded 2 times (x 72B)
Class com.google.common.collect.Iterators$EmptyModifiableIterator                     : loaded 2 times (x 86B)
Class kotlin.UninitializedPropertyAccessException                                     : loaded 2 times (x 82B)
Class kotlin.Metadata                                                                 : loaded 2 times (x 70B)
Class kotlin.text.MatchResult$Destructured                                            : loaded 2 times (x 72B)
Class org.jetbrains.org.objectweb.asm.tree.AnnotationNode                             : loaded 2 times (x 79B)
Class org.apache.commons.io.file.Counters$AbstractPathCounters                        : loaded 2 times (x 82B)
Class com.google.common.collect.MapMakerInternalMap$InternalEntry                     : loaded 2 times (x 70B)
Class com.google.common.reflect.Types$TypeVariableInvocationHandler                   : loaded 2 times (x 75B)
Class [Lcom.google.common.collect.HashBiMap$BiEntry;                                  : loaded 2 times (x 69B)
Class org.objectweb.asm.commons.InstructionAdapter                                    : loaded 2 times (x 188B)
Class com.google.common.collect.ImmutableMapEntry                                     : loaded 2 times (x 85B)
Class [Lorg.gradle.api.JavaVersion;                                                   : loaded 2 times (x 69B)
Class kotlin.ranges.IntRange                                                          : loaded 2 times (x 93B)
Class org.gradle.tooling.model.idea.IdeaDependencyScope                               : loaded 2 times (x 70B)
Class org.gradle.internal.time.TimeSource                                             : loaded 2 times (x 70B)
Class org.gradle.tooling.model.kotlin.dsl.KotlinDslScriptsModel                       : loaded 2 times (x 70B)
Class com.google.common.collect.ImmutableMap$IteratorBasedImmutableMap                : loaded 2 times (x 126B)
Class com.google.common.cache.LocalCache$ComputingValueReference                      : loaded 2 times (x 96B)
Class com.google.common.reflect.TypeToken$1                                           : loaded 2 times (x 110B)
Class org.gradle.tooling.internal.gradle.DefaultProjectIdentifier                     : loaded 2 times (x 86B)
Class org.jetbrains.kotlin.load.kotlin.FileBasedKotlinClass$4                         : loaded 2 times (x 87B)
Class org.jetbrains.org.objectweb.asm.tree.TableSwitchInsnNode                        : loaded 2 times (x 79B)
Class com.google.common.base.Predicates                                               : loaded 2 times (x 71B)
Class org.jetbrains.org.objectweb.asm.Type                                            : loaded 2 times (x 72B)
Class org.jetbrains.kotlin.name.FqName                                                : loaded 2 times (x 72B)
Class org.jetbrains.kotlin.cli.common.arguments.CommonCompilerArguments$Companion     : loaded 2 times (x 71B)
Class com.google.common.collect.ImmutableMultimap                                     : loaded 2 times (x 147B)
Class com.android.builder.model.v2.ide.TestInfo                                       : loaded 2 times (x 70B)
Class com.google.common.base.Equivalence                                              : loaded 2 times (x 82B)
Class [Lorg.jetbrains.org.objectweb.asm.Attribute;                                    : loaded 2 times (x 69B)
Class com.google.common.collect.ImmutableMapEntry$NonTerminalImmutableMapEntry        : loaded 2 times (x 85B)
Class org.gradle.tooling.internal.gradle.GradleBuildIdentity                          : loaded 2 times (x 70B)
Class kotlin.enums.EnumEntries                                                        : loaded 2 times (x 70B)
Class org.gradle.tooling.model.Model                                                  : loaded 2 times (x 70B)
Class kotlin.text.StringsKt__AppendableKt                                             : loaded 2 times (x 71B)
Class com.google.common.collect.ImmutableEnumMap                                      : loaded 2 times (x 126B)
Class com.google.common.base.Suppliers$SupplierOfInstance                             : loaded 2 times (x 79B)
Class org.objectweb.asm.Edge                                                          : loaded 2 times (x 72B)
Class org.jetbrains.org.objectweb.asm.TypePath                                        : loaded 2 times (x 72B)
Class com.android.builder.model.v2.ide.JavaCompileOptions                             : loaded 2 times (x 70B)
Class org.apache.commons.io.output.AbstractByteArrayOutputStream                      : loaded 2 times (x 102B)
Class [Lorg.jetbrains.kotlin.cli.common.CompilerSystemProperties;                     : loaded 2 times (x 69B)
Class com.google.common.collect.IndexedImmutableSet$1                                 : loaded 2 times (x 213B)
Class com.google.common.cache.CacheBuilder$OneWeigher                                 : loaded 2 times (x 82B)
Class com.android.builder.model.v2.ide.Variant                                        : loaded 2 times (x 70B)
Class org.gradle.tooling.internal.adapter.ProtocolToModelAdapter$MixInMappingAction   : loaded 2 times (x 80B)
Class org.gradle.internal.exceptions.ResolutionProvider                               : loaded 2 times (x 70B)
Class org.jetbrains.kotlin.load.kotlin.FileBasedKotlinClass$3                         : loaded 2 times (x 77B)
Class org.jetbrains.org.objectweb.asm.ClassWriter                                     : loaded 2 times (x 104B)
Class jdk.internal.jimage.ImageStringsReader                                          : loaded 2 times (x 80B)
Class com.google.common.collect.ListMultimap                                          : loaded 2 times (x 70B)
Class org.apache.commons.io.output.StringBuilderWriter                                : loaded 2 times (x 100B)
Class jdk.internal.jimage.ImageBufferCache                                            : loaded 2 times (x 71B)
Class jdk.internal.jrtfs.JrtPath                                                      : loaded 2 times (x 118B)
Class com.google.common.collect.Maps$EntryFunction                                    : loaded 2 times (x 91B)
Class net.rubygrapefruit.platform.internal.Platform$Unsupported                       : loaded 2 times (x 79B)
Class net.rubygrapefruit.platform.internal.Platform$FreeBSD32Bit                      : loaded 2 times (x 82B)
Class org.jetbrains.kotlin.load.kotlin.FileBasedKotlinClass                           : loaded 2 times (x 88B)
Class com.google.common.reflect.Types$ClassOwnership$1LocalClass                      : loaded 2 times (x 71B)
Class kotlin.text.MatchResult$DefaultImpls                                            : loaded 2 times (x 71B)
Class org.gradle.tooling.model.idea.IdeaCompilerOutput                                : loaded 2 times (x 70B)
Class org.gradle.tooling.model.ProjectIdentifier                                      : loaded 2 times (x 70B)
Class org.gradle.internal.classloader.ClasspathUtil                                   : loaded 2 times (x 71B)
Class [Lorg.apache.commons.io.IOCase;                                                 : loaded 2 times (x 69B)
Class com.google.common.collect.MapMakerInternalMap$StrongValueEntry                  : loaded 2 times (x 70B)
Class com.google.common.io.ByteArrayDataInput                                         : loaded 2 times (x 70B)
Class kotlin.collections.MapsKt__MapsKt                                               : loaded 2 times (x 71B)
Class com.google.gson.internal.JsonReaderInternalAccess                               : loaded 2 times (x 72B)
Class com.google.common.util.concurrent.AbstractFuture$AtomicHelper                   : loaded 2 times (x 78B)
Class [Lorg.apache.commons.io.StandardLineSeparator;                                  : loaded 2 times (x 69B)
Class org.objectweb.asm.SymbolTable$Entry                                             : loaded 2 times (x 74B)
Class net.rubygrapefruit.platform.internal.Platform$Unix                              : loaded 2 times (x 82B)
Class org.jetbrains.kotlin.metadata.jvm.deserialization.JvmMemberSignature            : loaded 2 times (x 74B)
Class org.jetbrains.kotlin.load.kotlin.header.KotlinClassHeader$Kind                  : loaded 2 times (x 79B)
Class org.jetbrains.kotlin.load.kotlin.KotlinJvmBinaryClass$AnnotationArgumentVisitor : loaded 2 times (x 70B)
Class com.android.builder.model.v2.ide.ComponentInfo                                  : loaded 2 times (x 70B)
Class org.jetbrains.kotlin.tooling.core.HasExtras                                     : loaded 2 times (x 70B)
Class com.google.common.base.Charsets                                                 : loaded 2 times (x 71B)
Class com.google.common.util.concurrent.Uninterruptibles                              : loaded 2 times (x 71B)
Class com.android.builder.model.v2.ide.ProjectType                                    : loaded 2 times (x 79B)
Class kotlin.io.FileSystemException                                                   : loaded 2 times (x 82B)
Class com.google.common.collect.ComparisonChain                                       : loaded 2 times (x 80B)
Class org.jetbrains.kotlin.cli.common.arguments.Freezable                             : loaded 2 times (x 72B)
Class com.android.builder.model.v2.models.AndroidDsl                                  : loaded 2 times (x 70B)
Class com.google.common.io.CharStreams$NullWriter                                     : loaded 2 times (x 99B)
Class org.jetbrains.kotlin.metadata.jvm.deserialization.JvmMetadataVersion            : loaded 2 times (x 74B)
Class com.google.common.collect.CollectSpliterators$1WithCharacteristics              : loaded 2 times (x 90B)
Class org.jetbrains.kotlin.load.kotlin.FileBasedKotlinClass$2                         : loaded 2 times (x 87B)
Class net.rubygrapefruit.platform.internal.Platform$Windows                           : loaded 2 times (x 79B)
Class com.google.common.io.CharSource                                                 : loaded 2 times (x 85B)
Class org.jetbrains.org.objectweb.asm.ModuleVisitor                                   : loaded 2 times (x 80B)
Class com.android.builder.model.v2.dsl.BaseConfig                                     : loaded 2 times (x 70B)
Class com.google.common.collect.Maps                                                  : loaded 2 times (x 71B)
Class org.gradle.internal.time.TimeSource$1                                           : loaded 2 times (x 77B)
Class kotlin.jvm.internal.DefaultConstructorMarker                                    : loaded 2 times (x 71B)
Class org.gradle.api.specs.Spec                                                       : loaded 2 times (x 70B)
Class com.google.common.reflect.Types$ClassOwnership$2                                : loaded 2 times (x 80B)
Class com.google.common.reflect.TypeResolver                                          : loaded 2 times (x 72B)
Class org.jetbrains.kotlin.config.JvmDefaultMode                                      : loaded 2 times (x 79B)
Class com.google.common.collect.Sets$4                                                : loaded 2 times (x 139B)
Class kotlin.collections.ArrayDeque                                                   : loaded 2 times (x 207B)
Class org.gradle.api.internal.classpath.EffectiveClassPath                            : loaded 2 times (x 90B)
Class jdk.internal.jimage.ImageReader$SharedImageReader$LocationVisitor               : loaded 2 times (x 70B)
Class org.jetbrains.kotlin.name.Name                                                  : loaded 2 times (x 75B)
Class com.google.common.collect.MapMaker                                              : loaded 2 times (x 72B)
Class org.apache.commons.io.file.PathFilter                                           : loaded 2 times (x 70B)
Class com.google.common.reflect.Types$JavaVersion                                     : loaded 2 times (x 83B)
Class [Lcom.google.common.collect.ImmutableEntry;                                     : loaded 2 times (x 69B)
Class kotlin.reflect.KFunction                                                        : loaded 2 times (x 70B)
Class com.google.common.base.JdkPattern                                               : loaded 2 times (x 75B)
Class kotlin.sequences.SequencesKt___SequencesKt$flatMap$2                            : loaded 2 times (x 125B)
Class com.google.common.collect.Ordering                                              : loaded 2 times (x 114B)
Class [Lcom.android.ide.common.repository.AgpVersion$PreviewKind;                     : loaded 2 times (x 69B)
Class [Lcom.google.common.reflect.Types$JavaVersion;                                  : loaded 2 times (x 69B)
Class com.google.common.io.Files$FileByteSource                                       : loaded 2 times (x 85B)
Class org.jetbrains.org.objectweb.asm.Symbol                                          : loaded 2 times (x 73B)
Class com.google.common.cache.LocalCache$LoadingValueReference                        : loaded 2 times (x 96B)
Class com.google.common.collect.Interners$InternerBuilder                             : loaded 2 times (x 76B)
Class org.jetbrains.kotlin.load.kotlin.FileBasedKotlinClass$1                         : loaded 2 times (x 87B)
Class [Lcom.google.common.collect.ImmutableMapEntry;                                  : loaded 2 times (x 69B)
Class org.jetbrains.org.objectweb.asm.ClassReader                                     : loaded 2 times (x 92B)
Class org.jetbrains.org.objectweb.asm.tree.FrameNode                                  : loaded 2 times (x 79B)
Class org.objectweb.asm.ModuleVisitor                                                 : loaded 2 times (x 81B)
Class net.rubygrapefruit.platform.internal.Platform                                   : loaded 2 times (x 79B)
Class com.google.common.cache.LocalCache$Strength$1                                   : loaded 2 times (x 81B)
Class net.rubygrapefruit.platform.NativeIntegrationUnavailableException               : loaded 2 times (x 82B)
Class jdk.internal.jimage.decompressor.ResourceDecompressorRepository                 : loaded 2 times (x 71B)
Class Build_gradle$1                                                                  : loaded 2 times (x 74B)
Class org.apache.commons.io.filefilter.AndFileFilter                                  : loaded 2 times (x 132B)
Class com.google.common.io.LineReader$1                                               : loaded 2 times (x 75B)
Class com.google.common.collect.CollectSpliterators                                   : loaded 2 times (x 71B)
Class com.google.common.collect.AbstractMapBasedMultimap$AsMap                        : loaded 2 times (x 128B)
Class com.google.common.collect.MapMakerInternalMap$StrongKeyDummyValueEntry          : loaded 2 times (x 82B)
Class com.google.common.reflect.Invokable$MethodInvokable                             : loaded 2 times (x 107B)
Class org.gradle.internal.classpath.ClassPath                                         : loaded 2 times (x 70B)
Class kotlin.text.StringsKt__RegexExtensionsKt                                        : loaded 2 times (x 71B)
Class kotlin.collections.EmptyIterator                                                : loaded 2 times (x 89B)
Class org.gradle.internal.time.Clock                                                  : loaded 2 times (x 70B)
Class kotlin.collections.SetsKt                                                       : loaded 2 times (x 71B)
Class kotlin.text.StringsKt__IndentKt                                                 : loaded 2 times (x 71B)
Class Settings_gradle$1                                                               : loaded 2 times (x 74B)
Class com.google.common.cache.CacheBuilder                                            : loaded 2 times (x 72B)
Class com.android.builder.model.v2.AndroidModel                                       : loaded 2 times (x 70B)
Class com.android.builder.model.v2.models.AndroidProject                              : loaded 2 times (x 70B)
Class com.android.builder.model.v2.dsl.SigningConfig                                  : loaded 2 times (x 70B)
Class jdk.internal.jimage.ImageReader$Directory                                       : loaded 2 times (x 84B)
Class Build_gradle$2                                                                  : loaded 2 times (x 78B)
Class org.jetbrains.kotlin.load.kotlin.header.ReadKotlinClassHeaderAnnotationVisitor  : loaded 2 times (x 80B)
Class com.google.common.collect.AbstractMapBasedMultimap$WrappedList                  : loaded 2 times (x 205B)
Class com.android.builder.model.v2.dsl.ProductFlavor                                  : loaded 2 times (x 70B)
Class [Lcom.android.builder.model.v2.ide.TestInfo$Execution;                          : loaded 2 times (x 69B)
Class [Lorg.objectweb.asm.AnnotationWriter;                                           : loaded 2 times (x 69B)
Class com.google.common.collect.Maps$8                                                : loaded 2 times (x 82B)
Class kotlin.io.FilePathComponents                                                    : loaded 2 times (x 72B)
Class com.google.common.collect.CompoundOrdering                                      : loaded 2 times (x 115B)
Class kotlin.sequences.SequencesKt__SequencesJVMKt                                    : loaded 2 times (x 71B)
Class kotlin.coroutines.jvm.internal.RestrictedSuspendLambda                          : loaded 2 times (x 91B)
Class org.gradle.tooling.internal.adapter.TypeInspector                               : loaded 2 times (x 73B)
Class org.gradle.tooling.internal.adapter.ProtocolToModelAdapter$NoOpDecoration       : loaded 2 times (x 79B)
Class org.gradle.tooling.model.Element                                                : loaded 2 times (x 70B)
Class kotlin.collections.AbstractList                                                 : loaded 2 times (x 197B)
Class kotlin.collections.AbstractCollection                                           : loaded 2 times (x 117B)
Class org.gradle.internal.classloader.ClassLoaderVisitor                              : loaded 2 times (x 76B)
Class org.jetbrains.kotlin.config.JvmDefaultMode$Companion                            : loaded 2 times (x 71B)
Class com.google.common.io.ByteSink                                                   : loaded 2 times (x 76B)
Class com.google.common.cache.RemovalCause                                            : loaded 2 times (x 80B)
Class org.jetbrains.org.objectweb.asm.tree.LookupSwitchInsnNode                       : loaded 2 times (x 78B)
Class kotlin.collections.AbstractList$Companion                                       : loaded 2 times (x 71B)
Class kotlin.sequences.SequencesKt___SequencesKt                                      : loaded 2 times (x 71B)
Class kotlin.text.MatcherMatchResult$groupValues$1                                    : loaded 2 times (x 198B)
Class com.google.common.base.Predicates$CompositionPredicate                          : loaded 2 times (x 88B)
Class org.jetbrains.org.objectweb.asm.tree.LineNumberNode                             : loaded 2 times (x 79B)
Class org.jetbrains.kotlin.utils.StringsKt                                            : loaded 2 times (x 71B)
Class [Lcom.google.common.collect.Iterators$EmptyModifiableIterator;                  : loaded 2 times (x 69B)
Class net.rubygrapefruit.platform.internal.jni.NativeLibraryFunctions                 : loaded 2 times (x 71B)
Class org.jetbrains.kotlin.cli.common.messages.CompilerMessageSourceLocation          : loaded 2 times (x 70B)
Class org.jetbrains.kotlin.tooling.core.Extras                                        : loaded 2 times (x 70B)
Class com.google.common.collect.Sets$SetView                                          : loaded 2 times (x 138B)
Class com.google.common.cache.LocalCache$StrongValueReference                         : loaded 2 times (x 90B)
Class com.google.common.util.concurrent.AbstractFuture$SynchronizedHelper             : loaded 2 times (x 78B)
Class kotlin.text.StringsKt__StringBuilderJVMKt                                       : loaded 2 times (x 71B)
Class kotlin.text.Regex                                                               : loaded 2 times (x 72B)
Class kotlin.sequences.SequencesKt__SequenceBuilderKt$sequence$$inlined$Sequence$1    : loaded 2 times (x 75B)
Class kotlin.Triple                                                                   : loaded 2 times (x 72B)
Class kotlin.collections.IntIterator                                                  : loaded 2 times (x 82B)
Class kotlin.text.StringsKt__StringsJVMKt                                             : loaded 2 times (x 71B)
Class org.apache.commons.io.IOUtils                                                   : loaded 2 times (x 71B)
Class com.google.common.base.ExtraObjectsMethodsForWeb                                : loaded 2 times (x 71B)
Class com.google.common.reflect.TypeToken                                             : loaded 2 times (x 73B)
Class com.google.common.collect.ReverseNaturalOrdering                                : loaded 2 times (x 114B)
Class org.jetbrains.kotlin.config.LanguageVersionSettings                             : loaded 2 times (x 70B)
Class org.jetbrains.kotlin.metadata.deserialization.BinaryVersion$Companion           : loaded 2 times (x 71B)
Class com.google.common.graph.SuccessorsFunction                                      : loaded 2 times (x 70B)
Class [Lorg.jetbrains.kotlin.config.JVMAssertionsMode;                                : loaded 2 times (x 69B)
Class org.jetbrains.kotlin.config.JVMAssertionsMode                                   : loaded 2 times (x 79B)
Class [Lcom.google.gson.stream.JsonToken;                                             : loaded 2 times (x 69B)
Class org.objectweb.asm.Type                                                          : loaded 2 times (x 72B)
Class org.gradle.tooling.model.internal.ImmutableDomainObjectSet                      : loaded 2 times (x 155B)
Class org.gradle.internal.classloader.VisitableURLClassLoader$InstrumentingVisitableURLClassLoader: loaded 2 times (x 123B)
Class com.google.common.collect.MapMakerInternalMap$Segment                           : loaded 2 times (x 142B)
Class org.jetbrains.org.objectweb.asm.ByteVector                                      : loaded 2 times (x 78B)
Class jdk.internal.jimage.decompressor.ResourceDecompressor                           : loaded 2 times (x 70B)
Class com.google.common.collect.Collections2$FilteredCollection                       : loaded 2 times (x 119B)
Class com.google.common.base.CharMatcher$None                                         : loaded 2 times (x 112B)
Class org.apache.commons.io.file.PathUtils                                            : loaded 2 times (x 71B)
Class org.apache.commons.io.file.Counters                                             : loaded 2 times (x 71B)
Class com.google.common.collect.MapMakerInternalMap$StrongKeyDummyValueEntry$Helper   : loaded 2 times (x 79B)
Class org.apache.commons.io.FileUtils                                                 : loaded 2 times (x 71B)
Class com.google.common.io.Files$FileByteSink                                         : loaded 2 times (x 77B)
Class com.android.builder.model.v2.ide.AndroidGradlePluginProjectFlags                : loaded 2 times (x 70B)
Class [Lcom.android.builder.model.v2.ide.AndroidGradlePluginProjectFlags$BooleanFlag; : loaded 2 times (x 69B)
Class com.android.builder.model.v2.ide.BasicVariant                                   : loaded 2 times (x 70B)
Class org.objectweb.asm.ByteVector                                                    : loaded 2 times (x 79B)
Class [Lcom.google.common.cache.CacheBuilder$NullListener;                            : loaded 2 times (x 69B)
Class com.google.common.math.IntMath$1                                                : loaded 2 times (x 71B)
Class kotlin.comparisons.ComparisonsKt__ComparisonsKt                                 : loaded 2 times (x 71B)
Class kotlin.ranges.RangesKt__RangesKt                                                : loaded 2 times (x 71B)
Class kotlin.collections.SetsKt___SetsKt                                              : loaded 2 times (x 71B)
Class kotlin.sequences.SequencesKt__SequencesKt                                       : loaded 2 times (x 71B)
Class kotlin.coroutines.Continuation                                                  : loaded 2 times (x 70B)
Class org.gradle.internal.classloader.VisitableURLClassLoader$Spec                    : loaded 2 times (x 74B)
Class org.gradle.internal.classpath.DefaultClassPath                                  : loaded 2 times (x 90B)
Class net.rubygrapefruit.platform.internal.Platform$MacOs64Bit                        : loaded 2 times (x 82B)
Class org.gradle.internal.classpath.DefaultClassPath$ImmutableUniqueList              : loaded 2 times (x 199B)
Class [Lcom.google.common.collect.AbstractIterator$State;                             : loaded 2 times (x 69B)
Class org.jetbrains.org.objectweb.asm.ClassVisitor                                    : loaded 2 times (x 87B)
Class org.gradle.api.internal.ClassPathRegistry                                       : loaded 2 times (x 70B)
Class kotlin.ranges.ClosedRange                                                       : loaded 2 times (x 70B)
Class com.google.common.io.ByteSource$ConcatenatedByteSource                          : loaded 2 times (x 85B)
Class com.google.common.collect.Multimap                                              : loaded 2 times (x 70B)
Class com.google.common.primitives.IntsMethodsForWeb                                  : loaded 2 times (x 71B)
Class jdk.internal.jimage.decompressor.ZipDecompressorFactory                         : loaded 2 times (x 74B)
Class com.google.common.base.AbstractIterator                                         : loaded 2 times (x 80B)
Class com.google.common.reflect.Types$ClassOwnership                                  : loaded 2 times (x 80B)
Class com.android.builder.model.v2.ide.BundleInfo                                     : loaded 2 times (x 70B)
Class com.android.builder.model.v2.ide.SourceProvider                                 : loaded 2 times (x 70B)
Class org.objectweb.asm.Symbol                                                        : loaded 2 times (x 73B)
Class kotlin.sequences.FilteringSequence                                              : loaded 2 times (x 75B)
Class kotlin.text.CharsKt__CharJVMKt                                                  : loaded 2 times (x 71B)
Class kotlin.comparisons.ComparisonsKt                                                : loaded 2 times (x 71B)
Class kotlin.comparisons.ComparisonsKt___ComparisonsKt                                : loaded 2 times (x 71B)
Class kotlin.coroutines.jvm.internal.BaseContinuationImpl                             : loaded 2 times (x 87B)
Class kotlin.Result$Companion                                                         : loaded 2 times (x 71B)
Class org.gradle.util.internal.DefaultGradleVersion                                   : loaded 2 times (x 80B)
Class com.android.builder.model.v2.ide.JavaArtifact                                   : loaded 2 times (x 70B)
Class com.google.common.collect.ImmutableMultimap$Keys                                : loaded 2 times (x 166B)
Class [Lorg.jetbrains.kotlin.config.JvmDefaultMode;                                   : loaded 2 times (x 69B)
Class org.jetbrains.kotlin.cli.common.messages.MessageCollector                       : loaded 2 times (x 70B)
Class com.google.common.collect.Sets$FilteredSet                                      : loaded 2 times (x 137B)
Class com.google.common.io.Java8Compatibility                                         : loaded 2 times (x 71B)
Class com.google.common.io.Closer                                                     : loaded 2 times (x 78B)
Class com.google.common.base.CharMatcher$Ascii                                        : loaded 2 times (x 112B)
Class com.google.common.reflect.Invokable$ConstructorInvokable                        : loaded 2 times (x 107B)
Class com.google.common.collect.RegularImmutableMap$Values                            : loaded 2 times (x 207B)
Class org.apache.commons.io.file.DeleteOption                                         : loaded 2 times (x 70B)
Class org.gradle.internal.classloader.ClassLoaderSpec                                 : loaded 2 times (x 71B)
Class org.jetbrains.kotlin.load.java.JvmAbi                                           : loaded 2 times (x 71B)
Class net.rubygrapefruit.platform.NativeIntegrationLinkageException                   : loaded 2 times (x 82B)
Class com.google.common.collect.Maps$EntryFunction$2                                  : loaded 2 times (x 91B)
Class org.jetbrains.kotlin.cli.common.messages.CompilerMessageSeverity                : loaded 2 times (x 79B)
Class org.apache.commons.io.file.Counters$Counter                                     : loaded 2 times (x 70B)
Class org.gradle.api.internal.DefaultClassPathRegistry                                : loaded 2 times (x 76B)
Class org.gradle.tooling.internal.gradle.GradleProjectIdentity                        : loaded 2 times (x 70B)
Class com.google.common.cache.RemovalListener                                         : loaded 2 times (x 70B)
Class org.jetbrains.kotlin.cli.common.arguments.CommonToolArguments$Companion         : loaded 2 times (x 71B)
Class com.google.common.collect.AbstractMapBasedMultimap$WrappedCollection$WrappedIterator: loaded 2 times (x 84B)
Class com.google.common.io.ByteSource$EmptyByteSource                                 : loaded 2 times (x 85B)
Class net.rubygrapefruit.platform.internal.Platform$MacOs32Bit                        : loaded 2 times (x 82B)
Class net.rubygrapefruit.platform.internal.Platform$Linux64Bit                        : loaded 2 times (x 83B)
Class org.jetbrains.org.objectweb.asm.tree.AbstractInsnNode                           : loaded 2 times (x 78B)
Class org.objectweb.asm.AnnotationWriter                                              : loaded 2 times (x 79B)
Class com.google.common.cache.CacheStats                                              : loaded 2 times (x 71B)
Class kotlin.jvm.internal.FunctionReferenceImpl                                       : loaded 2 times (x 122B)
Class kotlin.collections.CollectionsKt___CollectionsJvmKt                             : loaded 2 times (x 71B)
Class com.google.common.base.Present                                                  : loaded 2 times (x 81B)
Class org.jetbrains.org.objectweb.asm.MethodVisitor                                   : loaded 2 times (x 104B)
Class org.jetbrains.org.objectweb.asm.FieldWriter                                     : loaded 2 times (x 77B)
Class org.jetbrains.org.objectweb.asm.tree.VarInsnNode                                : loaded 2 times (x 79B)
Class net.rubygrapefruit.platform.internal.FunctionResult                             : loaded 2 times (x 77B)
Class org.jetbrains.kotlin.load.kotlin.header.KotlinClassHeader$Kind$Companion        : loaded 2 times (x 71B)
Class com.google.common.collect.Interners                                             : loaded 2 times (x 71B)
Class com.google.common.io.Closer$Suppressor                                          : loaded 2 times (x 70B)
Class com.google.common.io.LineProcessor                                              : loaded 2 times (x 70B)
Class com.google.common.collect.ImmutableMultisetGwtSerializationDependencies         : loaded 2 times (x 125B)
Class org.objectweb.asm.RecordComponentWriter                                         : loaded 2 times (x 78B)
Class [Lcom.android.builder.model.v2.ide.ProjectType;                                 : loaded 2 times (x 69B)
Class com.google.common.util.concurrent.AbstractFuture$Listener                       : loaded 2 times (x 72B)
Class com.google.common.collect.Maps$EntryFunction$1                                  : loaded 2 times (x 91B)
Class Settings_gradle$1$1                                                             : loaded 2 times (x 74B)
Class kotlin.TuplesKt                                                                 : loaded 2 times (x 71B)
Class kotlin.jvm.internal.markers.KMutableIterable                                    : loaded 2 times (x 70B)
Class kotlin.sequences.SequencesKt___SequencesJvmKt                                   : loaded 2 times (x 71B)
Class org.gradle.tooling.internal.adapter.ProtocolToModelAdapter$DefaultViewBuilder   : loaded 2 times (x 80B)
Class kotlin.Unit                                                                     : loaded 2 times (x 71B)
Class com.google.common.reflect.Types$ClassOwnership$3                                : loaded 2 times (x 71B)
Class org.apache.commons.io.output.QueueOutputStream                                  : loaded 2 times (x 87B)
Class com.google.common.util.concurrent.SettableFuture                                : loaded 2 times (x 114B)
Class com.google.common.cache.LocalCache$Strength$2                                   : loaded 2 times (x 81B)
Class com.google.common.collect.ImmutableMap$Builder                                  : loaded 2 times (x 82B)
Class [Lcom.android.builder.model.v2.ide.AaptOptions$Namespacing;                     : loaded 2 times (x 69B)
Class com.android.ide.common.gradle.Version$Companion$ParseState                      : loaded 2 times (x 70B)
Class org.objectweb.asm.Attribute                                                     : loaded 2 times (x 77B)
Class com.google.common.base.Supplier                                                 : loaded 2 times (x 70B)
Class kotlin.ranges.RangesKt                                                          : loaded 2 times (x 71B)
Class org.gradle.tooling.internal.adapter.ProtocolToModelAdapter$ViewGraphDetails$1   : loaded 2 times (x 77B)
Class org.gradle.internal.classloader.VisitableURLClassLoader                         : loaded 2 times (x 117B)
Class com.google.common.util.concurrent.AbstractFuture$Cancellation                   : loaded 2 times (x 72B)
Class com.google.common.io.Files$2                                                    : loaded 2 times (x 76B)
Class com.google.common.base.NullnessCasts                                            : loaded 2 times (x 71B)
Class org.apache.commons.io.filefilter.IOFileFilter                                   : loaded 2 times (x 70B)
Class org.gradle.internal.classloader.DefaultClassLoaderFactory                       : loaded 2 times (x 82B)
Class com.google.common.base.Suppliers                                                : loaded 2 times (x 71B)
Class [Lcom.google.common.cache.CacheBuilder$OneWeigher;                              : loaded 2 times (x 69B)
Class org.objectweb.asm.MethodTooLargeException                                       : loaded 2 times (x 83B)
Class com.google.common.base.Platform$JdkPatternCompiler                              : loaded 2 times (x 75B)
Class com.google.common.io.AppendableWriter                                           : loaded 2 times (x 100B)
Class net.rubygrapefruit.platform.internal.FunctionResult$Failure                     : loaded 2 times (x 79B)
Class net.rubygrapefruit.platform.internal.NativeLibraryLoader                        : loaded 2 times (x 73B)
Class com.google.common.collect.ImmutableList$SerializedForm                          : loaded 2 times (x 73B)
Class org.apache.commons.io.file.PathVisitor                                          : loaded 2 times (x 70B)
Class com.google.common.util.concurrent.AbstractFuture$Waiter                         : loaded 2 times (x 72B)
Class com.android.ide.common.repository.AgpVersion$Companion                          : loaded 2 times (x 71B)
Class Settings_gradle                                                                 : loaded 2 times (x 128B)
Class kotlin.sequences.FlatteningSequence$iterator$1                                  : loaded 2 times (x 79B)
Class kotlin.jvm.functions.Function0                                                  : loaded 2 times (x 70B)
Class kotlin.collections.ArraysUtilJVM                                                : loaded 2 times (x 71B)
Class ijJvmDebugger1_1k8xvb9ewhj9g1p8x0hni0i5                                         : loaded 2 times (x 179B)
Class com.google.gson.stream.JsonReader$1                                             : loaded 2 times (x 72B)
Class org.gradle.tooling.model.idea.IdeaDependency                                    : loaded 2 times (x 70B)
Class ijKotlinCoroutineJvmDebugInit1_5kht3hc33e8n22af9yo7nrv63$_run_closure1$_closure2: loaded 2 times (x 139B)
Class com.google.common.cache.Cache                                                   : loaded 2 times (x 70B)
Class com.google.common.cache.LocalCache$Strength                                     : loaded 2 times (x 81B)
Class com.google.common.base.Stopwatch                                                : loaded 2 times (x 72B)
Class com.google.common.collect.MapMakerInternalMap$Strength                          : loaded 2 times (x 80B)
Class org.jetbrains.kotlin.cli.common.arguments.K2JVMCompilerArguments$Companion      : loaded 2 times (x 71B)
Class org.jetbrains.kotlin.config.ApiVersion                                          : loaded 2 times (x 86B)
Class jdk.internal.jimage.decompressor.ZipDecompressor                                : loaded 2 times (x 75B)
Class org.jetbrains.org.objectweb.asm.tree.TypeInsnNode                               : loaded 2 times (x 79B)
Class com.google.common.collect.MapMakerInternalMap                                   : loaded 2 times (x 161B)
Class com.android.builder.model.v2.ide.AaptOptions                                    : loaded 2 times (x 70B)
Class [Lcom.android.builder.model.v2.ide.BytecodeTransformation;                      : loaded 2 times (x 69B)
Class com.google.common.collect.HashBiMap                                             : loaded 2 times (x 143B)
Class com.google.common.base.Strings                                                  : loaded 2 times (x 71B)
Class com.android.ide.common.gradle.Version$Companion                                 : loaded 2 times (x 71B)
Class com.google.common.collect.Sets                                                  : loaded 2 times (x 71B)
Class org.objectweb.asm.Handler                                                       : loaded 2 times (x 72B)
Class org.apache.commons.io.Charsets                                                  : loaded 2 times (x 71B)
Class com.google.common.base.Ticker                                                   : loaded 2 times (x 72B)
Class kotlin.collections.AbstractMutableList                                          : loaded 2 times (x 206B)
Class kotlin.jvm.functions.Function1                                                  : loaded 2 times (x 70B)
Class org.apache.commons.io.file.Counters$PathCounters                                : loaded 2 times (x 70B)
Class jdk.internal.jimage.ImageHeader                                                 : loaded 2 times (x 71B)
Class org.gradle.api.JavaVersion                                                      : loaded 2 times (x 79B)
Class org.gradle.tooling.model.Dependency                                             : loaded 2 times (x 70B)
Class com.google.common.collect.MapMakerInternalMap$StrongKeyDummyValueEntry$LinkedStrongKeyDummyValueEntry: loaded 2 times (x 82B)
Class org.gradle.api.internal.classpath.UnknownModuleException                        : loaded 2 times (x 82B)
Class org.jetbrains.kotlin.name.FqNameUnsafe$1                                        : loaded 2 times (x 74B)
Class kotlin.internal.ProgressionUtilKt                                               : loaded 2 times (x 71B)
Class kotlin.io.FileAlreadyExistsException                                            : loaded 2 times (x 82B)
Class [Lorg.jetbrains.kotlin.load.kotlin.header.KotlinClassHeader$Kind;               : loaded 2 times (x 69B)
Class com.google.common.cache.RemovalCause$1                                          : loaded 2 times (x 80B)
Class com.android.builder.model.v2.models.ndk.NativeModelBuilderParameter             : loaded 2 times (x 70B)
Class [Lcom.google.common.cache.LocalCache$Segment;                                   : loaded 2 times (x 69B)
Class com.google.common.cache.Weigher                                                 : loaded 2 times (x 70B)
Class [Lcom.google.common.cache.LocalCache$Strength;                                  : loaded 2 times (x 69B)
Class com.google.common.cache.CacheBuilder$1                                          : loaded 2 times (x 85B)
Class com.google.common.collect.ImmutableMap                                          : loaded 2 times (x 120B)
Class kotlin.KotlinNothingValueException                                              : loaded 2 times (x 82B)
Class kotlin.jvm.functions.Function2                                                  : loaded 2 times (x 70B)
Class org.gradle.internal.classpath.DefaultClassPath$ImmutableUniqueList$Builder      : loaded 2 times (x 75B)
Class org.gradle.api.internal.classpath.Module                                        : loaded 2 times (x 70B)
Class kotlin.Function                                                                 : loaded 2 times (x 70B)
Class org.gradle.tooling.internal.gradle.DefaultBuildIdentifier                       : loaded 2 times (x 79B)
Class org.gradle.tooling.internal.adapter.ProtocolToModelAdapter$AdaptingMethodInvoker: loaded 2 times (x 76B)
Class kotlin.collections.SetsKt__SetsJVMKt                                            : loaded 2 times (x 71B)
Class com.google.common.collect.ImmutableMapEntrySet                                  : loaded 2 times (x 152B)
Class org.gradle.internal.operations.MultipleBuildOperationFailures                   : loaded 2 times (x 95B)
Class com.google.common.cache.RemovalCause$2                                          : loaded 2 times (x 80B)
Class com.google.common.collect.MapMakerInternalMap$WeakValueReference                : loaded 2 times (x 70B)
Class org.apache.commons.io.output.NullOutputStream                                   : loaded 2 times (x 85B)
Class com.google.gson.stream.JsonToken                                                : loaded 2 times (x 79B)
Class [Lcom.google.common.collect.Maps$EntryFunction;                                 : loaded 2 times (x 69B)
Class com.google.common.cache.LocalCache                                              : loaded 2 times (x 187B)
Class com.google.common.cache.CacheBuilder$2                                          : loaded 2 times (x 79B)
Class kotlin.collections.MapsKt___MapsJvmKt                                           : loaded 2 times (x 71B)
Class org.gradle.tooling.internal.adapter.WeakIdentityHashMap$AbsentValueProvider     : loaded 2 times (x 70B)
Class net.rubygrapefruit.platform.internal.Platform$Posix                             : loaded 2 times (x 81B)
Class org.apache.commons.io.IOCase                                                    : loaded 2 times (x 80B)
Class com.google.common.collect.Interners$InternerImpl                                : loaded 2 times (x 75B)
Class com.google.common.collect.Interner                                              : loaded 2 times (x 70B)
Class org.gradle.internal.time.DefaultCountdownTimer                                  : loaded 2 times (x 88B)
Class kotlin.collections.ArraysKt__ArraysKt                                           : loaded 2 times (x 71B)
Class org.gradle.tooling.internal.adapter.MethodInvocation                            : loaded 2 times (x 85B)
Class kotlin.sequences.TransformingSequence                                           : loaded 2 times (x 75B)
Class org.jetbrains.org.objectweb.asm.tree.IincInsnNode                               : loaded 2 times (x 78B)
Class org.jetbrains.org.objectweb.asm.tree.MultiANewArrayInsnNode                     : loaded 2 times (x 79B)
Class com.google.common.cache.RemovalCause$3                                          : loaded 2 times (x 80B)
Class org.jetbrains.kotlin.config.LanguageVersion                                     : loaded 2 times (x 91B)
Class org.jetbrains.kotlin.cli.common.arguments.K2JVMCompilerArguments                : loaded 2 times (x 81B)
Class com.google.common.collect.ArrayListMultimap                                     : loaded 2 times (x 172B)
Class com.google.common.cache.CacheBuilder$3                                          : loaded 2 times (x 72B)
Class [Lcom.google.common.collect.AbstractMapEntry;                                   : loaded 2 times (x 69B)
Class com.google.common.collect.ImmutableEntry                                        : loaded 2 times (x 82B)
Class kotlin.jvm.functions.Function4                                                  : loaded 2 times (x 70B)
Class kotlin.collections.EmptySet                                                     : loaded 2 times (x 122B)
Class kotlin.annotation.Target                                                        : loaded 2 times (x 70B)
Class kotlin.collections.CollectionsKt___CollectionsKt                                : loaded 2 times (x 71B)
Class kotlin.Result$Failure                                                           : loaded 2 times (x 72B)
Class org.gradle.internal.exceptions.NonGradleCauseExceptionsHolder                   : loaded 2 times (x 70B)
Class org.gradle.tooling.model.idea.IdeaModuleDependency                              : loaded 2 times (x 70B)
Class org.gradle.tooling.internal.adapter.ViewBuilder                                 : loaded 2 times (x 70B)
Class com.google.common.math.MathPreconditions                                        : loaded 2 times (x 71B)
Class com.google.common.collect.ArrayListMultimapGwtSerializationDependencies         : loaded 2 times (x 172B)
Class com.google.common.collect.Multiset                                              : loaded 2 times (x 70B)
Class com.google.common.collect.ObjectArrays                                          : loaded 2 times (x 71B)
Class com.android.builder.model.v2.models.ProjectSyncIssues                           : loaded 2 times (x 70B)
Class org.apache.commons.io.file.CountingPathVisitor                                  : loaded 2 times (x 91B)
Class com.google.common.collect.FluentIterable$3                                      : loaded 2 times (x 81B)
Class org.jetbrains.org.objectweb.asm.FieldVisitor                                    : loaded 2 times (x 76B)
Class org.objectweb.asm.ClassVisitor                                                  : loaded 2 times (x 88B)
Class [Lorg.objectweb.asm.Symbol;                                                     : loaded 2 times (x 69B)
Class org.jetbrains.org.objectweb.asm.tree.JumpInsnNode                               : loaded 2 times (x 79B)
Class jdk.internal.jimage.ImageStrings                                                : loaded 2 times (x 70B)
Class org.jetbrains.org.objectweb.asm.SymbolTable$Entry                               : loaded 2 times (x 74B)
Class org.jetbrains.org.objectweb.asm.tree.LocalVariableAnnotationNode                : loaded 2 times (x 81B)
Class org.jetbrains.kotlin.metadata.deserialization.BinaryVersion                     : loaded 2 times (x 74B)
Class com.google.common.cache.RemovalCause$4                                          : loaded 2 times (x 80B)
Class com.google.common.base.Suppliers$MemoizingSupplier                              : loaded 2 times (x 79B)
Class com.android.builder.model.v2.ide.AndroidLibraryData                             : loaded 2 times (x 70B)
Class com.android.builder.model.v2.ide.ApiVersion                                     : loaded 2 times (x 70B)
Class org.apache.commons.io.StandardLineSeparator                                     : loaded 2 times (x 79B)
Class com.android.ide.common.gradle.Version                                           : loaded 2 times (x 75B)
Class com.google.common.collect.CollectPreconditions                                  : loaded 2 times (x 71B)
Class gnu.trove.Equality                                                              : loaded 2 times (x 70B)
Class kotlin.text.StringsKt___StringsJvmKt                                            : loaded 2 times (x 71B)
Class kotlin.reflect.KDeclarationContainer                                            : loaded 2 times (x 70B)
Class kotlin.annotation.Retention                                                     : loaded 2 times (x 70B)
Class com.google.common.collect.TransformedIterator                                   : loaded 2 times (x 80B)
Class com.google.common.base.Splitter$1                                               : loaded 2 times (x 77B)
Class com.google.common.io.ByteStreams                                                : loaded 2 times (x 71B)
Class com.android.builder.model.v2.ide.AbstractArtifact                               : loaded 2 times (x 70B)
Class com.android.utils.FileUtils                                                     : loaded 2 times (x 71B)
Class com.google.common.cache.LocalCache$Strength$3                                   : loaded 2 times (x 81B)
Class com.google.common.collect.MapDifference                                         : loaded 2 times (x 70B)
Class com.android.builder.model.v2.ide.AaptOptions$Namespacing                        : loaded 2 times (x 79B)
Class com.google.common.collect.Maps$AbstractFilteredMap                              : loaded 2 times (x 127B)
Class org.jetbrains.org.objectweb.asm.tree.InvokeDynamicInsnNode                      : loaded 2 times (x 78B)
Class com.google.common.cache.RemovalCause$5                                          : loaded 2 times (x 80B)
Class [Lcom.google.common.collect.MapMakerInternalMap$Strength;                       : loaded 2 times (x 69B)
Class [Lcom.google.common.io.FileWriteMode;                                           : loaded 2 times (x 69B)
Class com.android.builder.model.v2.models.Versions$Version                            : loaded 2 times (x 70B)
Class com.google.common.collect.SortedMapDifference                                   : loaded 2 times (x 70B)
Class kotlin.io.FilesKt                                                               : loaded 2 times (x 71B)
Class kotlin.collections.MapsKt___MapsKt                                              : loaded 2 times (x 71B)
Class kotlin.collections.ArraysKt___ArraysKt                                          : loaded 2 times (x 71B)
Class ijKotlinCoroutineJvmDebugInit1_5kht3hc33e8n22af9yo7nrv63$_run_closure1          : loaded 2 times (x 139B)
Class kotlin.text.StringsKt__RegexExtensionsJVMKt                                     : loaded 2 times (x 71B)
Class com.google.common.collect.ComparisonChain$1                                     : loaded 2 times (x 81B)
Class org.jetbrains.kotlin.config.ExplicitApiMode$Companion                           : loaded 2 times (x 71B)
Class com.google.common.reflect.TypeCapture                                           : loaded 2 times (x 71B)
Class com.google.common.collect.TransformedListIterator                               : loaded 2 times (x 93B)
Class org.gradle.tooling.internal.adapter.ProtocolToModelAdapter$PropertyCachingMethodInvoker: loaded 2 times (x 76B)
Class com.google.common.cache.LocalCache$Values                                       : loaded 2 times (x 118B)
Class Build_gradle$1$1                                                                : loaded 2 times (x 78B)
Class net.rubygrapefruit.platform.internal.NativeLibraryLocator                       : loaded 2 times (x 73B)
Class net.rubygrapefruit.platform.Process                                             : loaded 2 times (x 70B)
Class [Lorg.jetbrains.org.objectweb.asm.Symbol;                                       : loaded 2 times (x 69B)
Class com.google.common.collect.Iterables$4                                           : loaded 2 times (x 81B)
Class com.google.common.collect.MapMakerInternalMap$StrongKeyDummyValueSegment        : loaded 2 times (x 142B)
Class com.google.common.io.Files                                                      : loaded 2 times (x 71B)
Class org.jetbrains.kotlin.cli.common.arguments.CommonCompilerArguments               : loaded 2 times (x 80B)
Class com.google.common.cache.LocalCache$WriteThroughEntry                            : loaded 2 times (x 79B)
Class com.google.common.cache.LocalCache$HashIterator                                 : loaded 2 times (x 86B)
Class com.google.common.cache.LocalCache$EntryFactory                                 : loaded 2 times (x 83B)
Class gnu.trove.TObjectHashingStrategy                                                : loaded 2 times (x 70B)
Class kotlin.collections.MapsKt__MapWithDefaultKt                                     : loaded 2 times (x 71B)
Class org.gradle.tooling.internal.adapter.ProtocolToModelAdapter$ReflectionMethodInvoker: loaded 2 times (x 76B)
Class kotlin.ResultKt                                                                 : loaded 2 times (x 71B)
Class com.google.common.collect.NullsFirstOrdering                                    : loaded 2 times (x 115B)
Class com.android.ide.common.repository.AgpVersion                                    : loaded 2 times (x 75B)
Class com.google.common.primitives.Ints                                               : loaded 2 times (x 71B)
Class com.android.builder.model.v2.CustomSourceDirectory                              : loaded 2 times (x 70B)
Class com.google.common.reflect.Reflection                                            : loaded 2 times (x 71B)
Class org.apache.commons.io.function.IOFunction                                       : loaded 2 times (x 70B)
Class org.jetbrains.org.objectweb.asm.tree.FieldInsnNode                              : loaded 2 times (x 79B)
Class jdk.internal.jimage.decompressor.StringSharingDecompressorFactory               : loaded 2 times (x 74B)
Class com.google.common.collect.FluentIterable$2                                      : loaded 2 times (x 81B)
Class com.google.common.base.Absent                                                   : loaded 2 times (x 80B)
Class com.google.common.collect.Iterables$5                                           : loaded 2 times (x 81B)
Class [Lcom.google.common.collect.MapMaker$Dummy;                                     : loaded 2 times (x 69B)
Class com.google.common.base.CharMatcher$Whitespace                                   : loaded 2 times (x 112B)
Class com.google.common.base.Splitter$1$1                                             : loaded 2 times (x 86B)
Class com.google.common.reflect.Types$NativeTypeVariableEquals                        : loaded 2 times (x 71B)
Class com.google.common.reflect.TypeParameter                                         : loaded 2 times (x 72B)
Class [Lcom.android.ide.common.gradle.Separator;                                      : loaded 2 times (x 69B)
Class org.jetbrains.kotlin.tooling.core.HasMutableExtras                              : loaded 2 times (x 70B)
Class com.google.common.cache.LocalCache$AbstractReferenceEntry                       : loaded 2 times (x 107B)
Class kotlin.text.StringsKt___StringsKt                                               : loaded 2 times (x 71B)
Class com.google.common.collect.NullsLastOrdering                                     : loaded 2 times (x 115B)
Class kotlin.collections.CollectionsKt__MutableCollectionsJVMKt                       : loaded 2 times (x 71B)
Class org.jetbrains.kotlin.name.ClassId                                               : loaded 2 times (x 72B)
Class kotlin.enums.EnumEntriesKt                                                      : loaded 2 times (x 71B)
Class com.google.common.collect.AllEqualOrdering                                      : loaded 2 times (x 114B)
Class org.gradle.api.internal.classpath.DefaultModuleRegistry$DefaultModule           : loaded 2 times (x 86B)
Class org.gradle.tooling.internal.adapter.ProtocolToModelAdapter$ViewKey              : loaded 2 times (x 72B)
Class com.google.common.collect.BiMap                                                 : loaded 2 times (x 70B)
Class com.google.common.collect.ImmutableMap$1                                        : loaded 2 times (x 81B)
Class org.jetbrains.org.objectweb.asm.Attribute                                       : loaded 2 times (x 77B)
Class org.jetbrains.org.objectweb.asm.Label                                           : loaded 2 times (x 73B)
Class org.apache.commons.io.filefilter.TrueFileFilter                                 : loaded 2 times (x 99B)
Class com.google.common.collect.ImmutableMapKeySet                                    : loaded 2 times (x 152B)
Class com.google.common.collect.IndexedImmutableSet                                   : loaded 2 times (x 152B)
Class com.android.builder.model.v2.models.VariantDependencies                         : loaded 2 times (x 70B)
Class org.objectweb.asm.SymbolTable                                                   : loaded 2 times (x 72B)
Class com.google.common.cache.CacheLoader$InvalidCacheLoadException                   : loaded 2 times (x 82B)
Class org.objectweb.asm.FieldVisitor                                                  : loaded 2 times (x 77B)
Class org.gradle.internal.classloader.SystemClassLoaderSpec                           : loaded 2 times (x 71B)
Class ijJvmDebugger1_1k8xvb9ewhj9g1p8x0hni0i5$_run_closure1                           : loaded 2 times (x 139B)
Class com.google.common.base.Objects                                                  : loaded 2 times (x 71B)
Class com.google.common.collect.FluentIterable$1                                      : loaded 2 times (x 81B)
Class org.gradle.tooling.internal.adapter.TargetTypeProvider                          : loaded 2 times (x 70B)
Class jdk.internal.jimage.ImageBufferCache$2                                          : loaded 2 times (x 91B)
Class org.jetbrains.org.objectweb.asm.Frame                                           : loaded 2 times (x 73B)
Class com.google.common.collect.FluentIterable                                        : loaded 2 times (x 81B)
Class com.android.builder.model.v2.ide.TestedTargetVariant                            : loaded 2 times (x 70B)
Class com.google.common.cache.LocalCache$StrongEntry                                  : loaded 2 times (x 108B)
Class com.google.common.util.concurrent.AbstractFuture$TrustedFuture                  : loaded 2 times (x 114B)
Class com.google.common.cache.LoadingCache                                            : loaded 2 times (x 70B)
Class kotlin.ranges.IntRange$Companion                                                : loaded 2 times (x 71B)
Class kotlin.text.MatcherMatchResult$groups$1                                         : loaded 2 times (x 151B)
Class kotlin.collections.EmptyMap                                                     : loaded 2 times (x 108B)
Class kotlin.reflect.KAnnotatedElement                                                : loaded 2 times (x 70B)
Class kotlin.jvm.internal.markers.KMutableCollection                                  : loaded 2 times (x 70B)
Class kotlin.coroutines.intrinsics.IntrinsicsKt                                       : loaded 2 times (x 71B)
Class org.gradle.internal.exceptions.MultiCauseException                              : loaded 2 times (x 70B)
Class org.gradle.internal.time.CountdownTimer                                         : loaded 2 times (x 70B)
Class kotlin.jvm.internal.Intrinsics                                                  : loaded 2 times (x 71B)
Class kotlin.collections.ArraysKt___ArraysJvmKt                                       : loaded 2 times (x 71B)
Class kotlin.collections.CollectionsKt__CollectionsKt                                 : loaded 2 times (x 71B)
Class org.gradle.internal.classloader.ClasspathUtil$1                                 : loaded 2 times (x 76B)
Class kotlin.ranges.IntProgression$Companion                                          : loaded 2 times (x 71B)
Class com.google.common.collect.ImmutableMap$MapViewOfValuesAsSingletonSets           : loaded 2 times (x 126B)
Class org.gradle.internal.time.DefaultTimer                                           : loaded 2 times (x 80B)
Class jdk.internal.jrtfs.JrtFileSystem                                                : loaded 2 times (x 102B)
Class net.rubygrapefruit.platform.ProcessLauncher                                     : loaded 2 times (x 70B)
Class org.jetbrains.kotlin.load.kotlin.FileBasedKotlinClass$InnerClassesInfo          : loaded 2 times (x 74B)
Class com.google.common.base.Suppliers$NonSerializableMemoizingSupplier               : loaded 2 times (x 79B)
Class com.google.common.io.ByteStreams$LimitedInputStream                             : loaded 2 times (x 92B)
Class org.objectweb.asm.MethodWriter                                                  : loaded 2 times (x 106B)
Class [Lcom.google.common.cache.Weigher;                                              : loaded 2 times (x 69B)
Class com.google.common.collect.RegularImmutableMap$BucketOverflowException           : loaded 2 times (x 82B)
Class kotlin.collections.MapsKt                                                       : loaded 2 times (x 71B)
Class kotlin.coroutines.intrinsics.CoroutineSingletons                                : loaded 2 times (x 79B)
Class kotlin.collections.CollectionsKt__IterablesKt                                   : loaded 2 times (x 71B)
Class org.gradle.tooling.model.ProjectModel                                           : loaded 2 times (x 70B)
Class com.google.common.collect.RegularImmutableMap                                   : loaded 2 times (x 121B)
Class kotlin.collections.EmptyList                                                    : loaded 2 times (x 174B)
Class com.google.gson.stream.MalformedJsonException                                   : loaded 2 times (x 82B)
Class com.android.builder.model.v2.ide.AndroidArtifact                                : loaded 2 times (x 70B)
Class com.google.common.io.ByteArrayDataOutput                                        : loaded 2 times (x 70B)
Class kotlin.collections.MapsKt__MapsJVMKt                                            : loaded 2 times (x 71B)
Class com.google.common.cache.CacheLoader$UnsupportedLoadingOperationException        : loaded 2 times (x 82B)
Class jdk.internal.jimage.decompressor.CompressedResourceHeader                       : loaded 2 times (x 71B)
Class org.jetbrains.org.objectweb.asm.tree.TypeAnnotationNode                         : loaded 2 times (x 80B)
Class com.google.common.collect.AbstractMapBasedMultimap$RandomAccessWrappedList      : loaded 2 times (x 205B)
Class com.google.common.collect.ImmutableMultimap$1                                   : loaded 2 times (x 82B)
Class org.jetbrains.kotlin.cli.common.CompilerSystemProperties$Companion              : loaded 2 times (x 71B)
Class com.android.ide.common.gradle.Version$Companion$ParseState$EMPTY                : loaded 2 times (x 74B)
Class kotlin.ranges.OpenEndRange                                                      : loaded 2 times (x 70B)
Class kotlin.sequences.SequenceBuilderIterator                                        : loaded 2 times (x 85B)
Class kotlin.KotlinNullPointerException                                               : loaded 2 times (x 83B)
Class org.objectweb.asm.ClassWriter                                                   : loaded 2 times (x 106B)
Class org.apache.commons.io.FileSystem                                                : loaded 2 times (x 80B)
Class com.android.ide.common.gradle.Separator                                         : loaded 2 times (x 79B)
Class net.rubygrapefruit.platform.NativeException                                     : loaded 2 times (x 82B)
Class com.google.common.collect.AbstractIterator$State                                : loaded 2 times (x 79B)
Class com.google.common.reflect.Types$JavaVersion$1                                   : loaded 2 times (x 83B)
Class [Lorg.jetbrains.kotlin.config.ExplicitApiMode;                                  : loaded 2 times (x 69B)
Class com.google.common.collect.ImmutableMultimap$2                                   : loaded 2 times (x 81B)
Class com.android.ide.common.repository.AgpVersion$Companion$WhenMappings             : loaded 2 times (x 71B)
Class com.google.common.collect.RegularImmutableBiMap                                 : loaded 2 times (x 149B)
Class com.google.common.collect.AbstractMapBasedMultimap$KeySet$1                     : loaded 2 times (x 82B)
Class com.android.builder.model.v2.ide.AndroidGradlePluginProjectFlags$BooleanFlag    : loaded 2 times (x 79B)
Class com.google.common.cache.LocalCache$ValueReference                               : loaded 2 times (x 70B)
Class kotlin.ranges.RangesKt___RangesKt                                               : loaded 2 times (x 71B)
Class org.gradle.tooling.model.idea.IdeaLanguageLevel                                 : loaded 2 times (x 70B)
Class org.gradle.tooling.internal.adapter.ProtocolToModelAdapter$SafeMethodInvoker    : loaded 2 times (x 76B)
Class org.gradle.tooling.internal.adapter.WeakIdentityHashMap$WeakKey                 : loaded 2 times (x 79B)
Class org.gradle.internal.exceptions.DefaultMultiCauseException                       : loaded 2 times (x 95B)
Class org.jetbrains.org.objectweb.asm.tree.IntInsnNode                                : loaded 2 times (x 79B)
Class [Lnet.rubygrapefruit.platform.internal.FunctionResult$Failure;                  : loaded 2 times (x 69B)
Class jdk.internal.jimage.ImageBufferCache$1                                          : loaded 2 times (x 83B)
Class org.jetbrains.kotlin.descriptors.SourceElement$1                                : loaded 2 times (x 74B)
Class com.google.common.reflect.Types$JavaVersion$2                                   : loaded 2 times (x 83B)
Class com.google.common.reflect.Types                                                 : loaded 2 times (x 71B)
Class com.google.common.hash.PrimitiveSink                                            : loaded 2 times (x 70B)
Class com.android.builder.model.v2.ide.ProjectInfo                                    : loaded 2 times (x 70B)
Class org.jetbrains.kotlin.cli.common.arguments.CommonToolArguments                   : loaded 2 times (x 73B)
Class com.google.common.base.PatternCompiler                                          : loaded 2 times (x 70B)
Class com.google.common.util.concurrent.AbstractFuture$Failure                        : loaded 2 times (x 72B)
Class com.google.common.base.Equivalence$Equals                                       : loaded 2 times (x 82B)
Class com.google.common.collect.Hashing                                               : loaded 2 times (x 71B)
Class org.gradle.internal.InternalTransformer                                         : loaded 2 times (x 70B)
Class kotlin.text.CharsKt__CharKt                                                     : loaded 2 times (x 71B)
Class kotlin.collections.ArrayDeque$Companion                                         : loaded 2 times (x 71B)
Class kotlin.collections.ArraysKt                                                     : loaded 2 times (x 71B)
Class org.gradle.tooling.model.HierarchicalElement                                    : loaded 2 times (x 70B)
Class org.gradle.tooling.internal.adapter.ProtocolToModelAdapter                      : loaded 2 times (x 80B)
Class org.jetbrains.kotlin.metadata.jvm.deserialization.JvmMemberSignature$Method     : loaded 2 times (x 75B)
Class org.jetbrains.org.objectweb.asm.ClassTooLargeException                          : loaded 2 times (x 83B)
Class net.rubygrapefruit.platform.NativeIntegration                                   : loaded 2 times (x 70B)
Class net.rubygrapefruit.platform.Native                                              : loaded 2 times (x 71B)
Class com.google.common.collect.ExplicitOrdering                                      : loaded 2 times (x 115B)
Class com.google.common.util.concurrent.UncheckedExecutionException                   : loaded 2 times (x 82B)
Class org.gradle.api.internal.classpath.ManifestUtil                                  : loaded 2 times (x 71B)
Class org.gradle.tooling.internal.adapter.ProtocolToModelAdapter$InvocationHandlerImpl: loaded 2 times (x 77B)
Class com.google.common.collect.ImmutableSetMultimap                                  : loaded 2 times (x 180B)
Class [Lorg.apache.commons.io.file.DeleteOption;                                      : loaded 2 times (x 69B)
Class com.google.common.io.CharSink                                                   : loaded 2 times (x 79B)
Class com.google.common.reflect.Types$JavaVersion$3                                   : loaded 2 times (x 83B)
Class com.android.builder.model.v2.dsl.DependenciesInfo                               : loaded 2 times (x 70B)
Class com.android.builder.model.v2.ide.LibraryType                                    : loaded 2 times (x 79B)
Class org.objectweb.asm.Label                                                         : loaded 2 times (x 73B)
Class org.objectweb.asm.CurrentFrame                                                  : loaded 2 times (x 73B)
Class org.objectweb.asm.ClassTooLargeException                                        : loaded 2 times (x 83B)
Class [Lcom.android.builder.model.v2.ide.LibraryType;                                 : loaded 2 times (x 69B)
Class com.google.gson.stream.JsonReader                                               : loaded 2 times (x 97B)
Class com.google.common.io.ByteSink$AsCharSink                                        : loaded 2 times (x 80B)
Class com.google.common.collect.ByFunctionOrdering                                    : loaded 2 times (x 115B)
Class kotlin.collections.SetsKt__SetsKt                                               : loaded 2 times (x 71B)
Class kotlin.coroutines.EmptyCoroutineContext                                         : loaded 2 times (x 77B)
Class org.gradle.internal.time.Time                                                   : loaded 2 times (x 71B)
Class ijJvmDebugger1_1k8xvb9ewhj9g1p8x0hni0i5$_run_closure1$_closure2                 : loaded 2 times (x 140B)
Class org.jetbrains.kotlin.load.kotlin.KotlinJvmBinaryClass                           : loaded 2 times (x 70B)
Class org.jetbrains.org.objectweb.asm.tree.MethodNode                                 : loaded 2 times (x 109B)
Class org.gradle.tooling.model.build.GradleEnvironment                                : loaded 2 times (x 70B)
Class org.jetbrains.org.objectweb.asm.tree.MethodInsnNode                             : loaded 2 times (x 80B)
Class com.google.common.util.concurrent.ExecutionError                                : loaded 2 times (x 82B)
Class com.google.common.collect.ImmutableEnumSet                                      : loaded 2 times (x 146B)
Class net.rubygrapefruit.platform.internal.Platform$Linux32Bit                        : loaded 2 times (x 83B)
Class com.google.common.io.ByteSource$AsCharSource                                    : loaded 2 times (x 86B)
Class org.jetbrains.kotlin.cli.common.messages.MessageCollector$Companion$NONE$1      : loaded 2 times (x 76B)
Class org.jetbrains.org.objectweb.asm.RecordComponentWriter                           : loaded 2 times (x 78B)
Class com.google.common.collect.MapMakerInternalMap$InternalEntryHelper               : loaded 2 times (x 70B)
Class jdk.internal.jrtfs.JrtDirectoryStream$1                                         : loaded 2 times (x 83B)
Class com.google.common.collect.Table                                                 : loaded 2 times (x 70B)
Class com.google.common.reflect.Types$JavaVersion$4                                   : loaded 2 times (x 83B)
Class com.android.builder.model.v2.models.ProjectGraph                                : loaded 2 times (x 70B)
Class com.google.common.collect.Maps$IteratorBasedAbstractMap                         : loaded 2 times (x 125B)
Class com.android.ide.common.gradle.Version$Companion$ParseState$NUMERIC              : loaded 2 times (x 74B)
Class jdk.internal.jimage.ImageLocation                                               : loaded 2 times (x 90B)
Class org.objectweb.asm.Frame                                                         : loaded 2 times (x 73B)
Class org.objectweb.asm.MethodVisitor                                                 : loaded 2 times (x 105B)
Class com.google.common.collect.MapMaker$Dummy                                        : loaded 2 times (x 79B)
Class com.google.common.reflect.Invokable                                             : loaded 2 times (x 103B)
Class com.google.common.cache.LocalCache$EntryFactory$1                               : loaded 2 times (x 83B)
Class [Lcom.google.common.cache.RemovalListener;                                      : loaded 2 times (x 69B)
Class com.android.ide.common.repository.AgpVersion$PreviewKind                        : loaded 2 times (x 79B)
Class kotlin.collections.ArraysKt__ArraysJVMKt                                        : loaded 2 times (x 71B)
Class com.android.builder.model.v2.models.VariantDependenciesAdjacencyList            : loaded 2 times (x 70B)
Class com.google.common.collect.AbstractMapBasedMultimap$WrappedCollection            : loaded 2 times (x 124B)
Class [Lcom.google.common.cache.RemovalCause;                                         : loaded 2 times (x 69B)
Class org.jetbrains.org.objectweb.asm.tree.Util                                       : loaded 2 times (x 71B)
Class org.objectweb.asm.FieldWriter                                                   : loaded 2 times (x 78B)
Class org.jetbrains.org.objectweb.asm.MethodWriter                                    : loaded 2 times (x 105B)
Class org.jetbrains.kotlin.metadata.jvm.deserialization.JvmMetadataVersion$Companion  : loaded 2 times (x 71B)
Class com.google.common.cache.CacheBuilder$NullListener                               : loaded 2 times (x 82B)
Class com.google.common.reflect.Types$JavaVersion$5                                   : loaded 2 times (x 71B)
Class [Lcom.google.common.reflect.Types$ClassOwnership;                               : loaded 2 times (x 69B)
Class com.google.common.cache.LocalCache$EntryFactory$2                               : loaded 2 times (x 83B)
Class kotlin.text.StringsKt__StringBuilderKt                                          : loaded 2 times (x 71B)
Class kotlin.jvm.internal.CallableReference$NoReceiver                                : loaded 2 times (x 71B)
Class org.gradle.api.internal.classpath.GlobalCacheRootsProvider                      : loaded 2 times (x 70B)
Class kotlin.text.Regex$Companion                                                     : loaded 2 times (x 71B)
Class org.gradle.tooling.internal.adapter.CollectionMapper                            : loaded 2 times (x 73B)
Class net.rubygrapefruit.platform.internal.Platform$FreeBSD                           : loaded 2 times (x 82B)
Class org.gradle.tooling.model.kotlin.dsl.KotlinDslScriptModel                        : loaded 2 times (x 70B)
Class kotlin.text.CharsKt                                                             : loaded 2 times (x 71B)
Class com.google.common.util.concurrent.AbstractFuture$Trusted                        : loaded 2 times (x 70B)
Class org.gradle.internal.classloader.ClassLoaderHierarchy                            : loaded 2 times (x 70B)
Class com.google.common.base.Optional                                                 : loaded 2 times (x 80B)
Class kotlin.collections.CollectionsKt__ReversedViewsKt                               : loaded 2 times (x 71B)
Class com.google.common.collect.CollectCollectors                                     : loaded 2 times (x 71B)
Class org.objectweb.asm.ModuleWriter                                                  : loaded 2 times (x 82B)
Class com.google.common.cache.LocalCache$EntryFactory$3                               : loaded 2 times (x 83B)
Class com.google.common.base.Ticker$1                                                 : loaded 2 times (x 72B)
Class com.google.common.collect.Maps$BiMapConverter                                   : loaded 2 times (x 90B)
Class com.google.common.collect.ImmutableMapEntrySet$RegularEntrySet                  : loaded 2 times (x 152B)
Class kotlin.NoWhenBranchMatchedException                                             : loaded 2 times (x 82B)
Class org.gradle.tooling.model.BuildIdentifier                                        : loaded 2 times (x 70B)
Class org.jetbrains.org.objectweb.asm.tree.InsnList                                   : loaded 2 times (x 103B)
Class kotlin.sequences.SequencesKt__SequenceBuilderKt                                 : loaded 2 times (x 71B)
Class kotlin.io.FilesKt__FileTreeWalkKt                                               : loaded 2 times (x 71B)
Class kotlin.jvm.internal.CollectionToArray                                           : loaded 2 times (x 71B)
Class net.rubygrapefruit.platform.internal.Platform$MacOs                             : loaded 2 times (x 82B)
Class net.rubygrapefruit.platform.internal.Platform$Window64Bit                       : loaded 2 times (x 79B)
Class org.jetbrains.org.objectweb.asm.tree.InsnNode                                   : loaded 2 times (x 78B)
Class org.jetbrains.org.objectweb.asm.RecordComponentVisitor                          : loaded 2 times (x 77B)
Class com.google.common.collect.CollectSpliterators$1                                 : loaded 2 times (x 90B)
Class com.google.common.collect.SetMultimap                                           : loaded 2 times (x 70B)
Class com.android.builder.model.v2.ide.VectorDrawablesOptions                         : loaded 2 times (x 70B)
Class org.jetbrains.kotlin.cli.common.messages.MessageCollector$Companion             : loaded 2 times (x 71B)
Class com.google.common.cache.LocalCache$EntryFactory$4                               : loaded 2 times (x 83B)
Class com.google.common.collect.ImmutableSet$Builder                                  : loaded 2 times (x 85B)
Class kotlin.sequences.FilteringSequence$iterator$1                                   : loaded 2 times (x 79B)
Class org.gradle.internal.classpath.TransformedClassPath                              : loaded 2 times (x 96B)
Class org.gradle.internal.classloader.InstrumentingClassLoader                        : loaded 2 times (x 70B)
Class jdk.internal.jrtfs.SystemImage$1                                                : loaded 2 times (x 78B)
Class com.google.common.collect.Maps$IteratorBasedAbstractMap$1                       : loaded 2 times (x 138B)
Class org.jetbrains.org.objectweb.asm.MethodTooLargeException                         : loaded 2 times (x 83B)
Class org.jetbrains.org.objectweb.asm.Context                                         : loaded 2 times (x 72B)
Class com.google.common.io.ByteStreams$1                                              : loaded 2 times (x 85B)
Class com.android.builder.model.v2.ide.Edge                                           : loaded 2 times (x 70B)
Class com.android.builder.model.v2.models.VariantDependenciesFlatList                 : loaded 2 times (x 70B)
Class com.google.common.cache.LocalCache$EntryFactory$5                               : loaded 2 times (x 83B)
Class com.google.common.collect.ReverseOrdering                                       : loaded 2 times (x 115B)
Class org.gradle.tooling.model.build.JavaEnvironment                                  : loaded 2 times (x 70B)
Class com.google.common.io.FileWriteMode                                              : loaded 2 times (x 79B)
Class kotlin.reflect.KCallable                                                        : loaded 2 times (x 70B)
Class kotlin.io.FilesKt__FilePathComponentsKt                                         : loaded 2 times (x 71B)
Class kotlin.io.TerminateException                                                    : loaded 2 times (x 82B)
Class [Lcom.google.common.base.AbstractIterator$State;                                : loaded 2 times (x 69B)
Class [Lcom.google.common.collect.MapMakerInternalMap$Segment;                        : loaded 2 times (x 69B)
Class com.google.common.util.concurrent.AbstractFuture$UnsafeAtomicHelper$1           : loaded 2 times (x 76B)
Class org.jetbrains.org.objectweb.asm.CurrentFrame                                    : loaded 2 times (x 73B)
Class org.jetbrains.kotlin.config.JVMAssertionsMode$Companion                         : loaded 2 times (x 71B)
Class com.android.builder.model.v2.ide.SourceSetContainer                             : loaded 2 times (x 70B)
Class org.apache.commons.io.output.AppendableWriter                                   : loaded 2 times (x 100B)
Class com.google.common.cache.LocalCache$EntryFactory$6                               : loaded 2 times (x 83B)
Class org.gradle.internal.time.Timer                                                  : loaded 2 times (x 70B)
Class kotlin.jvm.internal.markers.KMappedMarker                                       : loaded 2 times (x 70B)
Class org.gradle.internal.installation.CurrentGradleInstallationLocator               : loaded 2 times (x 71B)
Class com.android.builder.model.v2.ide.CodeShrinker                                   : loaded 2 times (x 79B)
Class [Lorg.jetbrains.org.objectweb.asm.SymbolTable$Entry;                            : loaded 2 times (x 69B)
Class org.jetbrains.kotlin.resolve.jvm.JvmClassName                                   : loaded 2 times (x 76B)
Class org.apache.commons.io.filefilter.AbstractFileFilter                             : loaded 2 times (x 121B)
Class kotlin.collections.CollectionsKt__MutableCollectionsKt                          : loaded 2 times (x 71B)
Class com.google.common.cache.LocalCache$ValueIterator                                : loaded 2 times (x 86B)
Class com.google.common.io.ByteSource$SlicedByteSource                                : loaded 2 times (x 85B)
Class org.jetbrains.org.objectweb.asm.tree.LdcInsnNode                                : loaded 2 times (x 78B)
Class org.apache.commons.io.file.SimplePathVisitor                                    : loaded 2 times (x 85B)
Class com.google.common.collect.ImmutableMultimap$Builder                             : loaded 2 times (x 86B)
Class com.android.builder.model.v2.ide.LintOptions                                    : loaded 2 times (x 70B)
Class org.apache.commons.io.output.ThresholdingOutputStream                           : loaded 2 times (x 95B)
Class com.google.common.collect.Maps$KeySet                                           : loaded 2 times (x 137B)
Class com.google.common.cache.LocalCache$EntryFactory$7                               : loaded 2 times (x 83B)
Class com.google.common.collect.ImmutableSet$EmptySetBuilderImpl                      : loaded 2 times (x 76B)
Class com.google.common.cache.LocalCache$2                                            : loaded 2 times (x 142B)
Class org.gradle.tooling.internal.adapter.ProtocolToModelAdapter$ViewGraphDetails     : loaded 2 times (x 72B)
Class org.gradle.tooling.model.idea.IdeaProject                                       : loaded 2 times (x 70B)
Class org.gradle.tooling.model.DomainObjectSet                                        : loaded 2 times (x 70B)
Class org.gradle.internal.service.DefaultServiceLocator                               : loaded 2 times (x 83B)
Class com.google.common.collect.AbstractMultimap                                      : loaded 2 times (x 123B)
Class com.google.common.collect.Sets$ImprovedAbstractSet                              : loaded 2 times (x 135B)
Class com.android.builder.model.v2.ide.BytecodeTransformation                         : loaded 2 times (x 79B)
Class com.google.common.reflect.TypeToken$SimpleTypeToken                             : loaded 2 times (x 73B)
Class com.google.common.collect.MapMakerInternalMap$AbstractStrongKeyEntry            : loaded 2 times (x 80B)
Class org.jetbrains.kotlin.load.kotlin.FileBasedKotlinClass$OuterAndInnerName         : loaded 2 times (x 72B)
Class org.jetbrains.org.objectweb.asm.TypeReference                                   : loaded 2 times (x 80B)
Class net.rubygrapefruit.platform.internal.Platform$FreeBSD64Bit                      : loaded 2 times (x 82B)
Class jdk.internal.jimage.BasicImageReader                                            : loaded 2 times (x 95B)
Class org.apache.commons.io.function.IOSupplier                                       : loaded 2 times (x 70B)
Class com.google.common.io.ByteSource$ByteArrayByteSource                             : loaded 2 times (x 85B)
Class com.google.common.reflect.Types$ParameterizedTypeImpl                           : loaded 2 times (x 81B)
Class jdk.internal.jrtfs.JrtDirectoryStream                                           : loaded 2 times (x 89B)
Class org.jetbrains.org.objectweb.asm.SymbolTable                                     : loaded 2 times (x 72B)
Class org.jetbrains.org.objectweb.asm.tree.UnsupportedClassVersionException           : loaded 2 times (x 82B)
Class com.google.common.cache.LocalCache$SoftValueReference                           : loaded 2 times (x 97B)
Class com.google.common.collect.Maps$EntrySet                                         : loaded 2 times (x 136B)
Class com.google.common.collect.ImmutableMultimap$EntryCollection                     : loaded 2 times (x 128B)
Class com.android.builder.model.v2.ide.BasicArtifact                                  : loaded 2 times (x 70B)
Class org.jetbrains.kotlin.util.capitalizeDecapitalize.CapitalizeDecapitalizeKt       : loaded 2 times (x 71B)
Class com.google.common.cache.LocalCache$EntryFactory$8                               : loaded 2 times (x 83B)
Class com.google.common.collect.ImmutableListMultimap                                 : loaded 2 times (x 176B)
Class com.google.common.collect.ComparisonChain$InactiveComparisonChain               : loaded 2 times (x 80B)
Class kotlin.coroutines.jvm.internal.SuspendFunction                                  : loaded 2 times (x 70B)
Class org.gradle.util.GradleVersion                                                   : loaded 2 times (x 79B)
Class org.gradle.internal.installation.CurrentGradleInstallation                      : loaded 2 times (x 73B)
Class org.apache.commons.io.output.UnsynchronizedByteArrayOutputStream                : loaded 2 times (x 102B)
Class com.google.common.cache.CacheLoader$FunctionToCacheLoader                       : loaded 2 times (x 75B)
Class org.gradle.tooling.model.UnsupportedMethodException                             : loaded 2 times (x 82B)
Class org.gradle.tooling.internal.adapter.ProtocolToModelAdapter$SupportedPropertyInvoker: loaded 2 times (x 76B)
Class kotlin.Pair                                                                     : loaded 2 times (x 72B)
Class kotlin.sequences.TransformingSequence$iterator$1                                : loaded 2 times (x 79B)
Class ijKotlinCoroutineJvmDebugInit1_5kht3hc33e8n22af9yo7nrv63                        : loaded 2 times (x 179B)
Class com.google.common.collect.AbstractMapEntry                                      : loaded 2 times (x 81B)
Class com.google.common.collect.Iterators$SingletonIterator                           : loaded 2 times (x 81B)
Class org.jetbrains.org.objectweb.asm.ModuleWriter                                    : loaded 2 times (x 81B)
Class com.google.common.cache.CacheLoader$1                                           : loaded 2 times (x 75B)
Class com.google.common.cache.LocalCache$1                                            : loaded 2 times (x 89B)
Class com.google.common.collect.SingletonImmutableBiMap                               : loaded 2 times (x 143B)
Class kotlin.jvm.internal.Ref$BooleanRef                                              : loaded 2 times (x 71B)
Class kotlin.jvm.internal.StringCompanionObject                                       : loaded 2 times (x 71B)
Class kotlin.coroutines.intrinsics.IntrinsicsKt__IntrinsicsJvmKt                      : loaded 2 times (x 71B)
Class kotlin.coroutines.jvm.internal.CoroutineStackFrame                              : loaded 2 times (x 70B)
Class org.gradle.tooling.internal.adapter.ProtocolToModelAdapter$MethodInvocationCache$MethodInvocationKey: loaded 2 times (x 73B)
Class org.gradle.util.internal.GUtil                                                  : loaded 2 times (x 71B)
Class com.google.common.base.Ascii                                                    : loaded 2 times (x 71B)
Class com.google.common.collect.HashBiMap$BiEntry                                     : loaded 2 times (x 83B)
Class org.apache.commons.io.FileExistsException                                       : loaded 2 times (x 82B)
Class org.gradle.internal.classloader.FilteringClassLoader                            : loaded 2 times (x 105B)
Class kotlin.NotImplementedError                                                      : loaded 2 times (x 82B)
Class kotlin.sequences.FlatteningSequence                                             : loaded 2 times (x 75B)
Class jdk.internal.jrtfs.JrtFileSystemProvider                                        : loaded 2 times (x 101B)
Class kotlin.text.MatcherMatchResult                                                  : loaded 2 times (x 80B)
Class kotlin.text.MatchGroupCollection                                                : loaded 2 times (x 70B)
Class kotlin.text.StringsKt__StringsKt                                                : loaded 2 times (x 71B)
Class [Lorg.jetbrains.org.objectweb.asm.Label;                                        : loaded 2 times (x 69B)
Class com.google.common.io.ByteSource                                                 : loaded 2 times (x 84B)
Class com.android.utils.StringHelper                                                  : loaded 2 times (x 71B)
Class com.google.common.util.concurrent.AbstractFuture$SetFuture                      : loaded 2 times (x 75B)
Class com.google.common.cache.AbstractCache$StatsCounter                              : loaded 2 times (x 70B)
Class kotlin.io.NoSuchFileException                                                   : loaded 2 times (x 82B)
Class kotlin.collections.CollectionsKt                                                : loaded 2 times (x 71B)
Class kotlin.jvm.internal.FunctionReference                                           : loaded 2 times (x 122B)
Class [Lkotlin.coroutines.intrinsics.CoroutineSingletons;                             : loaded 2 times (x 69B)
Class kotlin.jvm.internal.FunctionBase                                                : loaded 2 times (x 70B)
Class com.google.common.collect.RegularImmutableMap$KeySet                            : loaded 2 times (x 152B)
Class com.google.common.io.LineBuffer                                                 : loaded 2 times (x 75B)
Class com.google.common.collect.MapMakerInternalMap$1                                 : loaded 2 times (x 83B)
Class com.google.common.reflect.Types$TypeVariableImpl                                : loaded 2 times (x 72B)
Class com.android.builder.model.v2.dsl.BuildType                                      : loaded 2 times (x 70B)
Class kotlin.enums.EnumEntriesList                                                    : loaded 2 times (x 223B)
Class org.gradle.internal.service.ServiceLocator                                      : loaded 2 times (x 70B)
Class kotlin.ranges.IntProgressionIterator                                            : loaded 2 times (x 82B)
Class kotlin.coroutines.CoroutineContext                                              : loaded 2 times (x 70B)
Class kotlin.coroutines.jvm.internal.DebugProbesKt                                    : loaded 2 times (x 71B)
Class org.gradle.tooling.internal.adapter.WeakIdentityHashMap                         : loaded 2 times (x 76B)
Class org.gradle.tooling.GradleConnectionException                                    : loaded 2 times (x 83B)
Class org.gradle.tooling.internal.adapter.ProtocolToModelAdapter$1                    : loaded 2 times (x 75B)
Class org.gradle.tooling.internal.adapter.ProtocolToModelAdapter$ViewDecoration       : loaded 2 times (x 70B)
Class org.gradle.internal.installation.GradleInstallation                             : loaded 2 times (x 75B)
Class kotlin.Result                                                                   : loaded 2 times (x 72B)
Class [Lorg.objectweb.asm.Type;                                                       : loaded 2 times (x 69B)
Class com.google.common.collect.Platform                                              : loaded 2 times (x 71B)
Class com.google.common.base.Equivalence$Identity                                     : loaded 2 times (x 82B)
Class com.google.common.base.PairwiseEquivalence                                      : loaded 2 times (x 83B)
Class com.android.builder.model.v2.ide.TestInfo$Execution                             : loaded 2 times (x 79B)
Class com.android.builder.model.v2.ide.ViewBindingOptions                             : loaded 2 times (x 70B)
Class jdk.internal.jimage.decompressor.ResourceDecompressor$StringsProvider           : loaded 2 times (x 70B)
Class com.google.common.base.Splitter$Strategy                                        : loaded 2 times (x 70B)
Class org.jetbrains.kotlin.config.LanguageFeature$State                               : loaded 2 times (x 82B)
Class com.google.common.collect.Iterables                                             : loaded 2 times (x 71B)
Class com.google.common.collect.ForwardingCollection                                  : loaded 2 times (x 130B)
Class com.google.common.collect.LexicographicalOrdering                               : loaded 2 times (x 115B)
Class org.gradle.tooling.internal.adapter.MethodInvoker                               : loaded 2 times (x 70B)
Class com.google.common.io.LineReader                                                 : loaded 2 times (x 72B)
Class org.jetbrains.kotlin.config.LanguageOrApiVersion                                : loaded 2 times (x 70B)
Class org.jetbrains.org.objectweb.asm.tree.LabelNode                                  : loaded 2 times (x 80B)
Class kotlin.collections.CollectionsKt__IteratorsJVMKt                                : loaded 2 times (x 71B)
Class kotlin.comparisons.ComparisonsKt___ComparisonsJvmKt                             : loaded 2 times (x 71B)
Class org.jetbrains.kotlin.descriptors.SourceElement                                  : loaded 2 times (x 70B)
Class com.google.common.base.MoreObjects                                              : loaded 2 times (x 71B)
Class org.apache.commons.io.output.ByteArrayOutputStream                              : loaded 2 times (x 102B)
Class com.google.common.collect.BaseImmutableMultimap                                 : loaded 2 times (x 123B)
Class com.google.common.collect.EmptyImmutableListMultimap                            : loaded 2 times (x 176B)
Class org.jetbrains.kotlin.config.LanguageFeature                                     : loaded 2 times (x 80B)
Class com.google.common.reflect.TypeResolver$TypeVariableKey                          : loaded 2 times (x 72B)
Class jdk.internal.jrtfs.SystemImage$2                                                : loaded 2 times (x 76B)
Class com.android.ide.common.gradle.Part                                              : loaded 2 times (x 77B)
Class com.google.common.base.Platform                                                 : loaded 2 times (x 71B)
Class kotlin.ranges.IntProgression                                                    : loaded 2 times (x 81B)
Class kotlin.jvm.KotlinReflectionNotSupportedError                                    : loaded 2 times (x 82B)
Class org.gradle.tooling.model.gradle.GradleScript                                    : loaded 2 times (x 70B)

---------------  S Y S T E M  ---------------

OS:
 Windows 11 , 64 bit Build 26100 (10.0.26100.8521)
OS uptime: 10 days 17:54 hours
Hyper-V role detected

CPU: total 32 (initial active 32) (32 cores per cpu, 2 threads per core) family 26 model 68 stepping 0 microcode 0xb40401a, cx8, cmov, fxsr, ht, mmx, 3dnowpref, sse, sse2, sse3, ssse3, sse4a, sse4.1, sse4.2, popcnt, lzcnt, tsc, tscinvbit, avx, avx2, aes, erms, clmul, bmi1, bmi2, adx, avx512f, avx512dq, avx512cd, avx512bw, avx512vl, sha, fma, vzeroupper, avx512_vpopcntdq, avx512_vpclmulqdq, avx512_vaes, avx512_vnni, clflush, clflushopt, avx512_vbmi2, avx512_vbmi, hv, rdtscp, rdpid, fsrm, gfni, avx512_bitalg, f16c, cet_ss, avx512_ifma
Processor Information for the first 32 processors :
  Max Mhz: 4300, Current Mhz: 4300, Mhz Limit: 4300

Memory: 4k page, system-wide physical 63121M (34454M free)
TotalPageFile size 67089M (AvailPageFile size 38267M)
current process WorkingSet (physical memory assigned to process): 2091M, peak: 2529M
current process commit charge ("private bytes"): 2151M, peak: 2816M

vm_info: OpenJDK 64-Bit Server VM (21.0.8+-14196175-b1038.72) for windows-amd64 JRE (21.0.8+-14196175-b1038.72), built on 2025-10-01T10:24:33Z by "builder" with MS VC++ 16.10 / 16.11 (VS2019)

END.
